op name, kernel name, queue duration (ms), submit duration (ms), exec duration (ms), global size, local size, output size
attn_norm-0,kernel_rms_norm_mul,3.287000,0.255000,0.008300,2048x1x1,1024x1x1,2048x2x1x1
q-0,kernel_transpose_32_16,1.369000,0.263900,0.005500,512x2x0,1x16x0,3072x2x1x1
q-0,kernel_gemm_noshuffle_q4_0_f32,0.087000,0.270000,0.334300,1x768x1,1x128x1,3072x2x1x1
q_pe-0,kernel_rope_norm_f32,0.069000,0.604800,0.003300,1024x2x1,64x1x1,64x16x2x1
Qcur-0,kernel_concat_f32,0.056000,0.608600,0.003400,1024x2x1,64x1x1,192x16x2x1
kv_cmpr_pe-0,kernel_transpose_32_16,0.042000,0.612500,0.004800,512x2x0,1x16x0,576x2x1x1
kv_cmpr_pe-0,kernel_gemm_noshuffle_q4_0_f32,0.037000,0.617900,0.317300,1x144x1,1x128x1,576x2x1x1
kv_cmpr-0,kernel_rms_norm_mul,0.022000,0.935700,0.003700,1024x1x1,512x1x1,512x2x1x1
kv-0,kernel_transpose_32_16,1794.360962,0.412300,0.005000,128x2x0,1x16x0,4096x2x1x1
kv-0,kernel_gemm_noshuffle_q4_0_f32,1794.336060,0.417900,0.087000,1x1024x1,1x128x1,4096x2x1x1
Vcur_cont-0,kernel_cpy_f32_f32,1794.322998,0.505400,0.003800,1024x2x1,64x1x1,128x16x2x1
k_pe-0,kernel_rope_norm_f32,1794.308960,0.509700,0.003400,64x2x1,64x1x1,64x1x2x1
node_18,kernel_repeat_f32,1794.300049,0.513700,0.002700,1024x2x1,64x1x1,64x16x2x1
Kcur-0,kernel_concat_f32,1794.289062,0.516900,0.003400,1024x2x1,64x1x1,192x16x2x1
cache_k_l0 (view),kernel_set_rows_f16_i64,1794.276978,0.520800,0.004200,2048x1x1,1024x1x1,3072x4096x1x1
cache_v_l0 (view),kernel_set_rows_f16_i64,1794.266968,0.525500,0.003500,2048x1x1,1024x1x1,2048x4096x1x1
node_30,flash_attn_blk_f16,6.228400,0.514900,0.005500,16x1x1,0x0x0,128x16x2x1
node_30,flash_attn_f32_f16,6.172400,0.521000,0.112300,16x16x0,16x1x0,128x16x2x1
node_32,kernel_transpose_32_16,6.148400,0.633800,0.004800,512x2x0,1x16x0,2048x2x1x1
node_32,kernel_gemm_noshuffle_q4_0_f32,6.138400,0.639200,0.343200,1x512x1,1x128x1,2048x2x1x1
ffn_inp-0,kernel_add,6.116400,0.983000,0.013400,128x1x1,64x1x1,2048x2x1x1
ffn_norm-0,kernel_rms_norm_mul,6.103400,0.996900,0.005400,2048x1x1,1024x1x1,2048x2x1x1
ffn_gate-0,kernel_transpose_32_16,6.095400,1.002900,0.004800,512x2x0,1x16x0,10944x2x1x1
ffn_gate-0,kernel_gemm_noshuffle_q4_0_f32,6.088400,1.008200,0.353500,1x2736x1,1x128x1,10944x2x1x1
ffn_up-0,kernel_transpose_32_16,6.088400,1.354600,0.005400,512x2x0,1x16x0,10944x2x1x1
ffn_up-0,kernel_gemm_noshuffle_q4_0_f32,6.079400,1.360500,0.348500,1x2736x1,1x128x1,10944x2x1x1
ffn_swiglu-0,kernel_swiglu,6.069400,1.709500,0.010500,1024x1x1,512x1x1,10944x2x1x1
ffn_out-0,kernel_transpose_32_16,6.060400,1.720500,0.016300,2736x2x0,1x16x0,2048x2x1x1
ffn_out-0,kernel_gemm_noshuffle_q4_0_f32,6.053400,1.737300,1.795300,1x512x1,1x128x1,2048x2x1x1
l_out-0,kernel_add,6.040400,3.533100,0.013800,128x1x1,64x1x1,2048x2x1x1
attn_norm-1,kernel_rms_norm_mul,6.030400,3.547500,0.005500,2048x1x1,1024x1x1,2048x2x1x1
q-1,kernel_transpose_32_16,6.023400,3.553500,0.005400,512x2x0,1x16x0,3072x2x1x1
q-1,kernel_gemm_noshuffle_q4_0_f32,6.030400,3.550300,0.334300,1x768x1,1x128x1,3072x2x1x1
q_pe-1,kernel_rope_norm_f32,6.010400,3.885200,0.003200,1024x2x1,64x1x1,64x16x2x1
Qcur-1,kernel_concat_f32,5.998400,3.889000,0.003200,1024x2x1,64x1x1,192x16x2x1
kv_cmpr_pe-1,kernel_transpose_32_16,5.988400,3.892800,0.005000,512x2x0,1x16x0,576x2x1x1
kv_cmpr_pe-1,kernel_gemm_noshuffle_q4_0_f32,5.983400,3.898400,0.321400,1x144x1,1x128x1,576x2x1x1
kv_cmpr-1,kernel_rms_norm_mul,5.969400,4.220400,0.004000,1024x1x1,512x1x1,512x2x1x1
kv-1,kernel_transpose_32_16,5.960400,4.225000,0.002800,128x2x0,1x16x0,4096x2x1x1
kv-1,kernel_gemm_noshuffle_q4_0_f32,5.955400,4.228300,0.087000,1x1024x1,1x128x1,4096x2x1x1
Vcur_cont-1,kernel_cpy_f32_f32,5.952600,4.309100,0.002800,1024x2x1,64x1x1,128x16x2x1
k_pe-1,kernel_rope_norm_f32,5.933600,4.312500,0.002500,64x2x1,64x1x1,64x1x2x1
node_58,kernel_repeat_f32,5.924600,4.315500,0.002500,1024x2x1,64x1x1,64x16x2x1
Kcur-1,kernel_concat_f32,5.912600,4.318500,0.002800,1024x2x1,64x1x1,192x16x2x1
cache_k_l1 (view),kernel_set_rows_f16_i64,5.899600,4.321800,0.004300,2048x1x1,1024x1x1,3072x4096x1x1
cache_v_l1 (view),kernel_set_rows_f16_i64,5.889600,4.326700,0.003300,2048x1x1,1024x1x1,2048x4096x1x1
node_70,flash_attn_blk_f16,5.871600,4.330600,0.005000,16x1x1,0x0x0,128x16x2x1
node_70,flash_attn_f32_f16,5.853600,4.336100,0.111400,16x16x0,16x1x0,128x16x2x1
node_72,kernel_transpose_32_16,5.852000,4.441700,0.005200,512x2x0,1x16x0,2048x2x1x1
node_72,kernel_gemm_noshuffle_q4_0_f32,5.843000,4.447500,0.326900,1x512x1,1x128x1,2048x2x1x1
ffn_inp-1,kernel_add,5.828000,4.775000,0.013500,128x1x1,64x1x1,2048x2x1x1
ffn_norm-1,kernel_rms_norm_mul,5.817000,4.789100,0.005500,2048x1x1,1024x1x1,2048x2x1x1
ffn_moe_logits-1,kernel_mul_mm_f32_f32_l4_lm,5.807000,4.795100,0.470800,128x1x1,128x1x1,64x2x1x1
ffn_moe_probs-1,kernel_soft_max_4,5.795000,5.266500,0.004100,128x1x1,64x1x1,64x2x1x1
ffn_moe_argsort-1,kernel_argsort_f32_i32,5.785000,5.271100,0.012000,64x2x1,64x1x1,64x2x1x1
ffn_moe_weights-1,kernel_get_rows_f32,5.775000,5.283700,0.003000,6x2x1,1x1x1,1x6x2x1
ffn_moe_topk-1,kernel_moe_histogram,5.738000,5.277900,0.003100,64x6x1,64x1x1,6x2x1x1
ffn_moe_topk-1,kernel_moe_scan,0.047200,0.040500,0.013600,1x0x0,1x0x0,6x2x1x1
ffn_moe_topk-1,kernel_moe_fill,0.028200,0.054700,0.002100,64x32x1,64x1x1,6x2x1x1
ffn_moe_topk-1,kernel_moe_scatter,0.019200,0.057300,0.002500,64x6x1,64x1x1,6x2x1x1
ffn_moe_gate-1,kernel_moe_reorder_b,0.132000,0.039300,0.071900,512x2048x1,256x1x1,1408x6x2x1
ffn_moe_gate-1,kernel_gemm_moe_q4_0_f32_ns,0.114000,0.111700,0.807500,64x22x64,64x1x1,1408x6x2x1
ffn_moe_up-1,kernel_moe_reorder_b,0.099000,0.919700,0.070100,512x2048x1,256x1x1,1408x6x2x1
ffn_moe_up-1,kernel_gemm_moe_q4_0_f32_ns,0.088000,0.990400,0.808700,64x22x64,64x1x1,1408x6x2x1
ffn_moe_swiglu-1,kernel_swiglu,0.078000,1.799600,0.003800,6144x1x1,512x1x1,1408x6x2x1
ffn_moe_down-1,kernel_moe_reorder_b,0.060000,1.804000,0.047500,512x2048x1,256x1x1,2048x6x2x1
ffn_moe_down-1,kernel_gemm_moe_q4_0_f32_ns,0.049000,1.852000,0.721400,64x32x64,64x1x1,2048x6x2x1
ffn_moe_out-1,kernel_moe_combine_f32,0.139800,2.456700,0.004700,512x2x0,64x1x0,2048x2x1x1
ffn_gate-1,kernel_transpose_32_16,0.112800,2.461900,0.005000,512x2x0,1x16x0,2816x2x1x1
ffn_gate-1,kernel_gemm_noshuffle_q4_0_f32,0.105800,2.467500,0.328600,1x704x1,1x128x1,2816x2x1x1
ffn_up-1,kernel_transpose_32_16,0.094800,2.796700,0.004800,512x2x0,1x16x0,2816x2x1x1
ffn_up-1,kernel_gemm_noshuffle_q4_0_f32,0.065800,2.802000,0.327200,1x704x1,1x128x1,2816x2x1x1
ffn_swiglu-1,kernel_swiglu,0.050800,3.129700,0.004400,1024x1x1,512x1x1,2816x2x1x1
ffn_shexp-1,kernel_transpose_32_16,0.034800,3.134600,0.006100,704x2x0,1x16x0,2048x2x1x1
ffn_shexp-1,kernel_gemm_noshuffle_q4_0_f32,0.027800,3.141200,0.465900,1x512x1,1x128x1,2048x2x1x1
ffn_out-1,kernel_add,0.167800,3.456900,0.011400,128x1x1,64x1x1,2048x2x1x1
l_out-1,kernel_add,0.133800,3.468900,0.013100,128x1x1,64x1x1,2048x2x1x1
attn_norm-2,kernel_rms_norm_mul,0.106800,3.482600,0.005400,2048x1x1,1024x1x1,2048x2x1x1
q-2,kernel_transpose_32_16,0.096800,3.488500,0.004800,512x2x0,1x16x0,3072x2x1x1
q-2,kernel_gemm_noshuffle_q4_0_f32,0.085800,3.493900,0.336600,1x768x1,1x128x1,3072x2x1x1
q_pe-2,kernel_rope_norm_f32,0.070800,3.831000,0.003200,1024x2x1,64x1x1,64x16x2x1
Qcur-2,kernel_concat_f32,0.059800,3.834700,0.003000,1024x2x1,64x1x1,192x16x2x1
kv_cmpr_pe-2,kernel_transpose_32_16,0.038800,3.838200,0.004900,512x2x0,1x16x0,576x2x1x1
kv_cmpr_pe-2,kernel_gemm_noshuffle_q4_0_f32,0.115400,3.747600,0.322900,1x144x1,1x128x1,576x2x1x1
kv_cmpr-2,kernel_rms_norm_mul,0.082400,4.071000,0.004000,1024x1x1,512x1x1,512x2x1x1
kv-2,kernel_transpose_32_16,0.071400,4.075500,0.003000,128x2x0,1x16x0,4096x2x1x1
kv-2,kernel_gemm_noshuffle_q4_0_f32,0.065400,4.079000,0.086700,1x1024x1,1x128x1,4096x2x1x1
Vcur_cont-2,kernel_cpy_f32_f32,0.053400,4.166200,0.003000,1024x2x1,64x1x1,128x16x2x1
k_pe-2,kernel_rope_norm_f32,0.041400,4.169700,0.002500,64x2x1,64x1x1,64x1x2x1
node_122,kernel_repeat_f32,0.032400,4.172800,0.002500,1024x2x1,64x1x1,64x16x2x1
Kcur-2,kernel_concat_f32,0.021400,4.175800,0.003000,1024x2x1,64x1x1,192x16x2x1
cache_k_l2 (view),kernel_set_rows_f16_i64,0.136200,4.059300,0.003900,2048x1x1,1024x1x1,3072x4096x1x1
cache_v_l2 (view),kernel_set_rows_f16_i64,0.109200,4.063700,0.003300,2048x1x1,1024x1x1,2048x4096x1x1
node_134,flash_attn_blk_f16,0.091200,4.067500,0.005200,16x1x1,0x0x0,128x16x2x1
node_134,flash_attn_f32_f16,0.073200,4.073200,0.110100,16x16x0,16x1x0,128x16x2x1
node_136,kernel_transpose_32_16,0.050200,4.183800,0.004800,512x2x0,1x16x0,2048x2x1x1
node_136,kernel_gemm_noshuffle_q4_0_f32,0.044200,4.189200,0.329300,1x512x1,1x128x1,2048x2x1x1
ffn_inp-2,kernel_add,0.032200,4.519100,0.012900,128x1x1,64x1x1,2048x2x1x1
ffn_norm-2,kernel_rms_norm_mul,0.021200,4.532500,0.005600,2048x1x1,1024x1x1,2048x2x1x1
ffn_moe_logits-2,kernel_mul_mm_f32_f32_l4_lm,0.074600,4.480500,0.474800,128x1x1,128x1x1,64x2x1x1
ffn_moe_probs-2,kernel_soft_max_4,0.044600,4.955800,0.004200,128x1x1,64x1x1,64x2x1x1
ffn_moe_argsort-2,kernel_argsort_f32_i32,0.036600,4.960500,0.012100,64x2x1,64x1x1,64x2x1x1
ffn_moe_weights-2,kernel_get_rows_f32,0.026600,4.973100,0.003000,6x2x1,1x1x1,1x6x2x1
ffn_moe_topk-2,kernel_moe_histogram,0.017600,4.976600,0.002700,64x6x1,64x1x1,6x2x1x1
ffn_moe_topk-2,kernel_moe_scan,0.131800,0.230900,0.015700,1x0x0,1x0x0,6x2x1x1
ffn_moe_topk-2,kernel_moe_fill,0.076800,0.247100,0.002100,64x32x1,64x1x1,6x2x1x1
ffn_moe_topk-2,kernel_moe_scatter,0.056800,0.249700,0.002600,64x6x1,64x1x1,6x2x1x1
ffn_moe_gate-2,kernel_moe_reorder_b,0.242200,0.227200,0.073600,512x2048x1,256x1x1,1408x6x2x1
ffn_moe_gate-2,kernel_gemm_moe_q4_0_f32_ns,0.201200,0.301400,0.807100,64x22x64,64x1x1,1408x6x2x1
ffn_moe_up-2,kernel_moe_reorder_b,0.168200,1.109100,0.070600,512x2048x1,256x1x1,1408x6x2x1
ffn_moe_up-2,kernel_gemm_moe_q4_0_f32_ns,0.144200,1.180300,0.806600,64x22x64,64x1x1,1408x6x2x1
ffn_moe_swiglu-2,kernel_swiglu,0.120200,1.987500,0.004000,6144x1x1,512x1x1,1408x6x2x1
ffn_moe_down-2,kernel_moe_reorder_b,0.097200,1.992000,0.047000,512x2048x1,256x1x1,2048x6x2x1
ffn_moe_down-2,kernel_gemm_moe_q4_0_f32_ns,0.066200,2.039500,0.718400,64x32x64,64x1x1,2048x6x2x1
ffn_moe_out-2,kernel_moe_combine_f32,0.237200,2.559900,0.004400,512x2x0,64x1x0,2048x2x1x1
ffn_gate-2,kernel_transpose_32_16,0.171200,2.564800,0.005100,512x2x0,1x16x0,2816x2x1x1
ffn_gate-2,kernel_gemm_noshuffle_q4_0_f32,0.156200,2.570400,0.315700,1x704x1,1x128x1,2816x2x1x1
ffn_up-2,kernel_transpose_32_16,0.127200,2.886700,0.004800,512x2x0,1x16x0,2816x2x1x1
ffn_up-2,kernel_gemm_noshuffle_q4_0_f32,0.113200,2.892100,0.315100,1x704x1,1x128x1,2816x2x1x1
ffn_swiglu-2,kernel_swiglu,0.088200,3.207700,0.004200,1024x1x1,512x1x1,2816x2x1x1
ffn_shexp-2,kernel_transpose_32_16,0.064200,3.212400,0.006100,704x2x0,1x16x0,2048x2x1x1
ffn_shexp-2,kernel_gemm_noshuffle_q4_0_f32,0.052200,3.219000,0.448100,1x512x1,1x128x1,2048x2x1x1
ffn_out-2,kernel_add,0.276400,3.414100,0.011400,128x1x1,64x1x1,2048x2x1x1
l_out-2,kernel_add,0.214400,3.426000,0.013400,128x1x1,64x1x1,2048x2x1x1
attn_norm-3,kernel_rms_norm_mul,0.182400,3.440000,0.005300,2048x1x1,1024x1x1,2048x2x1x1
q-3,kernel_transpose_32_16,0.160400,3.445800,0.004700,512x2x0,1x16x0,3072x2x1x1
q-3,kernel_gemm_noshuffle_q4_0_f32,0.148400,3.451100,0.323600,1x768x1,1x128x1,3072x2x1x1
q_pe-3,kernel_rope_norm_f32,0.110400,3.775300,0.003000,1024x2x1,64x1x1,64x16x2x1
Qcur-3,kernel_concat_f32,0.083400,3.778800,0.003300,1024x2x1,64x1x1,192x16x2x1
kv_cmpr_pe-3,kernel_transpose_32_16,0.032400,3.782700,0.004800,512x2x0,1x16x0,576x2x1x1
kv_cmpr_pe-3,kernel_gemm_noshuffle_q4_0_f32,0.252600,3.560400,0.309600,1x144x1,1x128x1,576x2x1x1
kv_cmpr-3,kernel_rms_norm_mul,0.190600,3.870500,0.003900,1024x1x1,512x1x1,512x2x1x1
kv-3,kernel_transpose_32_16,0.164600,3.874900,0.003000,128x2x0,1x16x0,4096x2x1x1
kv-3,kernel_gemm_noshuffle_q4_0_f32,0.152600,3.878400,0.083600,1x1024x1,1x128x1,4096x2x1x1
Vcur_cont-3,kernel_cpy_f32_f32,0.126600,3.962600,0.002900,1024x2x1,64x1x1,128x16x2x1
k_pe-3,kernel_rope_norm_f32,0.095600,3.966000,0.002500,64x2x1,64x1x1,64x1x2x1
node_186,kernel_repeat_f32,0.073600,3.969100,0.002700,1024x2x1,64x1x1,64x16x2x1
Kcur-3,kernel_concat_f32,0.047600,3.972300,0.002900,1024x2x1,64x1x1,192x16x2x1
cache_k_l3 (view),kernel_set_rows_f16_i64,0.346800,3.656100,0.004100,2048x1x1,1024x1x1,3072x4096x1x1
cache_v_l3 (view),kernel_set_rows_f16_i64,0.291800,3.660700,0.003200,2048x1x1,1024x1x1,2048x4096x1x1
node_198,flash_attn_blk_f16,0.230800,3.664400,0.005200,16x1x1,0x0x0,128x16x2x1
node_198,flash_attn_f32_f16,0.185800,3.670100,0.107200,16x16x0,16x1x0,128x16x2x1
node_200,kernel_transpose_32_16,0.154800,3.777900,0.005000,512x2x0,1x16x0,2048x2x1x1
node_200,kernel_gemm_noshuffle_q4_0_f32,0.138800,3.783400,0.316200,1x512x1,1x128x1,2048x2x1x1
ffn_inp-3,kernel_add,0.074800,4.100100,0.013000,128x1x1,64x1x1,2048x2x1x1
ffn_norm-3,kernel_rms_norm_mul,0.047800,4.113600,0.005500,2048x1x1,1024x1x1,2048x2x1x1
ffn_moe_logits-3,kernel_mul_mm_f32_f32_l4_lm,0.168400,3.981400,0.451000,128x1x1,128x1x1,64x2x1x1
ffn_moe_probs-3,kernel_soft_max_4,0.100400,4.432900,0.004000,128x1x1,64x1x1,64x2x1x1
ffn_moe_argsort-3,kernel_argsort_f32_i32,0.080400,4.437400,0.012000,64x2x1,64x1x1,64x2x1x1
ffn_moe_weights-3,kernel_get_rows_f32,0.060400,4.449900,0.003100,6x2x1,1x1x1,1x6x2x1
ffn_moe_topk-3,kernel_moe_histogram,0.036400,4.453500,0.002700,64x6x1,64x1x1,6x2x1x1
ffn_moe_topk-3,kernel_moe_scan,0.148200,0.237000,0.015300,1x0x0,1x0x0,6x2x1x1
ffn_moe_topk-3,kernel_moe_fill,0.095200,0.252900,0.001900,64x32x1,64x1x1,6x2x1x1
ffn_moe_topk-3,kernel_moe_scatter,0.065200,0.255400,0.002400,64x6x1,64x1x1,6x2x1x1
ffn_moe_gate-3,kernel_moe_reorder_b,0.255200,0.225700,0.068900,512x2048x1,256x1x1,1408x6x2x1
ffn_moe_gate-3,kernel_gemm_moe_q4_0_f32_ns,0.213200,0.295200,0.781700,64x22x64,64x1x1,1408x6x2x1
ffn_moe_up-3,kernel_moe_reorder_b,0.182200,1.077400,0.066200,512x2048x1,256x1x1,1408x6x2x1
ffn_moe_up-3,kernel_gemm_moe_q4_0_f32_ns,0.158200,1.144100,0.783900,64x22x64,64x1x1,1408x6x2x1
ffn_moe_swiglu-3,kernel_swiglu,0.135200,1.928500,0.004000,6144x1x1,512x1x1,1408x6x2x1
ffn_moe_down-3,kernel_moe_reorder_b,0.091200,1.933000,0.045200,512x2048x1,256x1x1,2048x6x2x1
ffn_moe_down-3,kernel_gemm_moe_q4_0_f32_ns,0.069200,1.978800,0.699100,64x32x64,64x1x1,2048x6x2x1
ffn_moe_out-3,kernel_moe_combine_f32,0.240200,2.478000,0.004600,512x2x0,64x1x0,2048x2x1x1
ffn_gate-3,kernel_transpose_32_16,0.172200,2.483100,0.005100,512x2x0,1x16x0,2816x2x1x1
ffn_gate-3,kernel_gemm_noshuffle_q4_0_f32,0.158200,2.488700,0.317900,1x704x1,1x128x1,2816x2x1x1
ffn_up-3,kernel_transpose_32_16,0.132200,2.807100,0.004900,512x2x0,1x16x0,2816x2x1x1
ffn_up-3,kernel_gemm_noshuffle_q4_0_f32,0.119200,2.812500,0.317700,1x704x1,1x128x1,2816x2x1x1
ffn_swiglu-3,kernel_swiglu,0.097200,3.130700,0.004100,1024x1x1,512x1x1,2816x2x1x1
ffn_shexp-3,kernel_transpose_32_16,0.072200,3.135400,0.006000,704x2x0,1x16x0,2048x2x1x1
ffn_shexp-3,kernel_gemm_noshuffle_q4_0_f32,0.060200,3.141900,0.445900,1x512x1,1x128x1,2048x2x1x1
ffn_out-3,kernel_add,0.260800,3.353100,0.011400,128x1x1,64x1x1,2048x2x1x1
l_out-3,kernel_add,0.192800,3.365000,0.013500,128x1x1,64x1x1,2048x2x1x1
attn_norm-4,kernel_rms_norm_mul,0.158800,3.379100,0.005500,2048x1x1,1024x1x1,2048x2x1x1
q-4,kernel_transpose_32_16,0.133800,3.385200,0.004800,512x2x0,1x16x0,3072x2x1x1
q-4,kernel_gemm_noshuffle_q4_0_f32,0.120800,3.390500,0.321500,1x768x1,1x128x1,3072x2x1x1
q_pe-4,kernel_rope_norm_f32,0.085800,3.712600,0.003300,1024x2x1,64x1x1,64x16x2x1
Qcur-4,kernel_concat_f32,0.060800,3.716400,0.003100,1024x2x1,64x1x1,192x16x2x1
kv_cmpr_pe-4,kernel_transpose_32_16,0.030800,3.720100,0.004800,512x2x0,1x16x0,576x2x1x1
kv_cmpr_pe-4,kernel_gemm_noshuffle_q4_0_f32,0.253200,3.496700,0.310300,1x144x1,1x128x1,576x2x1x1
kv_cmpr-4,kernel_rms_norm_mul,0.190200,3.807500,0.003900,1024x1x1,512x1x1,512x2x1x1
kv-4,kernel_transpose_32_16,0.164200,3.811900,0.003000,128x2x0,1x16x0,4096x2x1x1
kv-4,kernel_gemm_noshuffle_q4_0_f32,0.151200,3.815400,0.084700,1x1024x1,1x128x1,4096x2x1x1
Vcur_cont-4,kernel_cpy_f32_f32,0.121200,3.900600,0.002900,1024x2x1,64x1x1,128x16x2x1
k_pe-4,kernel_rope_norm_f32,0.090200,3.904100,0.002500,64x2x1,64x1x1,64x1x2x1
node_250,kernel_repeat_f32,0.071200,3.907100,0.002700,1024x2x1,64x1x1,64x16x2x1
Kcur-4,kernel_concat_f32,0.043200,3.910400,0.003100,1024x2x1,64x1x1,192x16x2x1
cache_k_l4 (view),kernel_set_rows_f16_i64,0.339200,3.597600,0.003900,2048x1x1,1024x1x1,3072x4096x1x1
cache_v_l4 (view),kernel_set_rows_f16_i64,0.289200,3.602000,0.003200,2048x1x1,1024x1x1,2048x4096x1x1
node_262,flash_attn_blk_f16,0.227200,3.605700,0.005200,16x1x1,0x0x0,128x16x2x1
node_262,flash_attn_f32_f16,0.183200,3.611500,0.107100,16x16x0,16x1x0,128x16x2x1
node_264,kernel_transpose_32_16,0.151200,3.719200,0.005000,512x2x0,1x16x0,2048x2x1x1
node_264,kernel_gemm_noshuffle_q4_0_f32,0.138200,3.724700,0.320800,1x512x1,1x128x1,2048x2x1x1
ffn_inp-4,kernel_add,0.065200,4.046000,0.013100,128x1x1,64x1x1,2048x2x1x1
ffn_norm-4,kernel_rms_norm_mul,0.038200,4.059600,0.005300,2048x1x1,1024x1x1,2048x2x1x1
ffn_moe_logits-4,kernel_mul_mm_f32_f32_l4_lm,0.155800,3.931400,0.456800,128x1x1,128x1x1,64x2x1x1
ffn_moe_probs-4,kernel_soft_max_4,0.097800,4.388800,0.004100,128x1x1,64x1x1,64x2x1x1
ffn_moe_argsort-4,kernel_argsort_f32_i32,0.075800,4.393400,0.012000,64x2x1,64x1x1,64x2x1x1
ffn_moe_weights-4,kernel_get_rows_f32,0.054800,4.405900,0.003000,6x2x1,1x1x1,1x6x2x1
ffn_moe_topk-4,kernel_moe_histogram,0.032800,4.409500,0.002600,64x6x1,64x1x1,6x2x1x1
ffn_moe_topk-4,kernel_moe_scan,0.135200,0.044600,0.013500,1x0x0,1x0x0,6x2x1x1
ffn_moe_topk-4,kernel_moe_fill,0.090200,0.058600,0.002100,64x32x1,64x1x1,6x2x1x1
ffn_moe_topk-4,kernel_moe_scatter,0.056200,0.061300,0.002400,64x6x1,64x1x1,6x2x1x1
ffn_moe_gate-4,kernel_moe_reorder_b,0.322200,0.229500,0.059900,512x2048x1,256x1x1,1408x6x2x1
ffn_moe_gate-4,kernel_gemm_moe_q4_0_f32_ns,0.269200,0.290000,0.579800,64x22x64,64x1x1,1408x6x2x1
ffn_moe_up-4,kernel_moe_reorder_b,0.222200,0.870300,0.056300,512x2048x1,256x1x1,1408x6x2x1
ffn_moe_up-4,kernel_gemm_moe_q4_0_f32_ns,0.189200,0.927100,0.578400,64x22x64,64x1x1,1408x6x2x1
ffn_moe_swiglu-4,kernel_swiglu,0.144200,1.506000,0.003800,6144x1x1,512x1x1,1408x6x2x1
ffn_moe_down-4,kernel_moe_reorder_b,0.111200,1.510300,0.037300,512x2048x1,256x1x1,2048x6x2x1
ffn_moe_down-4,kernel_gemm_moe_q4_0_f32_ns,0.080200,1.548100,0.534700,64x32x64,64x1x1,2048x6x2x1
ffn_moe_out-4,kernel_moe_combine_f32,0.314600,1.807000,0.004500,512x2x0,64x1x0,2048x2x1x1
ffn_gate-4,kernel_transpose_32_16,0.239600,1.812000,0.005100,512x2x0,1x16x0,2816x2x1x1
ffn_gate-4,kernel_gemm_noshuffle_q4_0_f32,0.212600,1.817600,0.315900,1x704x1,1x128x1,2816x2x1x1
ffn_up-4,kernel_transpose_32_16,0.173600,2.134100,0.004700,512x2x0,1x16x0,2816x2x1x1
ffn_up-4,kernel_gemm_noshuffle_q4_0_f32,0.155600,2.139300,0.316200,1x704x1,1x128x1,2816x2x1x1
ffn_swiglu-4,kernel_swiglu,0.127600,2.456000,0.004300,1024x1x1,512x1x1,2816x2x1x1
ffn_shexp-4,kernel_transpose_32_16,0.090600,2.460800,0.006000,704x2x0,1x16x0,2048x2x1x1
ffn_shexp-4,kernel_gemm_noshuffle_q4_0_f32,0.069600,2.467300,0.446700,1x512x1,1x128x1,2048x2x1x1
ffn_out-4,kernel_add,0.335600,2.605800,0.011600,128x1x1,64x1x1,2048x2x1x1
l_out-4,kernel_add,0.258600,2.617900,0.013500,128x1x1,64x1x1,2048x2x1x1
attn_norm-5,kernel_rms_norm_mul,0.218600,2.631900,0.005600,2048x1x1,1024x1x1,2048x2x1x1
q-5,kernel_transpose_32_16,0.183600,2.638000,0.004700,512x2x0,1x16x0,3072x2x1x1
q-5,kernel_gemm_noshuffle_q4_0_f32,0.166600,2.643200,0.322200,1x768x1,1x128x1,3072x2x1x1
q_pe-5,kernel_rope_norm_f32,0.117600,2.965900,0.003400,1024x2x1,64x1x1,64x16x2x1
Qcur-5,kernel_concat_f32,0.080600,2.969800,0.003100,1024x2x1,64x1x1,192x16x2x1
kv_cmpr_pe-5,kernel_transpose_32_16,0.041600,2.973400,0.004900,512x2x0,1x16x0,576x2x1x1
kv_cmpr_pe-5,kernel_gemm_noshuffle_q4_0_f32,0.345400,2.659700,0.310400,1x144x1,1x128x1,576x2x1x1
kv_cmpr-5,kernel_rms_norm_mul,0.269400,2.970600,0.003700,1024x1x1,512x1x1,512x2x1x1
kv-5,kernel_transpose_32_16,0.237400,2.974800,0.003200,128x2x0,1x16x0,4096x2x1x1
kv-5,kernel_gemm_noshuffle_q4_0_f32,0.219400,2.978500,0.084000,1x1024x1,1x128x1,4096x2x1x1
Vcur_cont-5,kernel_cpy_f32_f32,0.178400,3.063000,0.003100,1024x2x1,64x1x1,128x16x2x1
k_pe-5,kernel_rope_norm_f32,0.133400,3.066600,0.002500,64x2x1,64x1x1,64x1x2x1
node_314,kernel_repeat_f32,0.104400,3.069600,0.002700,1024x2x1,64x1x1,64x16x2x1
Kcur-5,kernel_concat_f32,0.067400,3.072900,0.002900,1024x2x1,64x1x1,192x16x2x1
cache_k_l5 (view),kernel_set_rows_f16_i64,0.430200,2.674700,0.004000,2048x1x1,1024x1x1,3072x4096x1x1
cache_v_l5 (view),kernel_set_rows_f16_i64,0.365200,2.679200,0.003300,2048x1x1,1024x1x1,2048x4096x1x1
node_326,flash_attn_blk_f16,0.259200,2.683000,0.005200,16x1x1,0x0x0,128x16x2x1
node_326,flash_attn_f32_f16,0.196200,2.688800,0.107200,16x16x0,16x1x0,128x16x2x1
node_328,kernel_transpose_32_16,0.152200,2.796600,0.004800,512x2x0,1x16x0,2048x2x1x1
node_328,kernel_gemm_noshuffle_q4_0_f32,0.135200,2.801900,0.315300,1x512x1,1x128x1,2048x2x1x1
ffn_inp-5,kernel_add,0.092200,3.117800,0.013000,128x1x1,64x1x1,2048x2x1x1
ffn_norm-5,kernel_rms_norm_mul,0.052200,3.131400,0.005300,2048x1x1,1024x1x1,2048x2x1x1
ffn_moe_logits-5,kernel_mul_mm_f32_f32_l4_lm,0.211200,2.953600,0.454300,128x1x1,128x1x1,64x2x1x1
ffn_moe_probs-5,kernel_soft_max_4,0.135200,3.408500,0.003800,128x1x1,64x1x1,64x2x1x1
ffn_moe_argsort-5,kernel_argsort_f32_i32,0.101200,3.412900,0.012000,64x2x1,64x1x1,64x2x1x1
ffn_moe_weights-5,kernel_get_rows_f32,0.066200,3.425400,0.003100,6x2x1,1x1x1,1x6x2x1
ffn_moe_topk-5,kernel_moe_histogram,0.035200,3.429000,0.002700,64x6x1,64x1x1,6x2x1x1
ffn_moe_topk-5,kernel_moe_scan,0.107600,0.043000,0.013400,1x0x0,1x0x0,6x2x1x1
ffn_moe_topk-5,kernel_moe_fill,0.073600,0.056900,0.002100,64x32x1,64x1x1,6x2x1x1
ffn_moe_topk-5,kernel_moe_scatter,0.043600,0.059500,0.002400,64x6x1,64x1x1,6x2x1x1
ffn_moe_gate-5,kernel_moe_reorder_b,0.288400,0.231900,0.061400,512x2048x1,256x1x1,1408x6x2x1
ffn_moe_gate-5,kernel_gemm_moe_q4_0_f32_ns,0.240400,0.293800,0.592700,64x22x64,64x1x1,1408x6x2x1
ffn_moe_up-5,kernel_moe_reorder_b,0.200400,0.887000,0.059100,512x2048x1,256x1x1,1408x6x2x1
ffn_moe_up-5,kernel_gemm_moe_q4_0_f32_ns,0.165400,0.946700,0.592200,64x22x64,64x1x1,1408x6x2x1
ffn_moe_swiglu-5,kernel_swiglu,0.136400,1.539400,0.003900,6144x1x1,512x1x1,1408x6x2x1
ffn_moe_down-5,kernel_moe_reorder_b,0.107400,1.543900,0.039900,512x2048x1,256x1x1,2048x6x2x1
ffn_moe_down-5,kernel_gemm_moe_q4_0_f32_ns,0.076400,1.584300,0.552500,64x32x64,64x1x1,2048x6x2x1
ffn_moe_out-5,kernel_moe_combine_f32,0.388400,1.782800,0.004200,512x2x0,64x1x0,2048x2x1x1
ffn_gate-5,kernel_transpose_32_16,0.322400,1.787500,0.005100,512x2x0,1x16x0,2816x2x1x1
ffn_gate-5,kernel_gemm_noshuffle_q4_0_f32,0.207400,1.793100,0.317800,1x704x1,1x128x1,2816x2x1x1
ffn_up-5,kernel_transpose_32_16,0.172400,2.111500,0.004900,512x2x0,1x16x0,2816x2x1x1
ffn_up-5,kernel_gemm_noshuffle_q4_0_f32,0.151400,2.116900,0.316700,1x704x1,1x128x1,2816x2x1x1
ffn_swiglu-5,kernel_swiglu,0.122400,2.434200,0.004100,1024x1x1,512x1x1,2816x2x1x1
ffn_shexp-5,kernel_transpose_32_16,0.090400,2.438900,0.006000,704x2x0,1x16x0,2048x2x1x1
ffn_shexp-5,kernel_gemm_noshuffle_q4_0_f32,0.073400,2.445400,0.448900,1x512x1,1x128x1,2048x2x1x1
ffn_out-5,kernel_add,0.310400,2.611400,0.011400,128x1x1,64x1x1,2048x2x1x1
l_out-5,kernel_add,0.238400,2.623300,0.013600,128x1x1,64x1x1,2048x2x1x1
attn_norm-6,kernel_rms_norm_mul,0.202400,2.637400,0.005500,2048x1x1,1024x1x1,2048x2x1x1
q-6,kernel_transpose_32_16,0.171400,2.643400,0.004600,512x2x0,1x16x0,3072x2x1x1
q-6,kernel_gemm_noshuffle_q4_0_f32,0.154400,2.648600,0.322600,1x768x1,1x128x1,3072x2x1x1
q_pe-6,kernel_rope_norm_f32,0.106400,2.971800,0.003300,1024x2x1,64x1x1,64x16x2x1
Qcur-6,kernel_concat_f32,0.073400,2.975600,0.003200,1024x2x1,64x1x1,192x16x2x1
kv_cmpr_pe-6,kernel_transpose_32_16,0.038400,2.979300,0.005000,512x2x0,1x16x0,576x2x1x1
kv_cmpr_pe-6,kernel_gemm_noshuffle_q4_0_f32,0.358200,2.652300,0.309500,1x144x1,1x128x1,576x2x1x1
kv_cmpr-6,kernel_rms_norm_mul,0.285200,2.962300,0.003800,1024x1x1,512x1x1,512x2x1x1
kv-6,kernel_transpose_32_16,0.249200,2.966700,0.002900,128x2x0,1x16x0,4096x2x1x1
kv-6,kernel_gemm_noshuffle_q4_0_f32,0.232200,2.970200,0.084500,1x1024x1,1x128x1,4096x2x1x1
Vcur_cont-6,kernel_cpy_f32_f32,0.196200,3.055200,0.003000,1024x2x1,64x1x1,128x16x2x1
k_pe-6,kernel_rope_norm_f32,0.145200,3.058800,0.002500,64x2x1,64x1x1,64x1x2x1
node_378,kernel_repeat_f32,0.109200,3.061800,0.002700,1024x2x1,64x1x1,64x16x2x1
Kcur-6,kernel_concat_f32,0.068200,3.065000,0.003000,1024x2x1,64x1x1,192x16x2x1
cache_k_l6 (view),kernel_set_rows_f16_i64,0.396600,2.705100,0.003900,2048x1x1,1024x1x1,3072x4096x1x1
cache_v_l6 (view),kernel_set_rows_f16_i64,0.325600,2.709500,0.003300,2048x1x1,1024x1x1,2048x4096x1x1
node_390,flash_attn_blk_f16,0.264600,2.713300,0.005200,16x1x1,0x0x0,128x16x2x1
node_390,flash_attn_f32_f16,0.205600,2.719100,0.106400,16x16x0,16x1x0,128x16x2x1
node_392,kernel_transpose_32_16,0.160600,2.826000,0.004800,512x2x0,1x16x0,2048x2x1x1
node_392,kernel_gemm_noshuffle_q4_0_f32,0.140600,2.831400,0.316500,1x512x1,1x128x1,2048x2x1x1
ffn_inp-6,kernel_add,0.095600,3.148400,0.013700,128x1x1,64x1x1,2048x2x1x1
ffn_norm-6,kernel_rms_norm_mul,0.057600,3.162700,0.005400,2048x1x1,1024x1x1,2048x2x1x1
ffn_moe_logits-6,kernel_mul_mm_f32_f32_l4_lm,0.202800,2.993800,0.451400,128x1x1,128x1x1,64x2x1x1
ffn_moe_probs-6,kernel_soft_max_4,0.131800,3.445700,0.004000,128x1x1,64x1x1,64x2x1x1
ffn_moe_argsort-6,kernel_argsort_f32_i32,0.103800,3.450300,0.011900,64x2x1,64x1x1,64x2x1x1
ffn_moe_weights-6,kernel_get_rows_f32,0.069800,3.462800,0.003000,6x2x1,1x1x1,1x6x2x1
ffn_moe_topk-6,kernel_moe_histogram,0.037800,3.466400,0.002600,64x6x1,64x1x1,6x2x1x1
ffn_moe_topk-6,kernel_moe_scan,0.110000,0.040000,0.013400,1x0x0,1x0x0,6x2x1x1
ffn_moe_topk-6,kernel_moe_fill,0.078000,0.053900,0.002100,64x32x1,64x1x1,6x2x1x1
ffn_moe_topk-6,kernel_moe_scatter,0.045000,0.056500,0.002500,64x6x1,64x1x1,6x2x1x1
ffn_moe_gate-6,kernel_moe_reorder_b,0.319200,0.227900,0.065200,512x2048x1,256x1x1,1408x6x2x1
ffn_moe_gate-6,kernel_gemm_moe_q4_0_f32_ns,0.269200,0.293600,0.615300,64x22x64,64x1x1,1408x6x2x1
ffn_moe_up-6,kernel_moe_reorder_b,0.232200,0.909400,0.063500,512x2048x1,256x1x1,1408x6x2x1
ffn_moe_up-6,kernel_gemm_moe_q4_0_f32_ns,0.180200,0.973500,0.623800,64x22x64,64x1x1,1408x6x2x1
ffn_moe_swiglu-6,kernel_swiglu,0.148200,1.597900,0.003900,6144x1x1,512x1x1,1408x6x2x1
ffn_moe_down-6,kernel_moe_reorder_b,0.116200,1.602400,0.042300,512x2048x1,256x1x1,2048x6x2x1
ffn_moe_down-6,kernel_gemm_moe_q4_0_f32_ns,0.079200,1.645200,0.581600,64x32x64,64x1x1,2048x6x2x1
ffn_moe_out-6,kernel_moe_combine_f32,0.286200,1.974200,0.004200,512x2x0,64x1x0,2048x2x1x1
ffn_gate-6,kernel_transpose_32_16,0.224200,1.979000,0.005100,512x2x0,1x16x0,2816x2x1x1
ffn_gate-6,kernel_gemm_noshuffle_q4_0_f32,0.205200,1.984600,0.316300,1x704x1,1x128x1,2816x2x1x1
ffn_up-6,kernel_transpose_32_16,0.172200,2.301500,0.005000,512x2x0,1x16x0,2816x2x1x1
ffn_up-6,kernel_gemm_noshuffle_q4_0_f32,0.154200,2.307000,0.316300,1x704x1,1x128x1,2816x2x1x1
ffn_swiglu-6,kernel_swiglu,0.125200,2.623800,0.004100,1024x1x1,512x1x1,2816x2x1x1
ffn_shexp-6,kernel_transpose_32_16,0.093200,2.628400,0.006000,704x2x0,1x16x0,2048x2x1x1
ffn_shexp-6,kernel_gemm_noshuffle_q4_0_f32,0.076200,2.635000,0.434300,1x512x1,1x128x1,2048x2x1x1
ffn_out-6,kernel_add,0.326600,2.777700,0.011500,128x1x1,64x1x1,2048x2x1x1
l_out-6,kernel_add,0.240600,2.789700,0.013400,128x1x1,64x1x1,2048x2x1x1
attn_norm-7,kernel_rms_norm_mul,0.203600,2.803600,0.005500,2048x1x1,1024x1x1,2048x2x1x1
q-7,kernel_transpose_32_16,0.176600,2.809600,0.004700,512x2x0,1x16x0,3072x2x1x1
q-7,kernel_gemm_noshuffle_q4_0_f32,0.158600,2.814800,0.318300,1x768x1,1x128x1,3072x2x1x1
q_pe-7,kernel_rope_norm_f32,0.109600,3.133600,0.003100,1024x2x1,64x1x1,64x16x2x1
Qcur-7,kernel_concat_f32,0.076600,3.137200,0.003000,1024x2x1,64x1x1,192x16x2x1
kv_cmpr_pe-7,kernel_transpose_32_16,0.041600,3.140800,0.004700,512x2x0,1x16x0,576x2x1x1
kv_cmpr_pe-7,kernel_gemm_noshuffle_q4_0_f32,0.363000,2.809400,0.309900,1x144x1,1x128x1,576x2x1x1
kv_cmpr-7,kernel_rms_norm_mul,0.252000,3.119800,0.003800,1024x1x1,512x1x1,512x2x1x1
kv-7,kernel_transpose_32_16,0.217000,3.124200,0.003000,128x2x0,1x16x0,4096x2x1x1
kv-7,kernel_gemm_noshuffle_q4_0_f32,0.200000,3.127700,0.082600,1x1024x1,1x128x1,4096x2x1x1
Vcur_cont-7,kernel_cpy_f32_f32,0.165000,3.210800,0.002800,1024x2x1,64x1x1,128x16x2x1
k_pe-7,kernel_rope_norm_f32,0.123000,3.214200,0.002500,64x2x1,64x1x1,64x1x2x1
node_442,kernel_repeat_f32,0.093000,3.217200,0.002400,1024x2x1,64x1x1,64x16x2x1
Kcur-7,kernel_concat_f32,0.058000,3.220200,0.002900,1024x2x1,64x1x1,192x16x2x1
cache_k_l7 (view),kernel_set_rows_f16_i64,0.379400,2.871600,0.003900,2048x1x1,1024x1x1,3072x4096x1x1
cache_v_l7 (view),kernel_set_rows_f16_i64,0.308400,2.876000,0.003200,2048x1x1,1024x1x1,2048x4096x1x1
node_454,flash_attn_blk_f16,0.259400,2.879700,0.005100,16x1x1,0x0x0,128x16x2x1
node_454,flash_attn_f32_f16,0.200400,2.885300,0.107700,16x16x0,16x1x0,128x16x2x1
node_456,kernel_transpose_32_16,0.157400,2.993500,0.004800,512x2x0,1x16x0,2048x2x1x1
node_456,kernel_gemm_noshuffle_q4_0_f32,0.140400,2.998900,0.324900,1x512x1,1x128x1,2048x2x1x1
ffn_inp-7,kernel_add,0.097400,3.324300,0.013200,128x1x1,64x1x1,2048x2x1x1
ffn_norm-7,kernel_rms_norm_mul,0.061400,3.338000,0.005300,2048x1x1,1024x1x1,2048x2x1x1
ffn_moe_logits-7,kernel_mul_mm_f32_f32_l4_lm,0.182400,3.186800,0.451700,128x1x1,128x1x1,64x2x1x1
ffn_moe_probs-7,kernel_soft_max_4,0.114400,3.639000,0.003900,128x1x1,64x1x1,64x2x1x1
ffn_moe_argsort-7,kernel_argsort_f32_i32,0.090400,3.643500,0.011900,64x2x1,64x1x1,64x2x1x1
ffn_moe_weights-7,kernel_get_rows_f32,0.063400,3.655900,0.003200,6x2x1,1x1x1,1x6x2x1
ffn_moe_topk-7,kernel_moe_histogram,0.032400,3.659700,0.002700,64x6x1,64x1x1,6x2x1x1
ffn_moe_topk-7,kernel_moe_scan,0.115000,0.044900,0.013600,1x0x0,1x0x0,6x2x1x1
ffn_moe_topk-7,kernel_moe_fill,0.078000,0.059100,0.002000,64x32x1,64x1x1,6x2x1x1
ffn_moe_topk-7,kernel_moe_scatter,0.053000,0.061700,0.002300,64x6x1,64x1x1,6x2x1x1
ffn_moe_gate-7,kernel_moe_reorder_b,0.314400,0.277700,0.058800,512x2048x1,256x1x1,1408x6x2x1
ffn_moe_gate-7,kernel_gemm_moe_q4_0_f32_ns,0.263400,0.337000,0.578900,64x22x64,64x1x1,1408x6x2x1
ffn_moe_up-7,kernel_moe_reorder_b,0.218400,0.916400,0.055800,512x2048x1,256x1x1,1408x6x2x1
ffn_moe_up-7,kernel_gemm_moe_q4_0_f32_ns,0.186400,0.972800,0.579400,64x22x64,64x1x1,1408x6x2x1
ffn_moe_swiglu-7,kernel_swiglu,0.143400,1.552800,0.003900,6144x1x1,512x1x1,1408x6x2x1
ffn_moe_down-7,kernel_moe_reorder_b,0.107400,1.557200,0.037500,512x2048x1,256x1x1,2048x6x2x1
ffn_moe_down-7,kernel_gemm_moe_q4_0_f32_ns,0.076400,1.595300,0.533300,64x32x64,64x1x1,2048x6x2x1
ffn_moe_out-7,kernel_moe_combine_f32,0.298000,1.867900,0.004300,512x2x0,64x1x0,2048x2x1x1
ffn_gate-7,kernel_transpose_32_16,0.226000,1.872800,0.005100,512x2x0,1x16x0,2816x2x1x1
ffn_gate-7,kernel_gemm_noshuffle_q4_0_f32,0.206000,1.878400,0.316700,1x704x1,1x128x1,2816x2x1x1
ffn_up-7,kernel_transpose_32_16,0.172000,2.195600,0.004800,512x2x0,1x16x0,2816x2x1x1
ffn_up-7,kernel_gemm_noshuffle_q4_0_f32,0.154000,2.201000,0.314900,1x704x1,1x128x1,2816x2x1x1
ffn_swiglu-7,kernel_swiglu,0.124000,2.516500,0.004100,1024x1x1,512x1x1,2816x2x1x1
ffn_shexp-7,kernel_transpose_32_16,0.091000,2.521100,0.006000,704x2x0,1x16x0,2048x2x1x1
ffn_shexp-7,kernel_gemm_noshuffle_q4_0_f32,0.074000,2.527700,0.440500,1x512x1,1x128x1,2048x2x1x1
ffn_out-7,kernel_add,0.341000,2.654000,0.011500,128x1x1,64x1x1,2048x2x1x1
l_out-7,kernel_add,0.264000,2.666000,0.013200,128x1x1,64x1x1,2048x2x1x1
attn_norm-8,kernel_rms_norm_mul,0.211000,2.679700,0.005600,2048x1x1,1024x1x1,2048x2x1x1
q-8,kernel_transpose_32_16,0.179000,2.685800,0.004800,512x2x0,1x16x0,3072x2x1x1
q-8,kernel_gemm_noshuffle_q4_0_f32,0.159000,2.691100,0.319500,1x768x1,1x128x1,3072x2x1x1
q_pe-8,kernel_rope_norm_f32,0.112000,3.011100,0.003300,1024x2x1,64x1x1,64x16x2x1
Qcur-8,kernel_concat_f32,0.078000,3.015000,0.003000,1024x2x1,64x1x1,192x16x2x1
kv_cmpr_pe-8,kernel_transpose_32_16,0.039000,3.018500,0.004900,512x2x0,1x16x0,576x2x1x1
kv_cmpr_pe-8,kernel_gemm_noshuffle_q4_0_f32,0.330200,2.720300,0.310400,1x144x1,1x128x1,576x2x1x1
kv_cmpr-8,kernel_rms_norm_mul,0.255200,3.031200,0.003900,1024x1x1,512x1x1,512x2x1x1
kv-8,kernel_transpose_32_16,0.223200,3.035600,0.002900,128x2x0,1x16x0,4096x2x1x1
kv-8,kernel_gemm_noshuffle_q4_0_f32,0.205200,3.039100,0.082800,1x1024x1,1x128x1,4096x2x1x1
Vcur_cont-8,kernel_cpy_f32_f32,0.169200,3.122500,0.003200,1024x2x1,64x1x1,128x16x2x1
k_pe-8,kernel_rope_norm_f32,0.126200,3.126300,0.002500,64x2x1,64x1x1,64x1x2x1
node_506,kernel_repeat_f32,0.097200,3.129400,0.002600,1024x2x1,64x1x1,64x16x2x1
Kcur-8,kernel_concat_f32,0.058200,3.132600,0.002900,1024x2x1,64x1x1,192x16x2x1
cache_k_l8 (view),kernel_set_rows_f16_i64,0.398000,2.766100,0.004000,2048x1x1,1024x1x1,3072x4096x1x1
cache_v_l8 (view),kernel_set_rows_f16_i64,0.325000,2.770600,0.003200,2048x1x1,1024x1x1,2048x4096x1x1
node_518,flash_attn_blk_f16,0.253000,2.774300,0.005300,16x1x1,0x0x0,128x16x2x1
node_518,flash_attn_f32_f16,0.194000,2.780200,0.106700,16x16x0,16x1x0,128x16x2x1
node_520,kernel_transpose_32_16,0.152000,2.887500,0.004700,512x2x0,1x16x0,2048x2x1x1
node_520,kernel_gemm_noshuffle_q4_0_f32,0.135000,2.892800,0.326300,1x512x1,1x128x1,2048x2x1x1
ffn_inp-8,kernel_add,0.086000,3.219600,0.013000,128x1x1,64x1x1,2048x2x1x1
ffn_norm-8,kernel_rms_norm_mul,0.050000,3.233100,0.005500,2048x1x1,1024x1x1,2048x2x1x1
ffn_moe_logits-8,kernel_mul_mm_f32_f32_l4_lm,0.188000,3.076700,0.458400,128x1x1,128x1x1,64x2x1x1
ffn_moe_probs-8,kernel_soft_max_4,0.114000,3.535600,0.003900,128x1x1,64x1x1,64x2x1x1
ffn_moe_argsort-8,kernel_argsort_f32_i32,0.089000,3.540000,0.012000,64x2x1,64x1x1,64x2x1x1
ffn_moe_weights-8,kernel_get_rows_f32,0.062000,3.552600,0.002900,6x2x1,1x1x1,1x6x2x1
ffn_moe_topk-8,kernel_moe_histogram,0.036000,3.556100,0.002700,64x6x1,64x1x1,6x2x1x1
ffn_moe_topk-8,kernel_moe_scan,0.178200,0.242700,0.015400,1x0x0,1x0x0,6x2x1x1
ffn_moe_topk-8,kernel_moe_fill,0.112200,0.258600,0.002200,64x32x1,64x1x1,6x2x1x1
ffn_moe_topk-8,kernel_moe_scatter,0.074200,0.261300,0.002500,64x6x1,64x1x1,6x2x1x1
ffn_moe_gate-8,kernel_moe_reorder_b,0.304200,0.228900,0.058300,512x2048x1,256x1x1,1408x6x2x1
ffn_moe_gate-8,kernel_gemm_moe_q4_0_f32_ns,0.253200,0.287700,0.578700,64x22x64,64x1x1,1408x6x2x1
ffn_moe_up-8,kernel_moe_reorder_b,0.203200,0.866900,0.055800,512x2048x1,256x1x1,1408x6x2x1
ffn_moe_up-8,kernel_gemm_moe_q4_0_f32_ns,0.171200,0.923200,0.577400,64x22x64,64x1x1,1408x6x2x1
ffn_moe_swiglu-8,kernel_swiglu,0.139200,1.501100,0.004000,6144x1x1,512x1x1,1408x6x2x1
ffn_moe_down-8,kernel_moe_reorder_b,0.109200,1.505600,0.037700,512x2048x1,256x1x1,2048x6x2x1
ffn_moe_down-8,kernel_gemm_moe_q4_0_f32_ns,0.078200,1.543800,0.534000,64x32x64,64x1x1,2048x6x2x1
ffn_moe_out-8,kernel_moe_combine_f32,0.300000,1.815700,0.004300,512x2x0,64x1x0,2048x2x1x1
ffn_gate-8,kernel_transpose_32_16,0.220000,1.820600,0.005000,512x2x0,1x16x0,2816x2x1x1
ffn_gate-8,kernel_gemm_noshuffle_q4_0_f32,0.200000,1.826100,0.315800,1x704x1,1x128x1,2816x2x1x1
ffn_up-8,kernel_transpose_32_16,0.165000,2.142500,0.004800,512x2x0,1x16x0,2816x2x1x1
ffn_up-8,kernel_gemm_noshuffle_q4_0_f32,0.147000,2.147800,0.316000,1x704x1,1x128x1,2816x2x1x1
ffn_swiglu-8,kernel_swiglu,0.118000,2.464300,0.004200,1024x1x1,512x1x1,2816x2x1x1
ffn_shexp-8,kernel_transpose_32_16,0.085000,2.469100,0.006000,704x2x0,1x16x0,2048x2x1x1
ffn_shexp-8,kernel_gemm_noshuffle_q4_0_f32,0.068000,2.475600,0.436300,1x512x1,1x128x1,2048x2x1x1
ffn_out-8,kernel_add,0.330000,2.608900,0.011700,128x1x1,64x1x1,2048x2x1x1
l_out-8,kernel_add,0.255000,2.621100,0.013200,128x1x1,64x1x1,2048x2x1x1
attn_norm-9,kernel_rms_norm_mul,0.214000,2.634800,0.005500,2048x1x1,1024x1x1,2048x2x1x1
q-9,kernel_transpose_32_16,0.180000,2.640800,0.004800,512x2x0,1x16x0,3072x2x1x1
q-9,kernel_gemm_noshuffle_q4_0_f32,0.162000,2.646100,0.316600,1x768x1,1x128x1,3072x2x1x1
q_pe-9,kernel_rope_norm_f32,0.115000,2.963200,0.003400,1024x2x1,64x1x1,64x16x2x1
Qcur-9,kernel_concat_f32,0.081000,2.967100,0.003100,1024x2x1,64x1x1,192x16x2x1
kv_cmpr_pe-9,kernel_transpose_32_16,0.041000,2.970700,0.004900,512x2x0,1x16x0,576x2x1x1
kv_cmpr_pe-9,kernel_gemm_noshuffle_q4_0_f32,0.337800,2.665900,0.312500,1x144x1,1x128x1,576x2x1x1
kv_cmpr-9,kernel_rms_norm_mul,0.259800,2.978900,0.004000,1024x1x1,512x1x1,512x2x1x1
kv-9,kernel_transpose_32_16,0.225800,2.983500,0.003000,128x2x0,1x16x0,4096x2x1x1
kv-9,kernel_gemm_noshuffle_q4_0_f32,0.208800,2.987000,0.082800,1x1024x1,1x128x1,4096x2x1x1
Vcur_cont-9,kernel_cpy_f32_f32,0.168800,3.070400,0.003100,1024x2x1,64x1x1,128x16x2x1
k_pe-9,kernel_rope_norm_f32,0.125800,3.074000,0.002500,64x2x1,64x1x1,64x1x2x1
node_570,kernel_repeat_f32,0.098800,3.077000,0.002600,1024x2x1,64x1x1,64x16x2x1
Kcur-9,kernel_concat_f32,0.060800,3.080200,0.003100,1024x2x1,64x1x1,192x16x2x1
cache_k_l9 (view),kernel_set_rows_f16_i64,0.432400,2.683000,0.003900,2048x1x1,1024x1x1,3072x4096x1x1
cache_v_l9 (view),kernel_set_rows_f16_i64,0.322400,2.687500,0.003200,2048x1x1,1024x1x1,2048x4096x1x1
node_582,flash_attn_blk_f16,0.249400,2.691200,0.005200,16x1x1,0x0x0,128x16x2x1
node_582,flash_attn_f32_f16,0.189400,2.696900,0.107400,16x16x0,16x1x0,128x16x2x1
node_584,kernel_transpose_32_16,0.148400,2.804800,0.004900,512x2x0,1x16x0,2048x2x1x1
node_584,kernel_gemm_noshuffle_q4_0_f32,0.131400,2.810200,0.327400,1x512x1,1x128x1,2048x2x1x1
ffn_inp-9,kernel_add,0.085400,3.138100,0.013000,128x1x1,64x1x1,2048x2x1x1
ffn_norm-9,kernel_rms_norm_mul,0.049400,3.151700,0.005400,2048x1x1,1024x1x1,2048x2x1x1
ffn_moe_logits-9,kernel_mul_mm_f32_f32_l4_lm,0.188800,2.994900,0.454300,128x1x1,128x1x1,64x2x1x1
ffn_moe_probs-9,kernel_soft_max_4,0.119800,3.449700,0.003900,128x1x1,64x1x1,64x2x1x1
ffn_moe_argsort-9,kernel_argsort_f32_i32,0.091800,3.454200,0.012000,64x2x1,64x1x1,64x2x1x1
ffn_moe_weights-9,kernel_get_rows_f32,0.063800,3.466700,0.002900,6x2x1,1x1x1,1x6x2x1
ffn_moe_topk-9,kernel_moe_histogram,0.033800,3.470200,0.002600,64x6x1,64x1x1,6x2x1x1
ffn_moe_topk-9,kernel_moe_scan,0.107400,0.039800,0.013400,1x0x0,1x0x0,6x2x1x1
ffn_moe_topk-9,kernel_moe_fill,0.073400,0.053700,0.001800,64x32x1,64x1x1,6x2x1x1
ffn_moe_topk-9,kernel_moe_scatter,0.043400,0.056000,0.002400,64x6x1,64x1x1,6x2x1x1
ffn_moe_gate-9,kernel_moe_reorder_b,0.280800,0.227300,0.059200,512x2048x1,256x1x1,1408x6x2x1
ffn_moe_gate-9,kernel_gemm_moe_q4_0_f32_ns,0.227800,0.287000,0.578200,64x22x64,64x1x1,1408x6x2x1
ffn_moe_up-9,kernel_moe_reorder_b,0.191800,0.865700,0.055400,512x2048x1,256x1x1,1408x6x2x1
ffn_moe_up-9,kernel_gemm_moe_q4_0_f32_ns,0.161800,0.921700,0.578100,64x22x64,64x1x1,1408x6x2x1
ffn_moe_swiglu-9,kernel_swiglu,0.133800,1.500300,0.003900,6144x1x1,512x1x1,1408x6x2x1
ffn_moe_down-9,kernel_moe_reorder_b,0.104800,1.504700,0.037900,512x2048x1,256x1x1,2048x6x2x1
ffn_moe_down-9,kernel_gemm_moe_q4_0_f32_ns,0.070800,1.543100,0.533700,64x32x64,64x1x1,2048x6x2x1
ffn_moe_out-9,kernel_moe_combine_f32,0.286000,1.826300,0.004300,512x2x0,64x1x0,2048x2x1x1
ffn_gate-9,kernel_transpose_32_16,0.223000,1.831100,0.005200,512x2x0,1x16x0,2816x2x1x1
ffn_gate-9,kernel_gemm_noshuffle_q4_0_f32,0.205000,1.836800,0.317600,1x704x1,1x128x1,2816x2x1x1
ffn_up-9,kernel_transpose_32_16,0.169000,2.154900,0.004800,512x2x0,1x16x0,2816x2x1x1
ffn_up-9,kernel_gemm_noshuffle_q4_0_f32,0.152000,2.160300,0.316800,1x704x1,1x128x1,2816x2x1x1
ffn_swiglu-9,kernel_swiglu,0.124000,2.477700,0.004300,1024x1x1,512x1x1,2816x2x1x1
ffn_shexp-9,kernel_transpose_32_16,0.095000,2.482600,0.006000,704x2x0,1x16x0,2048x2x1x1
ffn_shexp-9,kernel_gemm_noshuffle_q4_0_f32,0.072000,2.489100,0.435700,1x512x1,1x128x1,2048x2x1x1
ffn_out-9,kernel_add,0.310400,2.642000,0.011500,128x1x1,64x1x1,2048x2x1x1
l_out-9,kernel_add,0.238400,2.654100,0.013200,128x1x1,64x1x1,2048x2x1x1
attn_norm-10,kernel_rms_norm_mul,0.202400,2.667900,0.005300,2048x1x1,1024x1x1,2048x2x1x1
q-10,kernel_transpose_32_16,0.172400,2.673800,0.004800,512x2x0,1x16x0,3072x2x1x1
q-10,kernel_gemm_noshuffle_q4_0_f32,0.152400,2.679200,0.316400,1x768x1,1x128x1,3072x2x1x1
q_pe-10,kernel_rope_norm_f32,0.107400,2.996100,0.003200,1024x2x1,64x1x1,64x16x2x1
Qcur-10,kernel_concat_f32,0.074400,2.999800,0.003100,1024x2x1,64x1x1,192x16x2x1
kv_cmpr_pe-10,kernel_transpose_32_16,0.041400,3.003400,0.004800,512x2x0,1x16x0,576x2x1x1
kv_cmpr_pe-10,kernel_gemm_noshuffle_q4_0_f32,0.367000,2.668300,0.310900,1x144x1,1x128x1,576x2x1x1
kv_cmpr-10,kernel_rms_norm_mul,0.294000,2.979700,0.003900,1024x1x1,512x1x1,512x2x1x1
kv-10,kernel_transpose_32_16,0.224000,2.984200,0.003000,128x2x0,1x16x0,4096x2x1x1
kv-10,kernel_gemm_noshuffle_q4_0_f32,0.207000,2.987800,0.082300,1x1024x1,1x128x1,4096x2x1x1
Vcur_cont-10,kernel_cpy_f32_f32,0.171000,3.070600,0.003000,1024x2x1,64x1x1,128x16x2x1
k_pe-10,kernel_rope_norm_f32,0.126000,3.074100,0.002500,64x2x1,64x1x1,64x1x2x1
node_634,kernel_repeat_f32,0.099000,3.077100,0.002700,1024x2x1,64x1x1,64x16x2x1
Kcur-10,kernel_concat_f32,0.064000,3.080400,0.003000,1024x2x1,64x1x1,192x16x2x1
cache_k_l10 (view),kernel_set_rows_f16_i64,0.362400,2.749100,0.004100,2048x1x1,1024x1x1,3072x4096x1x1
cache_v_l10 (view),kernel_set_rows_f16_i64,0.295400,2.753700,0.003200,2048x1x1,1024x1x1,2048x4096x1x1
node_646,flash_attn_blk_f16,0.245400,2.757500,0.005100,16x1x1,0x0x0,128x16x2x1
node_646,flash_attn_f32_f16,0.185400,2.763100,0.107200,16x16x0,16x1x0,128x16x2x1
node_648,kernel_transpose_32_16,0.146400,2.870800,0.004700,512x2x0,1x16x0,2048x2x1x1
node_648,kernel_gemm_noshuffle_q4_0_f32,0.129400,2.876000,0.326100,1x512x1,1x128x1,2048x2x1x1
ffn_inp-10,kernel_add,0.087400,3.202700,0.013200,128x1x1,64x1x1,2048x2x1x1
ffn_norm-10,kernel_rms_norm_mul,0.052400,3.216500,0.005300,2048x1x1,1024x1x1,2048x2x1x1
ffn_moe_logits-10,kernel_mul_mm_f32_f32_l4_lm,0.180200,3.068000,0.459100,128x1x1,128x1x1,64x2x1x1
ffn_moe_probs-10,kernel_soft_max_4,0.112200,3.527700,0.004200,128x1x1,64x1x1,64x2x1x1
ffn_moe_argsort-10,kernel_argsort_f32_i32,0.089200,3.532400,0.012000,64x2x1,64x1x1,64x2x1x1
ffn_moe_weights-10,kernel_get_rows_f32,0.059200,3.545000,0.003500,6x2x1,1x1x1,1x6x2x1
ffn_moe_topk-10,kernel_moe_histogram,0.032200,3.549000,0.002700,64x6x1,64x1x1,6x2x1x1
ffn_moe_topk-10,kernel_moe_scan,0.154200,0.238600,0.015500,1x0x0,1x0x0,6x2x1x1
ffn_moe_topk-10,kernel_moe_fill,0.090200,0.254600,0.002200,64x32x1,64x1x1,6x2x1x1
ffn_moe_topk-10,kernel_moe_scatter,0.064200,0.257300,0.002400,64x6x1,64x1x1,6x2x1x1
ffn_moe_gate-10,kernel_moe_reorder_b,0.328000,0.227300,0.061700,512x2048x1,256x1x1,1408x6x2x1
ffn_moe_gate-10,kernel_gemm_moe_q4_0_f32_ns,0.273000,0.289500,0.593800,64x22x64,64x1x1,1408x6x2x1
ffn_moe_up-10,kernel_moe_reorder_b,0.228000,0.883900,0.060100,512x2048x1,256x1x1,1408x6x2x1
ffn_moe_up-10,kernel_gemm_moe_q4_0_f32_ns,0.197000,0.944500,0.596400,64x22x64,64x1x1,1408x6x2x1
ffn_moe_swiglu-10,kernel_swiglu,0.154000,1.541500,0.003800,6144x1x1,512x1x1,1408x6x2x1
ffn_moe_down-10,kernel_moe_reorder_b,0.114000,1.545900,0.040200,512x2048x1,256x1x1,2048x6x2x1
ffn_moe_down-10,kernel_gemm_moe_q4_0_f32_ns,0.082000,1.586600,0.551200,64x32x64,64x1x1,2048x6x2x1
ffn_moe_out-10,kernel_moe_combine_f32,0.290800,1.885000,0.004300,512x2x0,64x1x0,2048x2x1x1
ffn_gate-10,kernel_transpose_32_16,0.220800,1.889800,0.004900,512x2x0,1x16x0,2816x2x1x1
ffn_gate-10,kernel_gemm_noshuffle_q4_0_f32,0.201800,1.895300,0.315800,1x704x1,1x128x1,2816x2x1x1
ffn_up-10,kernel_transpose_32_16,0.163800,2.211700,0.004800,512x2x0,1x16x0,2816x2x1x1
ffn_up-10,kernel_gemm_noshuffle_q4_0_f32,0.145800,2.217000,0.315900,1x704x1,1x128x1,2816x2x1x1
ffn_swiglu-10,kernel_swiglu,0.116800,2.533400,0.004300,1024x1x1,512x1x1,2816x2x1x1
ffn_shexp-10,kernel_transpose_32_16,0.088800,2.538200,0.006200,704x2x0,1x16x0,2048x2x1x1
ffn_shexp-10,kernel_gemm_noshuffle_q4_0_f32,0.071800,2.545000,0.439700,1x512x1,1x128x1,2048x2x1x1
ffn_out-10,kernel_add,0.328000,2.684500,0.011500,128x1x1,64x1x1,2048x2x1x1
l_out-10,kernel_add,0.252000,2.696500,0.013300,128x1x1,64x1x1,2048x2x1x1
attn_norm-11,kernel_rms_norm_mul,0.213000,2.710400,0.005400,2048x1x1,1024x1x1,2048x2x1x1
q-11,kernel_transpose_32_16,0.185000,2.716400,0.004700,512x2x0,1x16x0,3072x2x1x1
q-11,kernel_gemm_noshuffle_q4_0_f32,0.166000,2.721600,0.316900,1x768x1,1x128x1,3072x2x1x1
q_pe-11,kernel_rope_norm_f32,0.112000,3.039000,0.003200,1024x2x1,64x1x1,64x16x2x1
Qcur-11,kernel_concat_f32,0.078000,3.042800,0.003100,1024x2x1,64x1x1,192x16x2x1
kv_cmpr_pe-11,kernel_transpose_32_16,0.040000,3.046400,0.004700,512x2x0,1x16x0,576x2x1x1
kv_cmpr_pe-11,kernel_gemm_noshuffle_q4_0_f32,0.490200,2.590300,0.310000,1x144x1,1x128x1,576x2x1x1
kv_cmpr-11,kernel_rms_norm_mul,0.409200,2.900900,0.003800,1024x1x1,512x1x1,512x2x1x1
kv-11,kernel_transpose_32_16,0.377200,2.905200,0.003100,128x2x0,1x16x0,4096x2x1x1
kv-11,kernel_gemm_noshuffle_q4_0_f32,0.360200,2.908800,0.082600,1x1024x1,1x128x1,4096x2x1x1
Vcur_cont-11,kernel_cpy_f32_f32,0.323200,2.991900,0.003100,1024x2x1,64x1x1,128x16x2x1
k_pe-11,kernel_rope_norm_f32,0.281200,2.995500,0.002500,64x2x1,64x1x1,64x1x2x1
node_698,kernel_repeat_f32,0.251200,2.998600,0.002600,1024x2x1,64x1x1,64x16x2x1
Kcur-11,kernel_concat_f32,0.061200,3.001800,0.003000,1024x2x1,64x1x1,192x16x2x1
cache_k_l11 (view),kernel_set_rows_f16_i64,0.390000,2.643000,0.004000,2048x1x1,1024x1x1,3072x4096x1x1
cache_v_l11 (view),kernel_set_rows_f16_i64,0.326000,2.647500,0.003300,2048x1x1,1024x1x1,2048x4096x1x1
node_710,flash_attn_blk_f16,0.255000,2.651400,0.005100,16x1x1,0x0x0,128x16x2x1
node_710,flash_attn_f32_f16,0.195000,2.657100,0.106700,16x16x0,16x1x0,128x16x2x1
node_712,kernel_transpose_32_16,0.151000,2.764300,0.004800,512x2x0,1x16x0,2048x2x1x1
node_712,kernel_gemm_noshuffle_q4_0_f32,0.133000,2.769600,0.325900,1x512x1,1x128x1,2048x2x1x1
ffn_inp-11,kernel_add,0.090000,3.096000,0.013400,128x1x1,64x1x1,2048x2x1x1
ffn_norm-11,kernel_rms_norm_mul,0.054000,3.110000,0.005300,2048x1x1,1024x1x1,2048x2x1x1
ffn_moe_logits-11,kernel_mul_mm_f32_f32_l4_lm,0.194200,2.948200,0.457800,128x1x1,128x1x1,64x2x1x1
ffn_moe_probs-11,kernel_soft_max_4,0.124200,3.406500,0.004200,128x1x1,64x1x1,64x2x1x1
ffn_moe_argsort-11,kernel_argsort_f32_i32,0.099200,3.411200,0.012000,64x2x1,64x1x1,64x2x1x1
ffn_moe_weights-11,kernel_get_rows_f32,0.065200,3.423800,0.003200,6x2x1,1x1x1,1x6x2x1
ffn_moe_topk-11,kernel_moe_histogram,0.038200,3.427500,0.002700,64x6x1,64x1x1,6x2x1x1
ffn_moe_topk-11,kernel_moe_scan,0.121600,0.040200,0.013300,1x0x0,1x0x0,6x2x1x1
ffn_moe_topk-11,kernel_moe_fill,0.083600,0.054100,0.001700,64x32x1,64x1x1,6x2x1x1
ffn_moe_topk-11,kernel_moe_scatter,0.050600,0.056400,0.002400,64x6x1,64x1x1,6x2x1x1
ffn_moe_gate-11,kernel_moe_reorder_b,0.361800,0.228600,0.061500,512x2048x1,256x1x1,1408x6x2x1
ffn_moe_gate-11,kernel_gemm_moe_q4_0_f32_ns,0.307800,0.290600,0.593100,64x22x64,64x1x1,1408x6x2x1
ffn_moe_up-11,kernel_moe_reorder_b,0.265800,0.884300,0.058600,512x2048x1,256x1x1,1408x6x2x1
ffn_moe_up-11,kernel_gemm_moe_q4_0_f32_ns,0.231800,0.943500,0.592000,64x22x64,64x1x1,1408x6x2x1
ffn_moe_swiglu-11,kernel_swiglu,0.192800,1.536000,0.003800,6144x1x1,512x1x1,1408x6x2x1
ffn_moe_down-11,kernel_moe_reorder_b,0.159800,1.540400,0.040000,512x2048x1,256x1x1,2048x6x2x1
ffn_moe_down-11,kernel_gemm_moe_q4_0_f32_ns,0.105800,1.580900,0.552600,64x32x64,64x1x1,2048x6x2x1
ffn_moe_out-11,kernel_moe_combine_f32,0.330200,1.844400,0.004200,512x2x0,64x1x0,2048x2x1x1
ffn_gate-11,kernel_transpose_32_16,0.255200,1.849200,0.005000,512x2x0,1x16x0,2816x2x1x1
ffn_gate-11,kernel_gemm_noshuffle_q4_0_f32,0.235200,1.854700,0.315500,1x704x1,1x128x1,2816x2x1x1
ffn_up-11,kernel_transpose_32_16,0.180200,2.170700,0.004800,512x2x0,1x16x0,2816x2x1x1
ffn_up-11,kernel_gemm_noshuffle_q4_0_f32,0.162200,2.176000,0.316900,1x704x1,1x128x1,2816x2x1x1
ffn_swiglu-11,kernel_swiglu,0.129200,2.493400,0.004300,1024x1x1,512x1x1,2816x2x1x1
ffn_shexp-11,kernel_transpose_32_16,0.096200,2.498300,0.006000,704x2x0,1x16x0,2048x2x1x1
ffn_shexp-11,kernel_gemm_noshuffle_q4_0_f32,0.078200,2.504800,0.436600,1x512x1,1x128x1,2048x2x1x1
ffn_out-11,kernel_add,0.334200,2.639200,0.011500,128x1x1,64x1x1,2048x2x1x1
l_out-11,kernel_add,0.246200,2.651300,0.013100,128x1x1,64x1x1,2048x2x1x1
attn_norm-12,kernel_rms_norm_mul,0.208200,2.665000,0.005500,2048x1x1,1024x1x1,2048x2x1x1
q-12,kernel_transpose_32_16,0.176200,2.671000,0.004800,512x2x0,1x16x0,3072x2x1x1
q-12,kernel_gemm_noshuffle_q4_0_f32,0.159200,2.676300,0.318000,1x768x1,1x128x1,3072x2x1x1
q_pe-12,kernel_rope_norm_f32,0.112200,2.994800,0.003500,1024x2x1,64x1x1,64x16x2x1
Qcur-12,kernel_concat_f32,0.075200,2.998800,0.003100,1024x2x1,64x1x1,192x16x2x1
kv_cmpr_pe-12,kernel_transpose_32_16,0.040200,3.002400,0.004800,512x2x0,1x16x0,576x2x1x1
kv_cmpr_pe-12,kernel_gemm_noshuffle_q4_0_f32,0.334400,2.701300,0.311400,1x144x1,1x128x1,576x2x1x1
kv_cmpr-12,kernel_rms_norm_mul,0.258400,3.013200,0.003800,1024x1x1,512x1x1,512x2x1x1
kv-12,kernel_transpose_32_16,0.223400,3.017500,0.003100,128x2x0,1x16x0,4096x2x1x1
kv-12,kernel_gemm_noshuffle_q4_0_f32,0.206400,3.021100,0.082800,1x1024x1,1x128x1,4096x2x1x1
Vcur_cont-12,kernel_cpy_f32_f32,0.169400,3.104500,0.003100,1024x2x1,64x1x1,128x16x2x1
k_pe-12,kernel_rope_norm_f32,0.126400,3.108100,0.002500,64x2x1,64x1x1,64x1x2x1
node_762,kernel_repeat_f32,0.096400,3.111100,0.002700,1024x2x1,64x1x1,64x16x2x1
Kcur-12,kernel_concat_f32,0.060400,3.114300,0.003200,1024x2x1,64x1x1,192x16x2x1
cache_k_l12 (view),kernel_set_rows_f16_i64,0.391200,2.754700,0.003900,2048x1x1,1024x1x1,3072x4096x1x1
cache_v_l12 (view),kernel_set_rows_f16_i64,0.320200,2.759200,0.003300,2048x1x1,1024x1x1,2048x4096x1x1
node_774,flash_attn_blk_f16,0.253200,2.763000,0.005200,16x1x1,0x0x0,128x16x2x1
node_774,flash_attn_f32_f16,0.192200,2.768800,0.106900,16x16x0,16x1x0,128x16x2x1
node_776,kernel_transpose_32_16,0.151200,2.876300,0.004800,512x2x0,1x16x0,2048x2x1x1
node_776,kernel_gemm_noshuffle_q4_0_f32,0.130200,2.881700,0.326100,1x512x1,1x128x1,2048x2x1x1
ffn_inp-12,kernel_add,0.086200,3.208300,0.013300,128x1x1,64x1x1,2048x2x1x1
ffn_norm-12,kernel_rms_norm_mul,0.051200,3.222100,0.005500,2048x1x1,1024x1x1,2048x2x1x1
ffn_moe_logits-12,kernel_mul_mm_f32_f32_l4_lm,0.193600,3.062200,0.458900,128x1x1,128x1x1,64x2x1x1
ffn_moe_probs-12,kernel_soft_max_4,0.118600,3.521600,0.004100,128x1x1,64x1x1,64x2x1x1
ffn_moe_argsort-12,kernel_argsort_f32_i32,0.093600,3.526200,0.012200,64x2x1,64x1x1,64x2x1x1
ffn_moe_weights-12,kernel_get_rows_f32,0.065600,3.539000,0.002900,6x2x1,1x1x1,1x6x2x1
ffn_moe_topk-12,kernel_moe_histogram,0.035600,3.542500,0.002700,64x6x1,64x1x1,6x2x1x1
ffn_moe_topk-12,kernel_moe_scan,0.103200,0.044100,0.013400,1x0x0,1x0x0,6x2x1x1
ffn_moe_topk-12,kernel_moe_fill,0.067200,0.058100,0.002100,64x32x1,64x1x1,6x2x1x1
ffn_moe_topk-12,kernel_moe_scatter,0.043200,0.060700,0.002500,64x6x1,64x1x1,6x2x1x1
ffn_moe_gate-12,kernel_moe_reorder_b,0.312000,0.232800,0.064200,512x2048x1,256x1x1,1408x6x2x1
ffn_moe_gate-12,kernel_gemm_moe_q4_0_f32_ns,0.256000,0.297500,0.624600,64x22x64,64x1x1,1408x6x2x1
ffn_moe_up-12,kernel_moe_reorder_b,0.215000,0.922700,0.062500,512x2048x1,256x1x1,1408x6x2x1
ffn_moe_up-12,kernel_gemm_moe_q4_0_f32_ns,0.173000,0.985700,0.626600,64x22x64,64x1x1,1408x6x2x1
ffn_moe_swiglu-12,kernel_swiglu,0.140000,1.612800,0.004000,6144x1x1,512x1x1,1408x6x2x1
ffn_moe_down-12,kernel_moe_reorder_b,0.106000,1.617300,0.042800,512x2048x1,256x1x1,2048x6x2x1
ffn_moe_down-12,kernel_gemm_moe_q4_0_f32_ns,0.075000,1.660600,0.581400,64x32x64,64x1x1,2048x6x2x1
ffn_moe_out-12,kernel_moe_combine_f32,0.297200,1.982600,0.004600,512x2x0,64x1x0,2048x2x1x1
ffn_gate-12,kernel_transpose_32_16,0.227200,1.987800,0.005200,512x2x0,1x16x0,2816x2x1x1
ffn_gate-12,kernel_gemm_noshuffle_q4_0_f32,0.204200,1.993600,0.318200,1x704x1,1x128x1,2816x2x1x1
ffn_up-12,kernel_transpose_32_16,0.170200,2.312300,0.004800,512x2x0,1x16x0,2816x2x1x1
ffn_up-12,kernel_gemm_noshuffle_q4_0_f32,0.152200,2.317700,0.316000,1x704x1,1x128x1,2816x2x1x1
ffn_swiglu-12,kernel_swiglu,0.123200,2.634200,0.004600,1024x1x1,512x1x1,2816x2x1x1
ffn_shexp-12,kernel_transpose_32_16,0.094200,2.639300,0.006100,704x2x0,1x16x0,2048x2x1x1
ffn_shexp-12,kernel_gemm_noshuffle_q4_0_f32,0.077200,2.645900,0.432700,1x512x1,1x128x1,2048x2x1x1
ffn_out-12,kernel_add,0.412600,2.702000,0.011600,128x1x1,64x1x1,2048x2x1x1
l_out-12,kernel_add,0.327600,2.714100,0.013300,128x1x1,64x1x1,2048x2x1x1
attn_norm-13,kernel_rms_norm_mul,0.287600,2.727900,0.005500,2048x1x1,1024x1x1,2048x2x1x1
q-13,kernel_transpose_32_16,0.219600,2.734000,0.004700,512x2x0,1x16x0,3072x2x1x1
q-13,kernel_gemm_noshuffle_q4_0_f32,0.165600,2.739300,0.316200,1x768x1,1x128x1,3072x2x1x1
q_pe-13,kernel_rope_norm_f32,0.118600,3.056000,0.003200,1024x2x1,64x1x1,64x16x2x1
Qcur-13,kernel_concat_f32,0.081600,3.059800,0.003200,1024x2x1,64x1x1,192x16x2x1
kv_cmpr_pe-13,kernel_transpose_32_16,0.040600,3.063500,0.004800,512x2x0,1x16x0,576x2x1x1
kv_cmpr_pe-13,kernel_gemm_noshuffle_q4_0_f32,0.332800,2.764400,0.309400,1x144x1,1x128x1,576x2x1x1
kv_cmpr-13,kernel_rms_norm_mul,0.253800,3.074400,0.003700,1024x1x1,512x1x1,512x2x1x1
kv-13,kernel_transpose_32_16,0.221800,3.078700,0.002900,128x2x0,1x16x0,4096x2x1x1
kv-13,kernel_gemm_noshuffle_q4_0_f32,0.201800,3.082100,0.082200,1x1024x1,1x128x1,4096x2x1x1
Vcur_cont-13,kernel_cpy_f32_f32,0.165800,3.164800,0.003200,1024x2x1,64x1x1,128x16x2x1
k_pe-13,kernel_rope_norm_f32,0.122800,3.168600,0.002500,64x2x1,64x1x1,64x1x2x1
node_826,kernel_repeat_f32,0.095800,3.171600,0.002800,1024x2x1,64x1x1,64x16x2x1
Kcur-13,kernel_concat_f32,0.056800,3.174900,0.002900,1024x2x1,64x1x1,192x16x2x1
cache_k_l13 (view),kernel_set_rows_f16_i64,0.382000,2.823700,0.004000,2048x1x1,1024x1x1,3072x4096x1x1
cache_v_l13 (view),kernel_set_rows_f16_i64,0.314000,2.828200,0.003200,2048x1x1,1024x1x1,2048x4096x1x1
node_838,flash_attn_blk_f16,0.242000,2.832000,0.005200,16x1x1,0x0x0,128x16x2x1
node_838,flash_attn_f32_f16,0.178000,2.837700,0.107000,16x16x0,16x1x0,128x16x2x1
node_840,kernel_transpose_32_16,0.136000,2.945300,0.004700,512x2x0,1x16x0,2048x2x1x1
node_840,kernel_gemm_noshuffle_q4_0_f32,0.119000,2.950600,0.326900,1x512x1,1x128x1,2048x2x1x1
ffn_inp-13,kernel_add,0.069000,3.278000,0.012800,128x1x1,64x1x1,2048x2x1x1
ffn_norm-13,kernel_rms_norm_mul,0.033000,3.291300,0.005400,2048x1x1,1024x1x1,2048x2x1x1
ffn_moe_up-13,kernel_moe_reorder_b,0.074000,0.039000,0.077200,512x2048x1,256x1x1,1408x6x2x1
ffn_moe_up-13,kernel_gemm_moe_q4_0_f32_ns,0.039000,0.116800,0.634500,64x22x64,64x1x1,1408x6x2x1
ffn_moe_swiglu-13,kernel_swiglu,0.019000,0.751800,0.004300,6144x1x1,512x1x1,1408x6x2x1
ffn_up-13,kernel_transpose_32_16,0.070000,0.060300,0.005800,512x2x0,1x16x0,2816x2x1x1
ffn_up-13,kernel_gemm_noshuffle_q4_0_f32,0.047000,0.066600,0.330600,1x704x1,1x128x1,2816x2x1x1
ffn_swiglu-13,kernel_swiglu,0.032000,0.397800,0.004500,1024x1x1,512x1x1,2816x2x1x1
ffn_out-13,kernel_add,0.232200,0.267700,0.013600,128x1x1,64x1x1,2048x2x1x1
l_out-13,kernel_add,0.191200,0.281800,0.013600,128x1x1,64x1x1,2048x2x1x1
attn_norm-14,kernel_rms_norm_mul,0.162200,0.295900,0.005500,2048x1x1,1024x1x1,2048x2x1x1
q-14,kernel_transpose_32_16,0.127200,0.301900,0.004700,512x2x0,1x16x0,3072x2x1x1
q-14,kernel_gemm_noshuffle_q4_0_f32,0.110200,0.307100,0.318600,1x768x1,1x128x1,3072x2x1x1
q_pe-14,kernel_rope_norm_f32,0.075200,0.626200,0.003100,1024x2x1,64x1x1,64x16x2x1
Qcur-14,kernel_concat_f32,0.051200,0.629800,0.003200,1024x2x1,64x1x1,192x16x2x1
kv_cmpr_pe-14,kernel_transpose_32_16,0.028200,0.633600,0.004700,512x2x0,1x16x0,576x2x1x1
kv_cmpr_pe-14,kernel_gemm_noshuffle_q4_0_f32,0.228600,0.434400,0.311500,1x144x1,1x128x1,576x2x1x1
kv_cmpr-14,kernel_rms_norm_mul,0.168600,0.746500,0.003800,1024x1x1,512x1x1,512x2x1x1
kv-14,kernel_transpose_32_16,0.147600,0.750800,0.003100,128x2x0,1x16x0,4096x2x1x1
kv-14,kernel_gemm_noshuffle_q4_0_f32,0.136600,0.754400,0.082800,1x1024x1,1x128x1,4096x2x1x1
Vcur_cont-14,kernel_cpy_f32_f32,0.110600,0.837700,0.003100,1024x2x1,64x1x1,128x16x2x1
k_pe-14,kernel_rope_norm_f32,0.083600,0.841400,0.002400,64x2x1,64x1x1,64x1x2x1
node_890,kernel_repeat_f32,0.063600,0.844400,0.002800,1024x2x1,64x1x1,64x16x2x1
Kcur-14,kernel_concat_f32,0.040600,0.847700,0.003400,1024x2x1,64x1x1,192x16x2x1
cache_k_l14 (view),kernel_set_rows_f16_i64,0.288400,0.585800,0.003900,2048x1x1,1024x1x1,3072x4096x1x1
cache_v_l14 (view),kernel_set_rows_f16_i64,0.237400,0.590300,0.003100,2048x1x1,1024x1x1,2048x4096x1x1
node_902,flash_attn_blk_f16,0.176400,0.594000,0.005000,16x1x1,0x0x0,128x16x2x1
node_902,flash_attn_f32_f16,0.133400,0.599500,0.106600,16x16x0,16x1x0,128x16x2x1
node_904,kernel_transpose_32_16,0.100400,0.706600,0.004900,512x2x0,1x16x0,2048x2x1x1
node_904,kernel_gemm_noshuffle_q4_0_f32,0.089400,0.712000,0.327600,1x512x1,1x128x1,2048x2x1x1
ffn_inp-14,kernel_add,0.059400,1.040100,0.013100,128x1x1,64x1x1,2048x2x1x1
ffn_norm-14,kernel_rms_norm_mul,0.036400,1.053800,0.005400,2048x1x1,1024x1x1,2048x2x1x1
ffn_moe_logits-14,kernel_mul_mm_f32_f32_l4_lm,0.109400,0.971500,0.460900,128x1x1,128x1x1,64x2x1x1
ffn_moe_probs-14,kernel_soft_max_4,0.060400,1.433000,0.003800,128x1x1,64x1x1,64x2x1x1
ffn_moe_argsort-14,kernel_argsort_f32_i32,0.043400,1.437300,0.012100,64x2x1,64x1x1,64x2x1x1
ffn_moe_weights-14,kernel_get_rows_f32,0.021400,1.450000,0.003000,6x2x1,1x1x1,1x6x2x1
ffn_moe_out-14,kernel_moe_combine_f32,0.138000,0.059900,0.004200,512x2x0,64x1x0,2048x2x1x1
ffn_gate-14,kernel_transpose_32_16,0.107000,0.064600,0.005200,512x2x0,1x16x0,2816x2x1x1
ffn_gate-14,kernel_gemm_noshuffle_q4_0_f32,0.095000,0.070400,0.336200,1x704x1,1x128x1,2816x2x1x1
ffn_up-14,kernel_transpose_32_16,0.068000,0.407100,0.004800,512x2x0,1x16x0,2816x2x1x1
ffn_up-14,kernel_gemm_noshuffle_q4_0_f32,0.059000,0.412500,0.333500,1x704x1,1x128x1,2816x2x1x1
ffn_swiglu-14,kernel_swiglu,0.042000,0.746600,0.004400,1024x1x1,512x1x1,2816x2x1x1
ffn_shexp-14,kernel_transpose_32_16,0.027000,0.751500,0.006300,704x2x0,1x16x0,2048x2x1x1
ffn_shexp-14,kernel_gemm_noshuffle_q4_0_f32,0.199000,0.582700,0.466200,1x512x1,1x128x1,2048x2x1x1
ffn_out-14,kernel_add,0.145000,1.049400,0.013300,128x1x1,64x1x1,2048x2x1x1
l_out-14,kernel_add,0.125000,1.063200,0.013400,128x1x1,64x1x1,2048x2x1x1
attn_norm-15,kernel_rms_norm_mul,0.107000,1.077100,0.005500,2048x1x1,1024x1x1,2048x2x1x1
q-15,kernel_transpose_32_16,0.091000,1.083100,0.004900,512x2x0,1x16x0,3072x2x1x1
q-15,kernel_gemm_noshuffle_q4_0_f32,0.080000,1.088500,0.334300,1x768x1,1x128x1,3072x2x1x1
q_pe-15,kernel_rope_norm_f32,0.047000,1.423300,0.003100,1024x2x1,64x1x1,64x16x2x1
Qcur-15,kernel_concat_f32,0.031000,1.426900,0.003100,1024x2x1,64x1x1,192x16x2x1
kv_cmpr_pe-15,kernel_transpose_32_16,0.152600,1.297600,0.005200,512x2x0,1x16x0,576x2x1x1
kv_cmpr_pe-15,kernel_gemm_noshuffle_q4_0_f32,0.118600,1.303400,0.323500,1x144x1,1x128x1,576x2x1x1
kv_cmpr-15,kernel_rms_norm_mul,0.099600,1.627400,0.003800,1024x1x1,512x1x1,512x2x1x1
kv-15,kernel_transpose_32_16,0.087600,1.631800,0.002700,128x2x0,1x16x0,4096x2x1x1
kv-15,kernel_gemm_noshuffle_q4_0_f32,0.080600,1.635100,0.086800,1x1024x1,1x128x1,4096x2x1x1
Vcur_cont-15,kernel_cpy_f32_f32,0.063600,1.722500,0.003200,1024x2x1,64x1x1,128x16x2x1
k_pe-15,kernel_rope_norm_f32,0.041600,1.726200,0.002400,64x2x1,64x1x1,64x1x2x1
node_954,kernel_repeat_f32,0.028600,1.729200,0.002600,1024x2x1,64x1x1,64x16x2x1
Kcur-15,kernel_concat_f32,0.211400,1.538100,0.002800,1024x2x1,64x1x1,192x16x2x1
cache_k_l15 (view),kernel_set_rows_f16_i64,0.172400,1.541500,0.004100,2048x1x1,1024x1x1,3072x4096x1x1
cache_v_l15 (view),kernel_set_rows_f16_i64,0.159400,1.546100,0.003200,2048x1x1,1024x1x1,2048x4096x1x1
node_966,flash_attn_blk_f16,0.104400,1.549800,0.005200,16x1x1,0x0x0,128x16x2x1
node_966,flash_attn_f32_f16,0.074400,1.555500,0.109800,16x16x0,16x1x0,128x16x2x1
node_968,kernel_transpose_32_16,0.054400,1.665800,0.004900,512x2x0,1x16x0,2048x2x1x1
node_968,kernel_gemm_noshuffle_q4_0_f32,0.047400,1.671300,0.330700,1x512x1,1x128x1,2048x2x1x1
ffn_inp-15,kernel_add,0.028400,2.002600,0.012900,128x1x1,64x1x1,2048x2x1x1
ffn_norm-15,kernel_rms_norm_mul,0.090400,1.941400,0.005700,2048x1x1,1024x1x1,2048x2x1x1
ffn_moe_logits-15,kernel_mul_mm_f32_f32_l4_lm,0.059400,1.947600,0.465900,128x1x1,128x1x1,64x2x1x1
ffn_moe_probs-15,kernel_soft_max_4,0.043400,2.414100,0.004000,128x1x1,64x1x1,64x2x1x1
ffn_moe_argsort-15,kernel_argsort_f32_i32,0.029400,2.418600,0.012200,64x2x1,64x1x1,64x2x1x1
ffn_moe_weights-15,kernel_get_rows_f32,0.015400,2.431400,0.002700,6x2x1,1x1x1,1x6x2x1
ffn_moe_out-15,kernel_moe_combine_f32,0.122800,0.057200,0.004300,512x2x0,64x1x0,2048x2x1x1
ffn_gate-15,kernel_transpose_32_16,0.093800,0.062000,0.005200,512x2x0,1x16x0,2816x2x1x1
ffn_gate-15,kernel_gemm_noshuffle_q4_0_f32,0.081800,0.067800,0.334600,1x704x1,1x128x1,2816x2x1x1
ffn_up-15,kernel_transpose_32_16,0.065800,0.402900,0.004800,512x2x0,1x16x0,2816x2x1x1
ffn_up-15,kernel_gemm_noshuffle_q4_0_f32,0.057800,0.408200,0.331700,1x704x1,1x128x1,2816x2x1x1
ffn_swiglu-15,kernel_swiglu,0.041800,0.740400,0.004400,1024x1x1,512x1x1,2816x2x1x1
ffn_shexp-15,kernel_transpose_32_16,0.025800,0.745400,0.006100,704x2x0,1x16x0,2048x2x1x1
ffn_shexp-15,kernel_gemm_noshuffle_q4_0_f32,0.172800,0.601500,0.455600,1x512x1,1x128x1,2048x2x1x1
ffn_out-15,kernel_add,0.121800,1.057700,0.013000,128x1x1,64x1x1,2048x2x1x1
l_out-15,kernel_add,0.103800,1.071300,0.013700,128x1x1,64x1x1,2048x2x1x1
attn_norm-16,kernel_rms_norm_mul,0.085800,1.085500,0.005600,2048x1x1,1024x1x1,2048x2x1x1
q-16,kernel_transpose_32_16,0.072800,1.091600,0.004700,512x2x0,1x16x0,3072x2x1x1
q-16,kernel_gemm_noshuffle_q4_0_f32,0.064800,1.096800,0.327800,1x768x1,1x128x1,3072x2x1x1
q_pe-16,kernel_rope_norm_f32,0.043800,1.425200,0.003000,1024x2x1,64x1x1,64x16x2x1
Qcur-16,kernel_concat_f32,0.027800,1.428800,0.003100,1024x2x1,64x1x1,192x16x2x1
kv_cmpr_pe-16,kernel_transpose_32_16,0.147400,1.301800,0.005200,512x2x0,1x16x0,576x2x1x1
kv_cmpr_pe-16,kernel_gemm_noshuffle_q4_0_f32,0.115400,1.307600,0.322500,1x144x1,1x128x1,576x2x1x1
kv_cmpr-16,kernel_rms_norm_mul,0.098400,1.630600,0.003800,1024x1x1,512x1x1,512x2x1x1
kv-16,kernel_transpose_32_16,0.085400,1.635000,0.002700,128x2x0,1x16x0,4096x2x1x1
kv-16,kernel_gemm_noshuffle_q4_0_f32,0.076400,1.638200,0.085400,1x1024x1,1x128x1,4096x2x1x1
Vcur_cont-16,kernel_cpy_f32_f32,0.059400,1.724200,0.003100,1024x2x1,64x1x1,128x16x2x1
k_pe-16,kernel_rope_norm_f32,0.040400,1.727900,0.002500,64x2x1,64x1x1,64x1x2x1
node_1018,kernel_repeat_f32,0.028400,1.730900,0.002600,1024x2x1,64x1x1,64x16x2x1
Kcur-16,kernel_concat_f32,0.199600,1.550900,0.002900,1024x2x1,64x1x1,192x16x2x1
cache_k_l16 (view),kernel_set_rows_f16_i64,0.165600,1.554400,0.004100,2048x1x1,1024x1x1,3072x4096x1x1
cache_v_l16 (view),kernel_set_rows_f16_i64,0.151600,1.559100,0.003100,2048x1x1,1024x1x1,2048x4096x1x1
node_1030,flash_attn_blk_f16,0.101600,1.562800,0.005100,16x1x1,0x0x0,128x16x2x1
node_1030,flash_attn_f32_f16,0.072600,1.568400,0.112200,16x16x0,16x1x0,128x16x2x1
node_1032,kernel_transpose_32_16,0.054600,1.681200,0.004900,512x2x0,1x16x0,2048x2x1x1
node_1032,kernel_gemm_noshuffle_q4_0_f32,0.046600,1.686600,0.338800,1x512x1,1x128x1,2048x2x1x1
ffn_inp-16,kernel_add,0.027600,2.025900,0.013100,128x1x1,64x1x1,2048x2x1x1
ffn_norm-16,kernel_rms_norm_mul,0.094200,1.961200,0.005600,2048x1x1,1024x1x1,2048x2x1x1
ffn_moe_logits-16,kernel_mul_mm_f32_f32_l4_lm,0.061200,1.967300,0.463900,128x1x1,128x1x1,64x2x1x1
ffn_moe_probs-16,kernel_soft_max_4,0.044200,2.431700,0.003700,128x1x1,64x1x1,64x2x1x1
ffn_moe_argsort-16,kernel_argsort_f32_i32,0.029200,2.435900,0.012200,64x2x1,64x1x1,64x2x1x1
ffn_moe_weights-16,kernel_get_rows_f32,0.017200,2.448600,0.002900,6x2x1,1x1x1,1x6x2x1
ffn_moe_out-16,kernel_moe_combine_f32,0.156000,0.311700,0.004400,512x2x0,64x1x0,2048x2x1x1
ffn_gate-16,kernel_transpose_32_16,0.119000,0.316600,0.005400,512x2x0,1x16x0,2816x2x1x1
ffn_gate-16,kernel_gemm_noshuffle_q4_0_f32,0.104000,0.322500,0.325400,1x704x1,1x128x1,2816x2x1x1
ffn_up-16,kernel_transpose_32_16,0.080000,0.648400,0.004700,512x2x0,1x16x0,2816x2x1x1
ffn_up-16,kernel_gemm_noshuffle_q4_0_f32,0.070000,0.653600,0.319300,1x704x1,1x128x1,2816x2x1x1
ffn_swiglu-16,kernel_swiglu,0.051000,0.973400,0.004600,1024x1x1,512x1x1,2816x2x1x1
ffn_shexp-16,kernel_transpose_32_16,0.034000,0.978500,0.006100,704x2x0,1x16x0,2048x2x1x1
ffn_shexp-16,kernel_gemm_noshuffle_q4_0_f32,0.220800,0.795400,0.449800,1x512x1,1x128x1,2048x2x1x1
ffn_out-16,kernel_add,0.154800,1.245700,0.013400,128x1x1,64x1x1,2048x2x1x1
l_out-16,kernel_add,0.131800,1.259600,0.013600,128x1x1,64x1x1,2048x2x1x1
attn_norm-17,kernel_rms_norm_mul,0.110800,1.273700,0.005500,2048x1x1,1024x1x1,2048x2x1x1
q-17,kernel_transpose_32_16,0.094800,1.279700,0.004800,512x2x0,1x16x0,3072x2x1x1
q-17,kernel_gemm_noshuffle_q4_0_f32,0.084800,1.285100,0.321700,1x768x1,1x128x1,3072x2x1x1
q_pe-17,kernel_rope_norm_f32,0.055800,1.607300,0.003200,1024x2x1,64x1x1,64x16x2x1
Qcur-17,kernel_concat_f32,0.035800,1.611000,0.003200,1024x2x1,64x1x1,192x16x2x1
kv_cmpr_pe-17,kernel_transpose_32_16,0.184800,1.449100,0.005300,512x2x0,1x16x0,576x2x1x1
kv_cmpr_pe-17,kernel_gemm_noshuffle_q4_0_f32,0.146800,1.455000,0.310600,1x144x1,1x128x1,576x2x1x1
kv_cmpr-17,kernel_rms_norm_mul,0.122800,1.766100,0.003800,1024x1x1,512x1x1,512x2x1x1
kv-17,kernel_transpose_32_16,0.106800,1.770400,0.002700,128x2x0,1x16x0,4096x2x1x1
kv-17,kernel_gemm_noshuffle_q4_0_f32,0.097800,1.773700,0.083900,1x1024x1,1x128x1,4096x2x1x1
Vcur_cont-17,kernel_cpy_f32_f32,0.076800,1.858100,0.003300,1024x2x1,64x1x1,128x16x2x1
k_pe-17,kernel_rope_norm_f32,0.052800,1.861900,0.002500,64x2x1,64x1x1,64x1x2x1
node_1082,kernel_repeat_f32,0.034800,1.864900,0.002800,1024x2x1,64x1x1,64x16x2x1
Kcur-17,kernel_concat_f32,0.273200,1.615000,0.002900,1024x2x1,64x1x1,192x16x2x1
cache_k_l17 (view),kernel_set_rows_f16_i64,0.222200,1.618400,0.004200,2048x1x1,1024x1x1,3072x4096x1x1
cache_v_l17 (view),kernel_set_rows_f16_i64,0.205200,1.623200,0.003200,2048x1x1,1024x1x1,2048x4096x1x1
node_1094,flash_attn_blk_f16,0.141200,1.626900,0.005100,16x1x1,0x0x0,128x16x2x1
node_1094,flash_attn_f32_f16,0.103200,1.632600,0.107900,16x16x0,16x1x0,128x16x2x1
node_1096,kernel_transpose_32_16,0.066200,1.741000,0.004900,512x2x0,1x16x0,2048x2x1x1
node_1096,kernel_gemm_noshuffle_q4_0_f32,0.056200,1.746500,0.322500,1x512x1,1x128x1,2048x2x1x1
ffn_inp-17,kernel_add,0.033200,2.069600,0.012900,128x1x1,64x1x1,2048x2x1x1
ffn_norm-17,kernel_rms_norm_mul,0.117600,1.983000,0.005700,2048x1x1,1024x1x1,2048x2x1x1
ffn_moe_logits-17,kernel_mul_mm_f32_f32_l4_lm,0.074600,1.989300,0.450200,128x1x1,128x1x1,64x2x1x1
ffn_moe_probs-17,kernel_soft_max_4,0.051600,2.440100,0.003800,128x1x1,64x1x1,64x2x1x1
ffn_moe_argsort-17,kernel_argsort_f32_i32,0.036600,2.444400,0.012000,64x2x1,64x1x1,64x2x1x1
ffn_moe_weights-17,kernel_get_rows_f32,0.018600,2.456900,0.002800,6x2x1,1x1x1,1x6x2x1
ffn_moe_out-17,kernel_moe_combine_f32,0.131000,0.053200,0.004300,512x2x0,64x1x0,2048x2x1x1
ffn_gate-17,kernel_transpose_32_16,0.098000,0.058100,0.005300,512x2x0,1x16x0,2816x2x1x1
ffn_gate-17,kernel_gemm_noshuffle_q4_0_f32,0.086000,0.064000,0.337900,1x704x1,1x128x1,2816x2x1x1
ffn_up-17,kernel_transpose_32_16,0.067000,0.402400,0.004800,512x2x0,1x16x0,2816x2x1x1
ffn_up-17,kernel_gemm_noshuffle_q4_0_f32,0.059000,0.407700,0.333200,1x704x1,1x128x1,2816x2x1x1
ffn_swiglu-17,kernel_swiglu,0.044000,0.741500,0.004500,1024x1x1,512x1x1,2816x2x1x1
ffn_shexp-17,kernel_transpose_32_16,0.030000,0.746600,0.006200,704x2x0,1x16x0,2048x2x1x1
ffn_shexp-17,kernel_gemm_noshuffle_q4_0_f32,0.171200,0.606600,0.452900,1x512x1,1x128x1,2048x2x1x1
ffn_out-17,kernel_add,0.121200,1.060100,0.013200,128x1x1,64x1x1,2048x2x1x1
l_out-17,kernel_add,0.105200,1.073900,0.013200,128x1x1,64x1x1,2048x2x1x1
attn_norm-18,kernel_rms_norm_mul,0.088200,1.087700,0.005300,2048x1x1,1024x1x1,2048x2x1x1
q-18,kernel_transpose_32_16,0.074200,1.093600,0.004700,512x2x0,1x16x0,3072x2x1x1
q-18,kernel_gemm_noshuffle_q4_0_f32,0.066200,1.098800,0.327600,1x768x1,1x128x1,3072x2x1x1
q_pe-18,kernel_rope_norm_f32,0.045200,1.426900,0.003300,1024x2x1,64x1x1,64x16x2x1
Qcur-18,kernel_concat_f32,0.029200,1.430800,0.003100,1024x2x1,64x1x1,192x16x2x1
kv_cmpr_pe-18,kernel_transpose_32_16,0.144400,1.306000,0.005300,512x2x0,1x16x0,576x2x1x1
kv_cmpr_pe-18,kernel_gemm_noshuffle_q4_0_f32,0.114400,1.311800,0.322300,1x144x1,1x128x1,576x2x1x1
kv_cmpr-18,kernel_rms_norm_mul,0.097400,1.634600,0.003800,1024x1x1,512x1x1,512x2x1x1
kv-18,kernel_transpose_32_16,0.085400,1.639000,0.002800,128x2x0,1x16x0,4096x2x1x1
kv-18,kernel_gemm_noshuffle_q4_0_f32,0.077400,1.642300,0.085200,1x1024x1,1x128x1,4096x2x1x1
Vcur_cont-18,kernel_cpy_f32_f32,0.059400,1.728100,0.003000,1024x2x1,64x1x1,128x16x2x1
k_pe-18,kernel_rope_norm_f32,0.040400,1.731700,0.002500,64x2x1,64x1x1,64x1x2x1
node_1146,kernel_repeat_f32,0.027400,1.734700,0.002500,1024x2x1,64x1x1,64x16x2x1
Kcur-18,kernel_concat_f32,0.202600,1.551800,0.002900,1024x2x1,64x1x1,192x16x2x1
cache_k_l18 (view),kernel_set_rows_f16_i64,0.166600,1.555300,0.004100,2048x1x1,1024x1x1,3072x4096x1x1
cache_v_l18 (view),kernel_set_rows_f16_i64,0.154600,1.559900,0.003200,2048x1x1,1024x1x1,2048x4096x1x1
node_1158,flash_attn_blk_f16,0.099600,1.563600,0.005200,16x1x1,0x0x0,128x16x2x1
node_1158,flash_attn_f32_f16,0.071600,1.569300,0.111800,16x16x0,16x1x0,128x16x2x1
node_1160,kernel_transpose_32_16,0.053600,1.681600,0.005100,512x2x0,1x16x0,2048x2x1x1
node_1160,kernel_gemm_noshuffle_q4_0_f32,0.046600,1.687200,0.339600,1x512x1,1x128x1,2048x2x1x1
ffn_inp-18,kernel_add,0.028600,2.027400,0.012800,128x1x1,64x1x1,2048x2x1x1
ffn_norm-18,kernel_rms_norm_mul,0.093000,1.963700,0.005700,2048x1x1,1024x1x1,2048x2x1x1
ffn_moe_logits-18,kernel_mul_mm_f32_f32_l4_lm,0.059000,1.969900,0.471000,128x1x1,128x1x1,64x2x1x1
ffn_moe_probs-18,kernel_soft_max_4,0.042000,2.441400,0.003800,128x1x1,64x1x1,64x2x1x1
ffn_moe_argsort-18,kernel_argsort_f32_i32,0.030000,2.445700,0.012200,64x2x1,64x1x1,64x2x1x1
ffn_moe_weights-18,kernel_get_rows_f32,0.016000,2.458400,0.002900,6x2x1,1x1x1,1x6x2x1
ffn_moe_out-18,kernel_moe_combine_f32,0.126600,0.062000,0.004200,512x2x0,64x1x0,2048x2x1x1
ffn_gate-18,kernel_transpose_32_16,0.094600,0.066800,0.005100,512x2x0,1x16x0,2816x2x1x1
ffn_gate-18,kernel_gemm_noshuffle_q4_0_f32,0.082600,0.072500,0.336500,1x704x1,1x128x1,2816x2x1x1
ffn_up-18,kernel_transpose_32_16,0.064600,0.409500,0.004800,512x2x0,1x16x0,2816x2x1x1
ffn_up-18,kernel_gemm_noshuffle_q4_0_f32,0.056600,0.414900,0.332300,1x704x1,1x128x1,2816x2x1x1
ffn_swiglu-18,kernel_swiglu,0.041600,0.747700,0.004300,1024x1x1,512x1x1,2816x2x1x1
ffn_shexp-18,kernel_transpose_32_16,0.027600,0.752600,0.006000,704x2x0,1x16x0,2048x2x1x1
ffn_shexp-18,kernel_gemm_noshuffle_q4_0_f32,0.184400,0.597800,0.465500,1x512x1,1x128x1,2048x2x1x1
ffn_out-18,kernel_add,0.128400,1.063900,0.013200,128x1x1,64x1x1,2048x2x1x1
l_out-18,kernel_add,0.108400,1.077700,0.013200,128x1x1,64x1x1,2048x2x1x1
attn_norm-19,kernel_rms_norm_mul,0.089400,1.091500,0.005500,2048x1x1,1024x1x1,2048x2x1x1
q-19,kernel_transpose_32_16,0.076400,1.097500,0.004700,512x2x0,1x16x0,3072x2x1x1
q-19,kernel_gemm_noshuffle_q4_0_f32,0.068400,1.102800,0.334700,1x768x1,1x128x1,3072x2x1x1
q_pe-19,kernel_rope_norm_f32,0.047400,1.438100,0.003000,1024x2x1,64x1x1,64x16x2x1
Qcur-19,kernel_concat_f32,0.027400,1.441700,0.003100,1024x2x1,64x1x1,192x16x2x1
kv_cmpr_pe-19,kernel_transpose_32_16,0.148800,1.313800,0.005100,512x2x0,1x16x0,576x2x1x1
kv_cmpr_pe-19,kernel_gemm_noshuffle_q4_0_f32,0.116800,1.319500,0.322500,1x144x1,1x128x1,576x2x1x1
kv_cmpr-19,kernel_rms_norm_mul,0.098800,1.642500,0.004000,1024x1x1,512x1x1,512x2x1x1
kv-19,kernel_transpose_32_16,0.085800,1.647000,0.002700,128x2x0,1x16x0,4096x2x1x1
kv-19,kernel_gemm_noshuffle_q4_0_f32,0.078800,1.650200,0.086700,1x1024x1,1x128x1,4096x2x1x1
Vcur_cont-19,kernel_cpy_f32_f32,0.061800,1.737500,0.002900,1024x2x1,64x1x1,128x16x2x1
k_pe-19,kernel_rope_norm_f32,0.042800,1.741000,0.002400,64x2x1,64x1x1,64x1x2x1
node_1210,kernel_repeat_f32,0.028800,1.744000,0.002600,1024x2x1,64x1x1,64x16x2x1
Kcur-19,kernel_concat_f32,0.210600,1.554400,0.002900,1024x2x1,64x1x1,192x16x2x1
cache_k_l19 (view),kernel_set_rows_f16_i64,0.173600,1.557900,0.004200,2048x1x1,1024x1x1,3072x4096x1x1
cache_v_l19 (view),kernel_set_rows_f16_i64,0.156600,1.562700,0.003200,2048x1x1,1024x1x1,2048x4096x1x1
node_1222,flash_attn_blk_f16,0.104600,1.566500,0.005100,16x1x1,0x0x0,128x16x2x1
node_1222,flash_attn_f32_f16,0.074600,1.572100,0.111700,16x16x0,16x1x0,128x16x2x1
node_1224,kernel_transpose_32_16,0.056600,1.684400,0.004800,512x2x0,1x16x0,2048x2x1x1
node_1224,kernel_gemm_noshuffle_q4_0_f32,0.047600,1.689700,0.331400,1x512x1,1x128x1,2048x2x1x1
ffn_inp-19,kernel_add,0.028600,2.021700,0.013000,128x1x1,64x1x1,2048x2x1x1
ffn_norm-19,kernel_rms_norm_mul,0.094800,1.957500,0.005900,2048x1x1,1024x1x1,2048x2x1x1
ffn_moe_logits-19,kernel_mul_mm_f32_f32_l4_lm,0.060800,1.964000,0.469400,128x1x1,128x1x1,64x2x1x1
ffn_moe_probs-19,kernel_soft_max_4,0.042800,2.434000,0.003800,128x1x1,64x1x1,64x2x1x1
ffn_moe_argsort-19,kernel_argsort_f32_i32,0.029800,2.438300,0.012100,64x2x1,64x1x1,64x2x1x1
ffn_moe_weights-19,kernel_get_rows_f32,0.016800,2.450900,0.002800,6x2x1,1x1x1,1x6x2x1
ffn_moe_out-19,kernel_moe_combine_f32,0.123800,0.059900,0.004200,512x2x0,64x1x0,2048x2x1x1
ffn_gate-19,kernel_transpose_32_16,0.092800,0.064600,0.005400,512x2x0,1x16x0,2816x2x1x1
ffn_gate-19,kernel_gemm_noshuffle_q4_0_f32,0.080800,0.070600,0.338000,1x704x1,1x128x1,2816x2x1x1
ffn_up-19,kernel_transpose_32_16,0.063800,0.409200,0.004800,512x2x0,1x16x0,2816x2x1x1
ffn_up-19,kernel_gemm_noshuffle_q4_0_f32,0.054800,0.414500,0.332500,1x704x1,1x128x1,2816x2x1x1
ffn_swiglu-19,kernel_swiglu,0.039800,0.747600,0.004300,1024x1x1,512x1x1,2816x2x1x1
ffn_shexp-19,kernel_transpose_32_16,0.024800,0.752400,0.006100,704x2x0,1x16x0,2048x2x1x1
ffn_shexp-19,kernel_gemm_noshuffle_q4_0_f32,0.186000,0.594200,0.457900,1x512x1,1x128x1,2048x2x1x1
ffn_out-19,kernel_add,0.130000,1.052600,0.013400,128x1x1,64x1x1,2048x2x1x1
l_out-19,kernel_add,0.113000,1.066600,0.013500,128x1x1,64x1x1,2048x2x1x1
attn_norm-20,kernel_rms_norm_mul,0.095000,1.080600,0.005500,2048x1x1,1024x1x1,2048x2x1x1
q-20,kernel_transpose_32_16,0.082000,1.086700,0.004800,512x2x0,1x16x0,3072x2x1x1
q-20,kernel_gemm_noshuffle_q4_0_f32,0.073000,1.092000,0.332000,1x768x1,1x128x1,3072x2x1x1
q_pe-20,kernel_rope_norm_f32,0.049000,1.424500,0.003100,1024x2x1,64x1x1,64x16x2x1
Qcur-20,kernel_concat_f32,0.033000,1.428100,0.003100,1024x2x1,64x1x1,192x16x2x1
kv_cmpr_pe-20,kernel_transpose_32_16,0.166600,1.282500,0.005400,512x2x0,1x16x0,576x2x1x1
kv_cmpr_pe-20,kernel_gemm_noshuffle_q4_0_f32,0.136600,1.288400,0.322200,1x144x1,1x128x1,576x2x1x1
kv_cmpr-20,kernel_rms_norm_mul,0.116600,1.611100,0.003800,1024x1x1,512x1x1,512x2x1x1
kv-20,kernel_transpose_32_16,0.102600,1.615400,0.002800,128x2x0,1x16x0,4096x2x1x1
kv-20,kernel_gemm_noshuffle_q4_0_f32,0.094600,1.618700,0.085900,1x1024x1,1x128x1,4096x2x1x1
Vcur_cont-20,kernel_cpy_f32_f32,0.077600,1.705200,0.003000,1024x2x1,64x1x1,128x16x2x1
k_pe-20,kernel_rope_norm_f32,0.057600,1.708700,0.002400,64x2x1,64x1x1,64x1x2x1
node_1274,kernel_repeat_f32,0.042600,1.711700,0.002600,1024x2x1,64x1x1,64x16x2x1
Kcur-20,kernel_concat_f32,0.214800,1.517500,0.002800,1024x2x1,64x1x1,192x16x2x1
cache_k_l20 (view),kernel_set_rows_f16_i64,0.173800,1.520900,0.004300,2048x1x1,1024x1x1,3072x4096x1x1
cache_v_l20 (view),kernel_set_rows_f16_i64,0.160800,1.525800,0.003100,2048x1x1,1024x1x1,2048x4096x1x1
node_1286,flash_attn_blk_f16,0.105800,1.529500,0.005100,16x1x1,0x0x0,128x16x2x1
node_1286,flash_attn_f32_f16,0.077800,1.535100,0.109600,16x16x0,16x1x0,128x16x2x1
node_1288,kernel_transpose_32_16,0.055800,1.645300,0.004900,512x2x0,1x16x0,2048x2x1x1
node_1288,kernel_gemm_noshuffle_q4_0_f32,0.047800,1.650700,0.341500,1x512x1,1x128x1,2048x2x1x1
ffn_inp-20,kernel_add,0.029800,1.992800,0.012900,128x1x1,64x1x1,2048x2x1x1
ffn_norm-20,kernel_rms_norm_mul,0.096400,1.926100,0.005700,2048x1x1,1024x1x1,2048x2x1x1
ffn_moe_logits-20,kernel_mul_mm_f32_f32_l4_lm,0.060400,1.932400,0.471600,128x1x1,128x1x1,64x2x1x1
ffn_moe_probs-20,kernel_soft_max_4,0.043400,2.404500,0.003700,128x1x1,64x1x1,64x2x1x1
ffn_moe_argsort-20,kernel_argsort_f32_i32,0.030400,2.408800,0.012000,64x2x1,64x1x1,64x2x1x1
ffn_moe_weights-20,kernel_get_rows_f32,0.016400,2.421400,0.002700,6x2x1,1x1x1,1x6x2x1
ffn_moe_out-20,kernel_moe_combine_f32,0.124600,0.056300,0.004200,512x2x0,64x1x0,2048x2x1x1
ffn_gate-20,kernel_transpose_32_16,0.092600,0.061000,0.005400,512x2x0,1x16x0,2816x2x1x1
ffn_gate-20,kernel_gemm_noshuffle_q4_0_f32,0.080600,0.066900,0.337600,1x704x1,1x128x1,2816x2x1x1
ffn_up-20,kernel_transpose_32_16,0.063600,0.405100,0.004700,512x2x0,1x16x0,2816x2x1x1
ffn_up-20,kernel_gemm_noshuffle_q4_0_f32,0.055600,0.410400,0.334200,1x704x1,1x128x1,2816x2x1x1
ffn_swiglu-20,kernel_swiglu,0.039600,0.745200,0.004300,1024x1x1,512x1x1,2816x2x1x1
ffn_shexp-20,kernel_transpose_32_16,0.025600,0.750000,0.006200,704x2x0,1x16x0,2048x2x1x1
ffn_shexp-20,kernel_gemm_noshuffle_q4_0_f32,0.180000,0.598800,0.465200,1x512x1,1x128x1,2048x2x1x1
ffn_out-20,kernel_add,0.131000,1.064600,0.013100,128x1x1,64x1x1,2048x2x1x1
l_out-20,kernel_add,0.114000,1.078200,0.013500,128x1x1,64x1x1,2048x2x1x1
attn_norm-21,kernel_rms_norm_mul,0.093000,1.092300,0.005600,2048x1x1,1024x1x1,2048x2x1x1
q-21,kernel_transpose_32_16,0.080000,1.098400,0.004900,512x2x0,1x16x0,3072x2x1x1
q-21,kernel_gemm_noshuffle_q4_0_f32,0.072000,1.103800,0.334900,1x768x1,1x128x1,3072x2x1x1
q_pe-21,kernel_rope_norm_f32,0.049000,1.439200,0.003200,1024x2x1,64x1x1,64x16x2x1
Qcur-21,kernel_concat_f32,0.033000,1.442900,0.003100,1024x2x1,64x1x1,192x16x2x1
kv_cmpr_pe-21,kernel_transpose_32_16,0.149200,1.314800,0.005300,512x2x0,1x16x0,576x2x1x1
kv_cmpr_pe-21,kernel_gemm_noshuffle_q4_0_f32,0.119200,1.320600,0.323600,1x144x1,1x128x1,576x2x1x1
kv_cmpr-21,kernel_rms_norm_mul,0.101200,1.644700,0.003800,1024x1x1,512x1x1,512x2x1x1
kv-21,kernel_transpose_32_16,0.087200,1.649000,0.002700,128x2x0,1x16x0,4096x2x1x1
kv-21,kernel_gemm_noshuffle_q4_0_f32,0.079200,1.652200,0.086200,1x1024x1,1x128x1,4096x2x1x1
Vcur_cont-21,kernel_cpy_f32_f32,0.061200,1.739000,0.003100,1024x2x1,64x1x1,128x16x2x1
k_pe-21,kernel_rope_norm_f32,0.042200,1.742700,0.002400,64x2x1,64x1x1,64x1x2x1
node_1338,kernel_repeat_f32,0.029200,1.745600,0.002500,1024x2x1,64x1x1,64x16x2x1
Kcur-21,kernel_concat_f32,0.209200,1.556400,0.002800,1024x2x1,64x1x1,192x16x2x1
cache_k_l21 (view),kernel_set_rows_f16_i64,0.171200,1.559700,0.004300,2048x1x1,1024x1x1,3072x4096x1x1
cache_v_l21 (view),kernel_set_rows_f16_i64,0.158200,1.564500,0.003200,2048x1x1,1024x1x1,2048x4096x1x1
node_1350,flash_attn_blk_f16,0.103200,1.568200,0.005200,16x1x1,0x0x0,128x16x2x1
node_1350,flash_attn_f32_f16,0.075200,1.573900,0.111900,16x16x0,16x1x0,128x16x2x1
node_1352,kernel_transpose_32_16,0.056200,1.686400,0.004800,512x2x0,1x16x0,2048x2x1x1
node_1352,kernel_gemm_noshuffle_q4_0_f32,0.048200,1.691800,0.332200,1x512x1,1x128x1,2048x2x1x1
ffn_inp-21,kernel_add,0.027200,2.024500,0.013000,128x1x1,64x1x1,2048x2x1x1
ffn_norm-21,kernel_rms_norm_mul,0.089600,1.964000,0.005700,2048x1x1,1024x1x1,2048x2x1x1
ffn_moe_logits-21,kernel_mul_mm_f32_f32_l4_lm,0.059600,1.970300,0.464800,128x1x1,128x1x1,64x2x1x1
ffn_moe_probs-21,kernel_soft_max_4,0.042600,2.435700,0.003800,128x1x1,64x1x1,64x2x1x1
ffn_moe_argsort-21,kernel_argsort_f32_i32,0.028600,2.440000,0.012100,64x2x1,64x1x1,64x2x1x1
ffn_moe_weights-21,kernel_get_rows_f32,0.015600,2.452700,0.002700,6x2x1,1x1x1,1x6x2x1
ffn_moe_out-21,kernel_moe_combine_f32,0.116200,0.071400,0.004100,512x2x0,64x1x0,2048x2x1x1
ffn_gate-21,kernel_transpose_32_16,0.083200,0.076000,0.005200,512x2x0,1x16x0,2816x2x1x1
ffn_gate-21,kernel_gemm_noshuffle_q4_0_f32,0.074200,0.081700,0.339200,1x704x1,1x128x1,2816x2x1x1
ffn_up-21,kernel_transpose_32_16,0.061200,0.421500,0.004800,512x2x0,1x16x0,2816x2x1x1
ffn_up-21,kernel_gemm_noshuffle_q4_0_f32,0.056200,0.426800,0.331600,1x704x1,1x128x1,2816x2x1x1
ffn_swiglu-21,kernel_swiglu,0.046200,0.758900,0.004300,1024x1x1,512x1x1,2816x2x1x1
ffn_shexp-21,kernel_transpose_32_16,0.036200,0.763800,0.006300,704x2x0,1x16x0,2048x2x1x1
ffn_shexp-21,kernel_gemm_noshuffle_q4_0_f32,0.160400,0.645500,0.458700,1x512x1,1x128x1,2048x2x1x1
ffn_out-21,kernel_add,0.094400,1.104700,0.013500,128x1x1,64x1x1,2048x2x1x1
l_out-21,kernel_add,0.080400,1.118800,0.013400,128x1x1,64x1x1,2048x2x1x1
attn_norm-22,kernel_rms_norm_mul,0.067400,1.132800,0.005500,2048x1x1,1024x1x1,2048x2x1x1
q-22,kernel_transpose_32_16,0.058400,1.138900,0.004700,512x2x0,1x16x0,3072x2x1x1
q-22,kernel_gemm_noshuffle_q4_0_f32,0.051400,1.144200,0.331300,1x768x1,1x128x1,3072x2x1x1
q_pe-22,kernel_rope_norm_f32,0.035400,1.476000,0.003100,1024x2x1,64x1x1,64x16x2x1
Qcur-22,kernel_concat_f32,0.022400,1.479600,0.003300,1024x2x1,64x1x1,192x16x2x1
kv_cmpr_pe-22,kernel_transpose_32_16,0.112400,1.386800,0.005100,512x2x0,1x16x0,576x2x1x1
kv_cmpr_pe-22,kernel_gemm_noshuffle_q4_0_f32,0.088400,1.392500,0.323500,1x144x1,1x128x1,576x2x1x1
kv_cmpr-22,kernel_rms_norm_mul,0.076400,1.716500,0.004000,1024x1x1,512x1x1,512x2x1x1
kv-22,kernel_transpose_32_16,0.065400,1.721000,0.002800,128x2x0,1x16x0,4096x2x1x1
kv-22,kernel_gemm_noshuffle_q4_0_f32,0.060400,1.724300,0.086200,1x1024x1,1x128x1,4096x2x1x1
Vcur_cont-22,kernel_cpy_f32_f32,0.047400,1.811100,0.003000,1024x2x1,64x1x1,128x16x2x1
k_pe-22,kernel_rope_norm_f32,0.033400,1.814600,0.002500,64x2x1,64x1x1,64x1x2x1
node_1402,kernel_repeat_f32,0.023400,1.817600,0.002400,1024x2x1,64x1x1,64x16x2x1
Kcur-22,kernel_concat_f32,0.164400,1.672500,0.002900,1024x2x1,64x1x1,192x16x2x1
cache_k_l22 (view),kernel_set_rows_f16_i64,0.134400,1.675900,0.004100,2048x1x1,1024x1x1,3072x4096x1x1
cache_v_l22 (view),kernel_set_rows_f16_i64,0.122400,1.680600,0.003300,2048x1x1,1024x1x1,2048x4096x1x1
node_1414,flash_attn_blk_f16,0.077400,1.684400,0.005100,16x1x1,0x0x0,128x16x2x1
node_1414,flash_attn_f32_f16,0.056400,1.690100,0.110400,16x16x0,16x1x0,128x16x2x1
node_1416,kernel_transpose_32_16,0.044400,1.801000,0.004900,512x2x0,1x16x0,2048x2x1x1
node_1416,kernel_gemm_noshuffle_q4_0_f32,0.037400,1.806500,0.334600,1x512x1,1x128x1,2048x2x1x1
ffn_inp-22,kernel_add,0.024400,2.141700,0.012900,128x1x1,64x1x1,2048x2x1x1
ffn_norm-22,kernel_rms_norm_mul,0.077600,2.095100,0.005700,2048x1x1,1024x1x1,2048x2x1x1
ffn_moe_logits-22,kernel_mul_mm_f32_f32_l4_lm,0.047600,2.101400,0.464900,128x1x1,128x1x1,64x2x1x1
ffn_moe_probs-22,kernel_soft_max_4,0.035600,2.566800,0.003700,128x1x1,64x1x1,64x2x1x1
ffn_moe_argsort-22,kernel_argsort_f32_i32,0.026600,2.571000,0.012100,64x2x1,64x1x1,64x2x1x1
ffn_moe_weights-22,kernel_get_rows_f32,0.017600,2.583600,0.002800,6x2x1,1x1x1,1x6x2x1
ffn_moe_out-22,kernel_moe_combine_f32,0.100800,0.065200,0.004200,512x2x0,64x1x0,2048x2x1x1
ffn_gate-22,kernel_transpose_32_16,0.068800,0.070000,0.005200,512x2x0,1x16x0,2816x2x1x1
ffn_gate-22,kernel_gemm_noshuffle_q4_0_f32,0.059800,0.075700,0.340700,1x704x1,1x128x1,2816x2x1x1
ffn_up-22,kernel_transpose_32_16,0.047800,0.417000,0.004700,512x2x0,1x16x0,2816x2x1x1
ffn_up-22,kernel_gemm_noshuffle_q4_0_f32,0.041800,0.422200,0.332700,1x704x1,1x128x1,2816x2x1x1
ffn_swiglu-22,kernel_swiglu,0.031800,0.755400,0.004400,1024x1x1,512x1x1,2816x2x1x1
ffn_shexp-22,kernel_transpose_32_16,0.022800,0.760300,0.006300,704x2x0,1x16x0,2048x2x1x1
ffn_shexp-22,kernel_gemm_noshuffle_q4_0_f32,0.141600,0.646700,0.471200,1x512x1,1x128x1,2048x2x1x1
ffn_out-22,kernel_add,0.092600,1.118500,0.013100,128x1x1,64x1x1,2048x2x1x1
l_out-22,kernel_add,0.080600,1.132100,0.013300,128x1x1,64x1x1,2048x2x1x1
attn_norm-23,kernel_rms_norm_mul,0.069600,1.145900,0.005500,2048x1x1,1024x1x1,2048x2x1x1
q-23,kernel_transpose_32_16,0.055600,1.152000,0.004700,512x2x0,1x16x0,3072x2x1x1
q-23,kernel_gemm_noshuffle_q4_0_f32,0.048600,1.157200,0.335600,1x768x1,1x128x1,3072x2x1x1
q_pe-23,kernel_rope_norm_f32,0.033600,1.493400,0.003100,1024x2x1,64x1x1,64x16x2x1
Qcur-23,kernel_concat_f32,0.021600,1.497000,0.003100,1024x2x1,64x1x1,192x16x2x1
kv_cmpr_pe-23,kernel_transpose_32_16,0.112200,1.404400,0.005300,512x2x0,1x16x0,576x2x1x1
kv_cmpr_pe-23,kernel_gemm_noshuffle_q4_0_f32,0.085200,1.410300,0.324100,1x144x1,1x128x1,576x2x1x1
kv_cmpr-23,kernel_rms_norm_mul,0.073200,1.735000,0.003700,1024x1x1,512x1x1,512x2x1x1
kv-23,kernel_transpose_32_16,0.062200,1.739300,0.002700,128x2x0,1x16x0,4096x2x1x1
kv-23,kernel_gemm_noshuffle_q4_0_f32,0.057200,1.742600,0.087500,1x1024x1,1x128x1,4096x2x1x1
Vcur_cont-23,kernel_cpy_f32_f32,0.045200,1.830600,0.003200,1024x2x1,64x1x1,128x16x2x1
k_pe-23,kernel_rope_norm_f32,0.030200,1.834300,0.002400,64x2x1,64x1x1,64x1x2x1
node_1466,kernel_repeat_f32,0.021200,1.837200,0.002700,1024x2x1,64x1x1,64x16x2x1
Kcur-23,kernel_concat_f32,0.152200,1.702700,0.003000,1024x2x1,64x1x1,192x16x2x1
cache_k_l23 (view),kernel_set_rows_f16_i64,0.124200,1.706300,0.004100,2048x1x1,1024x1x1,3072x4096x1x1
cache_v_l23 (view),kernel_set_rows_f16_i64,0.115200,1.710900,0.003300,2048x1x1,1024x1x1,2048x4096x1x1
node_1478,flash_attn_blk_f16,0.075200,1.714700,0.005300,16x1x1,0x0x0,128x16x2x1
node_1478,flash_attn_f32_f16,0.054200,1.720500,0.112100,16x16x0,16x1x0,128x16x2x1
node_1480,kernel_transpose_32_16,0.042200,1.833100,0.004800,512x2x0,1x16x0,2048x2x1x1
node_1480,kernel_gemm_noshuffle_q4_0_f32,0.035200,1.838500,0.333600,1x512x1,1x128x1,2048x2x1x1
ffn_inp-23,kernel_add,0.022200,2.172700,0.013500,128x1x1,64x1x1,2048x2x1x1
ffn_norm-23,kernel_rms_norm_mul,0.065800,2.135400,0.005700,2048x1x1,1024x1x1,2048x2x1x1
ffn_moe_logits-23,kernel_mul_mm_f32_f32_l4_lm,0.042800,2.141600,0.474800,128x1x1,128x1x1,64x2x1x1
ffn_moe_probs-23,kernel_soft_max_4,0.030800,2.616900,0.003800,128x1x1,64x1x1,64x2x1x1
ffn_moe_argsort-23,kernel_argsort_f32_i32,0.022800,2.621300,0.012000,64x2x1,64x1x1,64x2x1x1
ffn_moe_weights-23,kernel_get_rows_f32,0.012800,2.633900,0.002800,6x2x1,1x1x1,1x6x2x1
ffn_moe_out-23,kernel_moe_combine_f32,0.112000,0.066500,0.004200,512x2x0,64x1x0,2048x2x1x1
ffn_gate-23,kernel_transpose_32_16,0.079000,0.071200,0.005300,512x2x0,1x16x0,2816x2x1x1
ffn_gate-23,kernel_gemm_noshuffle_q4_0_f32,0.069000,0.077000,0.337700,1x704x1,1x128x1,2816x2x1x1
ffn_up-23,kernel_transpose_32_16,0.057000,0.415300,0.004800,512x2x0,1x16x0,2816x2x1x1
ffn_up-23,kernel_gemm_noshuffle_q4_0_f32,0.052000,0.420600,0.333000,1x704x1,1x128x1,2816x2x1x1
ffn_swiglu-23,kernel_swiglu,0.040000,0.754200,0.004300,1024x1x1,512x1x1,2816x2x1x1
ffn_shexp-23,kernel_transpose_32_16,0.027000,0.759100,0.006100,704x2x0,1x16x0,2048x2x1x1
ffn_shexp-23,kernel_gemm_noshuffle_q4_0_f32,0.153600,0.638400,0.459500,1x512x1,1x128x1,2048x2x1x1
ffn_out-23,kernel_add,0.094600,1.098400,0.013500,128x1x1,64x1x1,2048x2x1x1
l_out-23,kernel_add,0.082600,1.112400,0.013300,128x1x1,64x1x1,2048x2x1x1
attn_norm-24,kernel_rms_norm_mul,0.068600,1.126200,0.005500,2048x1x1,1024x1x1,2048x2x1x1
q-24,kernel_transpose_32_16,0.057600,1.132300,0.004900,512x2x0,1x16x0,3072x2x1x1
q-24,kernel_gemm_noshuffle_q4_0_f32,0.051600,1.137700,0.330500,1x768x1,1x128x1,3072x2x1x1
q_pe-24,kernel_rope_norm_f32,0.036600,1.468800,0.003000,1024x2x1,64x1x1,64x16x2x1
Qcur-24,kernel_concat_f32,0.025600,1.472300,0.003100,1024x2x1,64x1x1,192x16x2x1
kv_cmpr_pe-24,kernel_transpose_32_16,0.117800,1.375700,0.005400,512x2x0,1x16x0,576x2x1x1
kv_cmpr_pe-24,kernel_gemm_noshuffle_q4_0_f32,0.086800,1.381700,0.322500,1x144x1,1x128x1,576x2x1x1
kv_cmpr-24,kernel_rms_norm_mul,0.074800,1.704700,0.003900,1024x1x1,512x1x1,512x2x1x1
kv-24,kernel_transpose_32_16,0.067800,1.709100,0.002900,128x2x0,1x16x0,4096x2x1x1
kv-24,kernel_gemm_noshuffle_q4_0_f32,0.061800,1.712600,0.086000,1x1024x1,1x128x1,4096x2x1x1
Vcur_cont-24,kernel_cpy_f32_f32,0.048800,1.799200,0.003000,1024x2x1,64x1x1,128x16x2x1
k_pe-24,kernel_rope_norm_f32,0.034800,1.802700,0.002500,64x2x1,64x1x1,64x1x2x1
node_1530,kernel_repeat_f32,0.026800,1.805700,0.002600,1024x2x1,64x1x1,64x16x2x1
Kcur-24,kernel_concat_f32,0.164400,1.663400,0.002900,1024x2x1,64x1x1,192x16x2x1
cache_k_l24 (view),kernel_set_rows_f16_i64,0.131400,1.666800,0.004100,2048x1x1,1024x1x1,3072x4096x1x1
cache_v_l24 (view),kernel_set_rows_f16_i64,0.121400,1.671500,0.003100,2048x1x1,1024x1x1,2048x4096x1x1
node_1542,flash_attn_blk_f16,0.080400,1.675200,0.005200,16x1x1,0x0x0,128x16x2x1
node_1542,flash_attn_f32_f16,0.060400,1.681000,0.110600,16x16x0,16x1x0,128x16x2x1
node_1544,kernel_transpose_32_16,0.044400,1.792100,0.005000,512x2x0,1x16x0,2048x2x1x1
node_1544,kernel_gemm_noshuffle_q4_0_f32,0.039400,1.797700,0.338900,1x512x1,1x128x1,2048x2x1x1
ffn_inp-24,kernel_add,0.024400,2.137200,0.012800,128x1x1,64x1x1,2048x2x1x1
ffn_norm-24,kernel_rms_norm_mul,0.076000,2.092100,0.005800,2048x1x1,1024x1x1,2048x2x1x1
ffn_moe_logits-24,kernel_mul_mm_f32_f32_l4_lm,0.046000,2.098400,0.467500,128x1x1,128x1x1,64x2x1x1
ffn_moe_probs-24,kernel_soft_max_4,0.033000,2.566500,0.003700,128x1x1,64x1x1,64x2x1x1
ffn_moe_argsort-24,kernel_argsort_f32_i32,0.023000,2.570800,0.012200,64x2x1,64x1x1,64x2x1x1
ffn_moe_weights-24,kernel_get_rows_f32,0.014000,2.583500,0.002900,6x2x1,1x1x1,1x6x2x1
ffn_moe_out-24,kernel_moe_combine_f32,0.135200,0.062900,0.004300,512x2x0,64x1x0,2048x2x1x1
ffn_gate-24,kernel_transpose_32_16,0.101200,0.067800,0.005100,512x2x0,1x16x0,2816x2x1x1
ffn_gate-24,kernel_gemm_noshuffle_q4_0_f32,0.088200,0.073500,0.337000,1x704x1,1x128x1,2816x2x1x1
ffn_up-24,kernel_transpose_32_16,0.070200,0.411000,0.004900,512x2x0,1x16x0,2816x2x1x1
ffn_up-24,kernel_gemm_noshuffle_q4_0_f32,0.062200,0.416500,0.331700,1x704x1,1x128x1,2816x2x1x1
ffn_swiglu-24,kernel_swiglu,0.045200,0.748700,0.004200,1024x1x1,512x1x1,2816x2x1x1
ffn_shexp-24,kernel_transpose_32_16,0.029200,0.753400,0.006000,704x2x0,1x16x0,2048x2x1x1
ffn_shexp-24,kernel_gemm_noshuffle_q4_0_f32,0.337000,0.447300,0.463200,1x512x1,1x128x1,2048x2x1x1
ffn_out-24,kernel_add,0.276000,0.911000,0.013400,128x1x1,64x1x1,2048x2x1x1
l_out-24,kernel_add,0.257000,0.925000,0.013400,128x1x1,64x1x1,2048x2x1x1
attn_norm-25,kernel_rms_norm_mul,0.237000,0.938900,0.005500,2048x1x1,1024x1x1,2048x2x1x1
q-25,kernel_transpose_32_16,0.224000,0.944900,0.004800,512x2x0,1x16x0,3072x2x1x1
q-25,kernel_gemm_noshuffle_q4_0_f32,0.216000,0.950300,0.334200,1x768x1,1x128x1,3072x2x1x1
q_pe-25,kernel_rope_norm_f32,0.195000,1.285100,0.003200,1024x2x1,64x1x1,64x16x2x1
Qcur-25,kernel_concat_f32,0.176000,1.288800,0.003400,1024x2x1,64x1x1,192x16x2x1
kv_cmpr_pe-25,kernel_transpose_32_16,0.149600,1.161600,0.005300,512x2x0,1x16x0,576x2x1x1
kv_cmpr_pe-25,kernel_gemm_noshuffle_q4_0_f32,0.118600,1.167400,0.322700,1x144x1,1x128x1,576x2x1x1
kv_cmpr-25,kernel_rms_norm_mul,0.101600,1.490700,0.003800,1024x1x1,512x1x1,512x2x1x1
kv-25,kernel_transpose_32_16,0.086600,1.495000,0.002700,128x2x0,1x16x0,4096x2x1x1
kv-25,kernel_gemm_noshuffle_q4_0_f32,0.079600,1.498300,0.087400,1x1024x1,1x128x1,4096x2x1x1
Vcur_cont-25,kernel_cpy_f32_f32,0.062600,1.586300,0.003100,1024x2x1,64x1x1,128x16x2x1
k_pe-25,kernel_rope_norm_f32,0.043600,1.590000,0.002500,64x2x1,64x1x1,64x1x2x1
node_1594,kernel_repeat_f32,0.029600,1.593000,0.002700,1024x2x1,64x1x1,64x16x2x1
Kcur-25,kernel_concat_f32,0.208600,1.405200,0.002900,1024x2x1,64x1x1,192x16x2x1
cache_k_l25 (view),kernel_set_rows_f16_i64,0.169600,1.408600,0.004300,2048x1x1,1024x1x1,3072x4096x1x1
cache_v_l25 (view),kernel_set_rows_f16_i64,0.156600,1.413400,0.003200,2048x1x1,1024x1x1,2048x4096x1x1
node_1606,flash_attn_blk_f16,0.100600,1.417100,0.005200,16x1x1,0x0x0,128x16x2x1
node_1606,flash_attn_f32_f16,0.071600,1.422900,0.110500,16x16x0,16x1x0,128x16x2x1
node_1608,kernel_transpose_32_16,0.054600,1.534000,0.004800,512x2x0,1x16x0,2048x2x1x1
node_1608,kernel_gemm_noshuffle_q4_0_f32,0.046600,1.539300,0.327800,1x512x1,1x128x1,2048x2x1x1
ffn_inp-25,kernel_add,0.027600,1.867700,0.013100,128x1x1,64x1x1,2048x2x1x1
ffn_norm-25,kernel_rms_norm_mul,0.155200,1.742700,0.005600,2048x1x1,1024x1x1,2048x2x1x1
ffn_moe_logits-25,kernel_mul_mm_f32_f32_l4_lm,0.085200,1.748800,0.474700,128x1x1,128x1x1,64x2x1x1
ffn_moe_probs-25,kernel_soft_max_4,0.060200,2.224000,0.003800,128x1x1,64x1x1,64x2x1x1
ffn_moe_argsort-25,kernel_argsort_f32_i32,0.044200,2.228300,0.012200,64x2x1,64x1x1,64x2x1x1
ffn_moe_weights-25,kernel_get_rows_f32,0.022200,2.241000,0.002800,6x2x1,1x1x1,1x6x2x1
ffn_moe_out-25,kernel_moe_combine_f32,0.126600,0.043500,0.004200,512x2x0,64x1x0,2048x2x1x1
ffn_gate-25,kernel_transpose_32_16,0.097600,0.048200,0.005200,512x2x0,1x16x0,2816x2x1x1
ffn_gate-25,kernel_gemm_noshuffle_q4_0_f32,0.085600,0.054000,0.333900,1x704x1,1x128x1,2816x2x1x1
ffn_up-25,kernel_transpose_32_16,0.068600,0.388400,0.004900,512x2x0,1x16x0,2816x2x1x1
ffn_up-25,kernel_gemm_noshuffle_q4_0_f32,0.060600,0.393800,0.331100,1x704x1,1x128x1,2816x2x1x1
ffn_swiglu-25,kernel_swiglu,0.046600,0.725400,0.004300,1024x1x1,512x1x1,2816x2x1x1
ffn_shexp-25,kernel_transpose_32_16,0.020600,0.730300,0.006000,704x2x0,1x16x0,2048x2x1x1
ffn_shexp-25,kernel_gemm_noshuffle_q4_0_f32,0.159800,0.594100,0.447600,1x512x1,1x128x1,2048x2x1x1
ffn_out-25,kernel_add,0.118800,1.042200,0.013400,128x1x1,64x1x1,2048x2x1x1
l_out-25,kernel_add,0.102800,1.056100,0.013300,128x1x1,64x1x1,2048x2x1x1
attn_norm-26,kernel_rms_norm_mul,0.083800,1.070000,0.005500,2048x1x1,1024x1x1,2048x2x1x1
q-26,kernel_transpose_32_16,0.070800,1.076000,0.004800,512x2x0,1x16x0,3072x2x1x1
q-26,kernel_gemm_noshuffle_q4_0_f32,0.063800,1.081400,0.327600,1x768x1,1x128x1,3072x2x1x1
q_pe-26,kernel_rope_norm_f32,0.042800,1.409500,0.003400,1024x2x1,64x1x1,64x16x2x1
Qcur-26,kernel_concat_f32,0.026800,1.413400,0.002900,1024x2x1,64x1x1,192x16x2x1
kv_cmpr_pe-26,kernel_transpose_32_16,0.146000,1.287000,0.005200,512x2x0,1x16x0,576x2x1x1
kv_cmpr_pe-26,kernel_gemm_noshuffle_q4_0_f32,0.116000,1.292800,0.322300,1x144x1,1x128x1,576x2x1x1
kv_cmpr-26,kernel_rms_norm_mul,0.097000,1.615600,0.003800,1024x1x1,512x1x1,512x2x1x1
kv-26,kernel_transpose_32_16,0.085000,1.620000,0.003000,128x2x0,1x16x0,4096x2x1x1
kv-26,kernel_gemm_noshuffle_q4_0_f32,0.076000,1.623600,0.085100,1x1024x1,1x128x1,4096x2x1x1
Vcur_cont-26,kernel_cpy_f32_f32,0.059000,1.709200,0.002700,1024x2x1,64x1x1,128x16x2x1
k_pe-26,kernel_rope_norm_f32,0.041000,1.712500,0.002500,64x2x1,64x1x1,64x1x2x1
node_1658,kernel_repeat_f32,0.028000,1.715500,0.002200,1024x2x1,64x1x1,64x16x2x1
Kcur-26,kernel_concat_f32,0.195400,1.538900,0.002900,1024x2x1,64x1x1,192x16x2x1
cache_k_l26 (view),kernel_set_rows_f16_i64,0.160400,1.542300,0.003900,2048x1x1,1024x1x1,3072x4096x1x1
cache_v_l26 (view),kernel_set_rows_f16_i64,0.148400,1.546700,0.003300,2048x1x1,1024x1x1,2048x4096x1x1
node_1670,flash_attn_blk_f16,0.094400,1.550600,0.005000,16x1x1,0x0x0,128x16x2x1
node_1670,flash_attn_f32_f16,0.065400,1.556200,0.111600,16x16x0,16x1x0,128x16x2x1
node_1672,kernel_transpose_32_16,0.046400,1.668300,0.005300,512x2x0,1x16x0,2048x2x1x1
node_1672,kernel_gemm_noshuffle_q4_0_f32,0.039400,1.674100,0.337500,1x512x1,1x128x1,2048x2x1x1
node_1673,kernel_get_rows_f32,0.022400,2.012100,0.004200,1024x1x1,1024x1x1,2048x1x1x1
node_1674,kernel_get_rows_f32,0.114000,1.917500,0.004500,1024x1x1,1024x1x1,2048x1x1x1
ffn_inp-26,kernel_add_row,0.088000,1.922600,0.002000,512x0x0,64x0x0,2048x1x1x1
ffn_norm-26,kernel_rms_norm_mul,0.072000,1.925200,0.005400,1024x1x1,1024x1x1,2048x1x1x1
ffn_moe_logits-26,kernel_mul_mat_f32_f32,0.057000,1.931100,0.010800,4096x1x1,64x1x1,64x1x1x1
ffn_moe_probs-26,kernel_soft_max_4,0.040000,1.942500,0.003200,64x1x1,64x1x1,64x1x1x1
ffn_moe_argsort-26,kernel_argsort_f32_i32,0.028000,1.946200,0.012100,64x1x1,64x1x1,64x1x1x1
ffn_moe_weights-26,kernel_get_rows_f32,0.015000,1.958800,0.002300,6x1x1,1x1x1,1x6x1x1
ffn_moe_out-26,kernel_moe_combine_f32,0.141800,0.057100,0.003800,512x1x0,64x1x0,2048x1x1x1
ffn_gate-26,kernel_gemv_noshuffle_q4_0_f32,0.110800,0.061400,0.092600,1408x4x1,64x4x1,2816x1x1x1
ffn_up-26,kernel_gemv_noshuffle_q4_0_f32,0.089800,0.154500,0.077100,1408x4x1,64x4x1,2816x1x1x1
ffn_swiglu-26,kernel_swiglu,0.075800,0.232100,0.003600,512x1x1,512x1x1,2816x1x1x1
ffn_shexp-26,kernel_gemv_noshuffle_q4_0_f32,0.058800,0.236300,0.056600,1024x4x1,64x4x1,2048x1x1x1
ffn_out-26,kernel_add_row,0.047800,0.293400,0.002100,512x0x0,64x0x0,2048x1x1x1
l_out-26,kernel_add_row,0.037800,0.296000,0.001900,512x0x0,64x0x0,2048x1x1x1
result_norm,kernel_rms_norm_mul,0.070000,0.250400,0.005800,1024x1x1,1024x1x1,2048x1x1x1
result_output,kernel_mul_mv_q6_K_f32_flat,0.023000,0.256700,3.492200,204800x2x1,64x2x1,102400x1x1x1
attn_norm-0,kernel_rms_norm_mul,0.269400,0.229700,0.008400,2048x1x1,1024x1x1,2048x2x1x1
q-0,kernel_transpose_32_16,0.219400,0.238600,0.005500,512x2x0,1x16x0,3072x2x1x1
q-0,kernel_gemm_noshuffle_q4_0_f32,0.199400,0.244600,0.322200,1x768x1,1x128x1,3072x2x1x1
q_pe-0,kernel_rope_norm_f32,0.159400,0.567300,0.003200,1024x2x1,64x1x1,64x16x2x1
Qcur-0,kernel_concat_f32,0.129400,0.571000,0.003300,1024x2x1,64x1x1,192x16x2x1
kv_cmpr_pe-0,kernel_transpose_32_16,0.097400,0.574800,0.004900,512x2x0,1x16x0,576x2x1x1
kv_cmpr_pe-0,kernel_gemm_noshuffle_q4_0_f32,0.083400,0.580200,0.316300,1x144x1,1x128x1,576x2x1x1
kv_cmpr-0,kernel_rms_norm_mul,0.041400,0.897100,0.003800,1024x1x1,512x1x1,512x2x1x1
kv-0,kernel_transpose_32_16,0.322600,0.605300,0.003300,128x2x0,1x16x0,4096x2x1x1
kv-0,kernel_gemm_noshuffle_q4_0_f32,0.275600,0.609100,0.083600,1x1024x1,1x128x1,4096x2x1x1
Vcur_cont-0,kernel_cpy_f32_f32,0.245600,0.693200,0.003400,1024x2x1,64x1x1,128x16x2x1
k_pe-0,kernel_rope_norm_f32,0.210600,0.697100,0.002500,64x2x1,64x1x1,64x1x2x1
node_18,kernel_repeat_f32,0.184600,0.700200,0.002500,1024x2x1,64x1x1,64x16x2x1
Kcur-0,kernel_concat_f32,0.156600,0.703300,0.003200,1024x2x1,64x1x1,192x16x2x1
cache_k_l0 (view),kernel_set_rows_f16_i64,0.128600,0.707000,0.004300,2048x1x1,1024x1x1,3072x4096x1x1
cache_v_l0 (view),kernel_set_rows_f16_i64,0.098600,0.711800,0.003500,2048x1x1,1024x1x1,2048x4096x1x1
node_30,flash_attn_blk_f16,0.287400,0.455200,0.005500,16x1x1,0x0x0,128x16x2x1
node_30,flash_attn_f32_f16,0.206400,0.461200,0.108200,16x16x0,16x1x0,128x16x2x1
node_32,kernel_transpose_32_16,0.174400,0.569900,0.005000,512x2x0,1x16x0,2048x2x1x1
node_32,kernel_gemm_noshuffle_q4_0_f32,0.157400,0.575400,0.333400,1x512x1,1x128x1,2048x2x1x1
ffn_inp-0,kernel_add,0.120400,0.909400,0.013100,128x1x1,64x1x1,2048x2x1x1
ffn_norm-0,kernel_rms_norm_mul,0.091400,0.923000,0.005400,2048x1x1,1024x1x1,2048x2x1x1
ffn_gate-0,kernel_transpose_32_16,0.069400,0.929000,0.005000,512x2x0,1x16x0,10944x2x1x1
ffn_gate-0,kernel_gemm_noshuffle_q4_0_f32,0.052400,0.934500,0.338000,1x2736x1,1x128x1,10944x2x1x1
ffn_up-0,kernel_transpose_32_16,0.225200,1.070600,0.005300,512x2x0,1x16x0,10944x2x1x1
ffn_up-0,kernel_gemm_noshuffle_q4_0_f32,0.179200,1.076500,0.338800,1x2736x1,1x128x1,10944x2x1x1
ffn_swiglu-0,kernel_swiglu,0.155200,1.415800,0.010500,1024x1x1,512x1x1,10944x2x1x1
ffn_out-0,kernel_transpose_32_16,0.131200,1.426800,0.016000,2736x2x0,1x16x0,2048x2x1x1
ffn_out-0,kernel_gemm_noshuffle_q4_0_f32,0.115200,1.443300,1.744300,1x512x1,1x128x1,2048x2x1x1
l_out-0,kernel_add,0.081200,3.188200,0.013500,128x1x1,64x1x1,2048x2x1x1
attn_norm-1,kernel_rms_norm_mul,0.053200,3.202200,0.005400,2048x1x1,1024x1x1,2048x2x1x1
q-1,kernel_transpose_32_16,0.031200,3.208100,0.005300,512x2x0,1x16x0,3072x2x1x1
q-1,kernel_gemm_noshuffle_q4_0_f32,0.469000,2.766600,0.324300,1x768x1,1x128x1,3072x2x1x1
q_pe-1,kernel_rope_norm_f32,0.399000,3.091500,0.003100,1024x2x1,64x1x1,64x16x2x1
Qcur-1,kernel_concat_f32,0.372000,3.095200,0.003000,1024x2x1,64x1x1,192x16x2x1
kv_cmpr_pe-1,kernel_transpose_32_16,0.345000,3.098800,0.004800,512x2x0,1x16x0,576x2x1x1
kv_cmpr_pe-1,kernel_gemm_noshuffle_q4_0_f32,0.331000,3.104200,0.313200,1x144x1,1x128x1,576x2x1x1
kv_cmpr-1,kernel_rms_norm_mul,0.296000,3.417900,0.003900,1024x1x1,512x1x1,512x2x1x1
kv-1,kernel_transpose_32_16,0.275000,3.422300,0.002800,128x2x0,1x16x0,4096x2x1x1
kv-1,kernel_gemm_noshuffle_q4_0_f32,0.261000,3.425600,0.085000,1x1024x1,1x128x1,4096x2x1x1
Vcur_cont-1,kernel_cpy_f32_f32,0.327000,3.206500,0.002900,1024x2x1,64x1x1,128x16x2x1
k_pe-1,kernel_rope_norm_f32,0.261000,3.210000,0.002500,64x2x1,64x1x1,64x1x2x1
node_58,kernel_repeat_f32,0.240000,3.213000,0.002700,1024x2x1,64x1x1,64x16x2x1
Kcur-1,kernel_concat_f32,0.212000,3.216300,0.002800,1024x2x1,64x1x1,192x16x2x1
cache_k_l1 (view),kernel_set_rows_f16_i64,0.183000,3.219600,0.004000,2048x1x1,1024x1x1,3072x4096x1x1
cache_v_l1 (view),kernel_set_rows_f16_i64,0.160000,3.224100,0.003200,2048x1x1,1024x1x1,2048x4096x1x1
node_70,flash_attn_blk_f16,0.117000,3.227900,0.005100,16x1x1,0x0x0,128x16x2x1
node_70,flash_attn_f32_f16,0.052000,3.233500,0.109300,16x16x0,16x1x0,128x16x2x1
node_72,kernel_transpose_32_16,0.271000,3.098100,0.005100,512x2x0,1x16x0,2048x2x1x1
node_72,kernel_gemm_noshuffle_q4_0_f32,0.213000,3.103800,0.316400,1x512x1,1x128x1,2048x2x1x1
ffn_inp-1,kernel_add,0.178000,3.420700,0.013800,128x1x1,64x1x1,2048x2x1x1
ffn_norm-1,kernel_rms_norm_mul,0.150000,3.435100,0.005400,2048x1x1,1024x1x1,2048x2x1x1
ffn_moe_logits-1,kernel_mul_mm_f32_f32_l4_lm,0.124000,3.441000,0.447100,128x1x1,128x1x1,64x2x1x1
ffn_moe_probs-1,kernel_soft_max_4,0.094000,3.888600,0.003700,128x1x1,64x1x1,64x2x1x1
ffn_moe_argsort-1,kernel_argsort_f32_i32,0.073000,3.892800,0.012000,64x2x1,64x1x1,64x2x1x1
ffn_moe_weights-1,kernel_get_rows_f32,0.046000,3.905300,0.002800,6x2x1,1x1x1,1x6x2x1
ffn_moe_topk-1,kernel_moe_histogram,0.056000,3.876700,0.003000,64x6x1,64x1x1,6x2x1x1
ffn_moe_topk-1,kernel_moe_scan,0.084200,0.040800,0.013400,1x0x0,1x0x0,6x2x1x1
ffn_moe_topk-1,kernel_moe_fill,0.057200,0.054700,0.002100,64x32x1,64x1x1,6x2x1x1
ffn_moe_topk-1,kernel_moe_scatter,0.029200,0.057400,0.002600,64x6x1,64x1x1,6x2x1x1
ffn_moe_gate-1,kernel_moe_reorder_b,0.291200,0.230400,0.055300,512x2048x1,256x1x1,1408x6x2x1
ffn_moe_gate-1,kernel_gemm_moe_q4_0_f32_ns,0.239200,0.286300,0.419100,64x22x64,64x1x1,1408x6x2x1
ffn_moe_up-1,kernel_moe_reorder_b,0.203200,0.706000,0.052400,512x2048x1,256x1x1,1408x6x2x1
ffn_moe_up-1,kernel_gemm_moe_q4_0_f32_ns,0.148200,0.759000,0.418300,64x22x64,64x1x1,1408x6x2x1
ffn_moe_swiglu-1,kernel_swiglu,0.121200,1.177900,0.004100,6144x1x1,512x1x1,1408x6x2x1
ffn_moe_down-1,kernel_moe_reorder_b,0.095200,1.182500,0.035400,512x2048x1,256x1x1,2048x6x2x1
ffn_moe_down-1,kernel_gemm_moe_q4_0_f32_ns,0.070200,1.218400,0.421400,64x32x64,64x1x1,2048x6x2x1
ffn_moe_out-1,kernel_moe_combine_f32,0.245600,1.431000,0.004200,512x2x0,64x1x0,2048x2x1x1
ffn_gate-1,kernel_transpose_32_16,0.180600,1.435700,0.005200,512x2x0,1x16x0,2816x2x1x1
ffn_gate-1,kernel_gemm_noshuffle_q4_0_f32,0.164600,1.441500,0.316300,1x704x1,1x128x1,2816x2x1x1
ffn_up-1,kernel_transpose_32_16,0.136600,1.758400,0.004900,512x2x0,1x16x0,2816x2x1x1
ffn_up-1,kernel_gemm_noshuffle_q4_0_f32,0.118600,1.763900,0.315900,1x704x1,1x128x1,2816x2x1x1
ffn_swiglu-1,kernel_swiglu,0.093600,2.080300,0.004400,1024x1x1,512x1x1,2816x2x1x1
ffn_shexp-1,kernel_transpose_32_16,0.069600,2.085300,0.006200,704x2x0,1x16x0,2048x2x1x1
ffn_shexp-1,kernel_gemm_noshuffle_q4_0_f32,0.056600,2.092100,0.449800,1x512x1,1x128x1,2048x2x1x1
ffn_out-1,kernel_add,0.267200,2.299400,0.011400,128x1x1,64x1x1,2048x2x1x1
l_out-1,kernel_add,0.194200,2.311400,0.013000,128x1x1,64x1x1,2048x2x1x1
attn_norm-2,kernel_rms_norm_mul,0.163200,2.325000,0.005400,2048x1x1,1024x1x1,2048x2x1x1
q-2,kernel_transpose_32_16,0.141200,2.330900,0.004700,512x2x0,1x16x0,3072x2x1x1
q-2,kernel_gemm_noshuffle_q4_0_f32,0.127200,2.336200,0.320900,1x768x1,1x128x1,3072x2x1x1
q_pe-2,kernel_rope_norm_f32,0.088200,2.657700,0.003100,1024x2x1,64x1x1,64x16x2x1
Qcur-2,kernel_concat_f32,0.057200,2.661400,0.003100,1024x2x1,64x1x1,192x16x2x1
kv_cmpr_pe-2,kernel_transpose_32_16,0.031200,2.665000,0.004800,512x2x0,1x16x0,576x2x1x1
kv_cmpr_pe-2,kernel_gemm_noshuffle_q4_0_f32,0.279800,2.413300,0.310000,1x144x1,1x128x1,576x2x1x1
kv_cmpr-2,kernel_rms_norm_mul,0.218800,2.723900,0.003800,1024x1x1,512x1x1,512x2x1x1
kv-2,kernel_transpose_32_16,0.192800,2.728200,0.003100,128x2x0,1x16x0,4096x2x1x1
kv-2,kernel_gemm_noshuffle_q4_0_f32,0.178800,2.731800,0.083600,1x1024x1,1x128x1,4096x2x1x1
Vcur_cont-2,kernel_cpy_f32_f32,0.144800,2.815900,0.003000,1024x2x1,64x1x1,128x16x2x1
k_pe-2,kernel_rope_norm_f32,0.106800,2.819400,0.002500,64x2x1,64x1x1,64x1x2x1
node_122,kernel_repeat_f32,0.081800,2.822500,0.002600,1024x2x1,64x1x1,64x16x2x1
Kcur-2,kernel_concat_f32,0.053800,2.825600,0.002900,1024x2x1,64x1x1,192x16x2x1
cache_k_l2 (view),kernel_set_rows_f16_i64,0.333200,2.527300,0.003900,2048x1x1,1024x1x1,3072x4096x1x1
cache_v_l2 (view),kernel_set_rows_f16_i64,0.267200,2.531700,0.003200,2048x1x1,1024x1x1,2048x4096x1x1
node_134,flash_attn_blk_f16,0.205200,2.535400,0.005200,16x1x1,0x0x0,128x16x2x1
node_134,flash_attn_f32_f16,0.157200,2.541100,0.107300,16x16x0,16x1x0,128x16x2x1
node_136,kernel_transpose_32_16,0.123200,2.649000,0.004800,512x2x0,1x16x0,2048x2x1x1
node_136,kernel_gemm_noshuffle_q4_0_f32,0.107200,2.654300,0.314900,1x512x1,1x128x1,2048x2x1x1
ffn_inp-2,kernel_add,0.072200,2.969700,0.013100,128x1x1,64x1x1,2048x2x1x1
ffn_norm-2,kernel_rms_norm_mul,0.043200,2.983300,0.005500,2048x1x1,1024x1x1,2048x2x1x1
ffn_moe_logits-2,kernel_mul_mm_f32_f32_l4_lm,0.155400,2.856500,0.470500,128x1x1,128x1x1,64x2x1x1
ffn_moe_probs-2,kernel_soft_max_4,0.094400,3.327500,0.003800,128x1x1,64x1x1,64x2x1x1
ffn_moe_argsort-2,kernel_argsort_f32_i32,0.074400,3.331800,0.012000,64x2x1,64x1x1,64x2x1x1
ffn_moe_weights-2,kernel_get_rows_f32,0.052400,3.344300,0.003000,6x2x1,1x1x1,1x6x2x1
ffn_moe_topk-2,kernel_moe_histogram,0.028400,3.347900,0.002700,64x6x1,64x1x1,6x2x1x1
ffn_moe_topk-2,kernel_moe_scan,0.102600,0.042800,0.013400,1x0x0,1x0x0,6x2x1x1
ffn_moe_topk-2,kernel_moe_fill,0.070600,0.056800,0.002100,64x32x1,64x1x1,6x2x1x1
ffn_moe_topk-2,kernel_moe_scatter,0.042600,0.059400,0.002400,64x6x1,64x1x1,6x2x1x1
ffn_moe_gate-2,kernel_moe_reorder_b,0.282000,0.226900,0.054800,512x2048x1,256x1x1,1408x6x2x1
ffn_moe_gate-2,kernel_gemm_moe_q4_0_f32_ns,0.221000,0.282200,0.419700,64x22x64,64x1x1,1408x6x2x1
ffn_moe_up-2,kernel_moe_reorder_b,0.188000,0.702500,0.052000,512x2048x1,256x1x1,1408x6x2x1
ffn_moe_up-2,kernel_gemm_moe_q4_0_f32_ns,0.163000,0.755100,0.418200,64x22x64,64x1x1,1408x6x2x1
ffn_moe_swiglu-2,kernel_swiglu,0.131000,1.173900,0.003800,6144x1x1,512x1x1,1408x6x2x1
ffn_moe_down-2,kernel_moe_reorder_b,0.103000,1.178200,0.035200,512x2048x1,256x1x1,2048x6x2x1
ffn_moe_down-2,kernel_gemm_moe_q4_0_f32_ns,0.063000,1.213900,0.419500,64x32x64,64x1x1,2048x6x2x1
ffn_moe_out-2,kernel_moe_combine_f32,0.270200,1.396300,0.004200,512x2x0,64x1x0,2048x2x1x1
ffn_gate-2,kernel_transpose_32_16,0.211200,1.401000,0.005000,512x2x0,1x16x0,2816x2x1x1
ffn_gate-2,kernel_gemm_noshuffle_q4_0_f32,0.184200,1.406600,0.317300,1x704x1,1x128x1,2816x2x1x1
ffn_up-2,kernel_transpose_32_16,0.153200,1.724400,0.004800,512x2x0,1x16x0,2816x2x1x1
ffn_up-2,kernel_gemm_noshuffle_q4_0_f32,0.128200,1.729800,0.315000,1x704x1,1x128x1,2816x2x1x1
ffn_swiglu-2,kernel_swiglu,0.103200,2.045400,0.004100,1024x1x1,512x1x1,2816x2x1x1
ffn_shexp-2,kernel_transpose_32_16,0.076200,2.050100,0.006000,704x2x0,1x16x0,2048x2x1x1
ffn_shexp-2,kernel_gemm_noshuffle_q4_0_f32,0.063200,2.056600,0.445900,1x512x1,1x128x1,2048x2x1x1
ffn_out-2,kernel_add,0.312600,2.220700,0.011400,128x1x1,64x1x1,2048x2x1x1
l_out-2,kernel_add,0.243600,2.232600,0.013200,128x1x1,64x1x1,2048x2x1x1
attn_norm-3,kernel_rms_norm_mul,0.209600,2.246300,0.005500,2048x1x1,1024x1x1,2048x2x1x1
q-3,kernel_transpose_32_16,0.186600,2.252300,0.004700,512x2x0,1x16x0,3072x2x1x1
q-3,kernel_gemm_noshuffle_q4_0_f32,0.163600,2.257500,0.322500,1x768x1,1x128x1,3072x2x1x1
q_pe-3,kernel_rope_norm_f32,0.125600,2.580500,0.002900,1024x2x1,64x1x1,64x16x2x1
Qcur-3,kernel_concat_f32,0.062600,2.584000,0.003000,1024x2x1,64x1x1,192x16x2x1
kv_cmpr_pe-3,kernel_transpose_32_16,0.031600,2.587500,0.005000,512x2x0,1x16x0,576x2x1x1
kv_cmpr_pe-3,kernel_gemm_noshuffle_q4_0_f32,0.271800,2.343500,0.308800,1x144x1,1x128x1,576x2x1x1
kv_cmpr-3,kernel_rms_norm_mul,0.210800,2.652800,0.003900,1024x1x1,512x1x1,512x2x1x1
kv-3,kernel_transpose_32_16,0.188800,2.657200,0.003000,128x2x0,1x16x0,4096x2x1x1
kv-3,kernel_gemm_noshuffle_q4_0_f32,0.172800,2.660700,0.084100,1x1024x1,1x128x1,4096x2x1x1
Vcur_cont-3,kernel_cpy_f32_f32,0.142800,2.745300,0.003100,1024x2x1,64x1x1,128x16x2x1
k_pe-3,kernel_rope_norm_f32,0.109800,2.748900,0.002600,64x2x1,64x1x1,64x1x2x1
node_186,kernel_repeat_f32,0.087800,2.752000,0.002600,1024x2x1,64x1x1,64x16x2x1
Kcur-3,kernel_concat_f32,0.046800,2.755200,0.002800,1024x2x1,64x1x1,192x16x2x1
cache_k_l3 (view),kernel_set_rows_f16_i64,0.323400,2.459800,0.003900,2048x1x1,1024x1x1,3072x4096x1x1
cache_v_l3 (view),kernel_set_rows_f16_i64,0.269400,2.464300,0.003300,2048x1x1,1024x1x1,2048x4096x1x1
node_198,flash_attn_blk_f16,0.212400,2.468100,0.005000,16x1x1,0x0x0,128x16x2x1
node_198,flash_attn_f32_f16,0.163400,2.473600,0.107600,16x16x0,16x1x0,128x16x2x1
node_200,kernel_transpose_32_16,0.133400,2.581700,0.004800,512x2x0,1x16x0,2048x2x1x1
node_200,kernel_gemm_noshuffle_q4_0_f32,0.110400,2.587000,0.317200,1x512x1,1x128x1,2048x2x1x1
ffn_inp-3,kernel_add,0.072400,2.904700,0.013100,128x1x1,64x1x1,2048x2x1x1
ffn_norm-3,kernel_rms_norm_mul,0.043400,2.918300,0.005700,2048x1x1,1024x1x1,2048x2x1x1
ffn_moe_logits-3,kernel_mul_mm_f32_f32_l4_lm,0.164400,2.781900,0.453100,128x1x1,128x1x1,64x2x1x1
ffn_moe_probs-3,kernel_soft_max_4,0.106400,3.235500,0.003700,128x1x1,64x1x1,64x2x1x1
ffn_moe_argsort-3,kernel_argsort_f32_i32,0.083400,3.239700,0.012000,64x2x1,64x1x1,64x2x1x1
ffn_moe_weights-3,kernel_get_rows_f32,0.060400,3.252200,0.003000,6x2x1,1x1x1,1x6x2x1
ffn_moe_topk-3,kernel_moe_histogram,0.032400,3.255800,0.002300,64x6x1,64x1x1,6x2x1x1
ffn_moe_topk-3,kernel_moe_scan,0.082600,0.039500,0.013400,1x0x0,1x0x0,6x2x1x1
ffn_moe_topk-3,kernel_moe_fill,0.058600,0.053400,0.002200,64x32x1,64x1x1,6x2x1x1
ffn_moe_topk-3,kernel_moe_scatter,0.034600,0.056100,0.002300,64x6x1,64x1x1,6x2x1x1
ffn_moe_gate-3,kernel_moe_reorder_b,0.294000,0.230700,0.053700,512x2048x1,256x1x1,1408x6x2x1
ffn_moe_gate-3,kernel_gemm_moe_q4_0_f32_ns,0.253000,0.285000,0.420200,64x22x64,64x1x1,1408x6x2x1
ffn_moe_up-3,kernel_moe_reorder_b,0.215000,0.705700,0.052300,512x2048x1,256x1x1,1408x6x2x1
ffn_moe_up-3,kernel_gemm_moe_q4_0_f32_ns,0.162000,0.758500,0.419500,64x22x64,64x1x1,1408x6x2x1
ffn_moe_swiglu-3,kernel_swiglu,0.120000,1.178500,0.003800,6144x1x1,512x1x1,1408x6x2x1
ffn_moe_down-3,kernel_moe_reorder_b,0.084000,1.182900,0.035200,512x2048x1,256x1x1,2048x6x2x1
ffn_moe_down-3,kernel_gemm_moe_q4_0_f32_ns,0.061000,1.218600,0.413300,64x32x64,64x1x1,2048x6x2x1
ffn_moe_out-3,kernel_moe_combine_f32,0.230400,1.433500,0.004200,512x2x0,64x1x0,2048x2x1x1
ffn_gate-3,kernel_transpose_32_16,0.177400,1.438200,0.004900,512x2x0,1x16x0,2816x2x1x1
ffn_gate-3,kernel_gemm_noshuffle_q4_0_f32,0.159400,1.443600,0.317200,1x704x1,1x128x1,2816x2x1x1
ffn_up-3,kernel_transpose_32_16,0.131400,1.761400,0.004800,512x2x0,1x16x0,2816x2x1x1
ffn_up-3,kernel_gemm_noshuffle_q4_0_f32,0.116400,1.766800,0.317900,1x704x1,1x128x1,2816x2x1x1
ffn_swiglu-3,kernel_swiglu,0.093400,2.085300,0.004200,1024x1x1,512x1x1,2816x2x1x1
ffn_shexp-3,kernel_transpose_32_16,0.068400,2.090000,0.006000,704x2x0,1x16x0,2048x2x1x1
ffn_shexp-3,kernel_gemm_noshuffle_q4_0_f32,0.054400,2.096500,0.444600,1x512x1,1x128x1,2048x2x1x1
ffn_out-3,kernel_add,0.412600,2.152100,0.011400,128x1x1,64x1x1,2048x2x1x1
l_out-3,kernel_add,0.347600,2.164100,0.013200,128x1x1,64x1x1,2048x2x1x1
attn_norm-4,kernel_rms_norm_mul,0.318600,2.177800,0.005400,2048x1x1,1024x1x1,2048x2x1x1
q-4,kernel_transpose_32_16,0.291600,2.183800,0.004700,512x2x0,1x16x0,3072x2x1x1
q-4,kernel_gemm_noshuffle_q4_0_f32,0.278600,2.189000,0.322900,1x768x1,1x128x1,3072x2x1x1
q_pe-4,kernel_rope_norm_f32,0.242600,2.512400,0.003200,1024x2x1,64x1x1,64x16x2x1
Qcur-4,kernel_concat_f32,0.210600,2.516100,0.003200,1024x2x1,64x1x1,192x16x2x1
kv_cmpr_pe-4,kernel_transpose_32_16,0.075600,2.519800,0.004800,512x2x0,1x16x0,576x2x1x1
kv_cmpr_pe-4,kernel_gemm_noshuffle_q4_0_f32,0.392400,2.176900,0.309500,1x144x1,1x128x1,576x2x1x1
kv_cmpr-4,kernel_rms_norm_mul,0.283400,2.486900,0.003800,1024x1x1,512x1x1,512x2x1x1
kv-4,kernel_transpose_32_16,0.250400,2.491300,0.002900,128x2x0,1x16x0,4096x2x1x1
kv-4,kernel_gemm_noshuffle_q4_0_f32,0.225400,2.494700,0.083200,1x1024x1,1x128x1,4096x2x1x1
Vcur_cont-4,kernel_cpy_f32_f32,0.182400,2.578400,0.002900,1024x2x1,64x1x1,128x16x2x1
k_pe-4,kernel_rope_norm_f32,0.128400,2.581900,0.002500,64x2x1,64x1x1,64x1x2x1
node_250,kernel_repeat_f32,0.099400,2.585000,0.002600,1024x2x1,64x1x1,64x16x2x1
Kcur-4,kernel_concat_f32,0.063400,2.588200,0.002800,1024x2x1,64x1x1,192x16x2x1
cache_k_l4 (view),kernel_set_rows_f16_i64,0.409000,2.213400,0.003900,2048x1x1,1024x1x1,3072x4096x1x1
cache_v_l4 (view),kernel_set_rows_f16_i64,0.335000,2.217900,0.003100,2048x1x1,1024x1x1,2048x4096x1x1
node_262,flash_attn_blk_f16,0.264000,2.221600,0.005000,16x1x1,0x0x0,128x16x2x1
node_262,flash_attn_f32_f16,0.204000,2.227100,0.107000,16x16x0,16x1x0,128x16x2x1
node_264,kernel_transpose_32_16,0.161000,2.334600,0.004800,512x2x0,1x16x0,2048x2x1x1
node_264,kernel_gemm_noshuffle_q4_0_f32,0.141000,2.340000,0.322200,1x512x1,1x128x1,2048x2x1x1
ffn_inp-4,kernel_add,0.096000,2.662800,0.012900,128x1x1,64x1x1,2048x2x1x1
ffn_norm-4,kernel_rms_norm_mul,0.054000,2.676300,0.005400,2048x1x1,1024x1x1,2048x2x1x1
ffn_moe_logits-4,kernel_mul_mm_f32_f32_l4_lm,0.195600,2.517200,0.445400,128x1x1,128x1x1,64x2x1x1
ffn_moe_probs-4,kernel_soft_max_4,0.119600,2.963100,0.003700,128x1x1,64x1x1,64x2x1x1
ffn_moe_argsort-4,kernel_argsort_f32_i32,0.090600,2.967300,0.012000,64x2x1,64x1x1,64x2x1x1
ffn_moe_weights-4,kernel_get_rows_f32,0.062600,2.979800,0.003000,6x2x1,1x1x1,1x6x2x1
ffn_moe_topk-4,kernel_moe_histogram,0.034600,2.983300,0.002300,64x6x1,64x1x1,6x2x1x1
ffn_moe_topk-4,kernel_moe_scan,0.119800,0.043200,0.013400,1x0x0,1x0x0,6x2x1x1
ffn_moe_topk-4,kernel_moe_fill,0.084800,0.057100,0.002100,64x32x1,64x1x1,6x2x1x1
ffn_moe_topk-4,kernel_moe_scatter,0.045800,0.059700,0.002500,64x6x1,64x1x1,6x2x1x1
ffn_moe_gate-4,kernel_moe_reorder_b,0.315400,0.227500,0.055200,512x2048x1,256x1x1,1408x6x2x1
ffn_moe_gate-4,kernel_gemm_moe_q4_0_f32_ns,0.240400,0.283300,0.417400,64x22x64,64x1x1,1408x6x2x1
ffn_moe_up-4,kernel_moe_reorder_b,0.200400,0.701200,0.052400,512x2048x1,256x1x1,1408x6x2x1
ffn_moe_up-4,kernel_gemm_moe_q4_0_f32_ns,0.169400,0.754100,0.416200,64x22x64,64x1x1,1408x6x2x1
ffn_moe_swiglu-4,kernel_swiglu,0.140400,1.170800,0.003900,6144x1x1,512x1x1,1408x6x2x1
ffn_moe_down-4,kernel_moe_reorder_b,0.111400,1.175300,0.034900,512x2048x1,256x1x1,2048x6x2x1
ffn_moe_down-4,kernel_gemm_moe_q4_0_f32_ns,0.080400,1.210800,0.412400,64x32x64,64x1x1,2048x6x2x1
ffn_moe_out-4,kernel_moe_combine_f32,0.287000,1.372700,0.004300,512x2x0,64x1x0,2048x2x1x1
ffn_gate-4,kernel_transpose_32_16,0.223000,1.377500,0.005100,512x2x0,1x16x0,2816x2x1x1
ffn_gate-4,kernel_gemm_noshuffle_q4_0_f32,0.205000,1.383100,0.316700,1x704x1,1x128x1,2816x2x1x1
ffn_up-4,kernel_transpose_32_16,0.168000,1.700300,0.005000,512x2x0,1x16x0,2816x2x1x1
ffn_up-4,kernel_gemm_noshuffle_q4_0_f32,0.150000,1.705800,0.315600,1x704x1,1x128x1,2816x2x1x1
ffn_swiglu-4,kernel_swiglu,0.121000,2.021900,0.004100,1024x1x1,512x1x1,2816x2x1x1
ffn_shexp-4,kernel_transpose_32_16,0.091000,2.026500,0.006100,704x2x0,1x16x0,2048x2x1x1
ffn_shexp-4,kernel_gemm_noshuffle_q4_0_f32,0.075000,2.033100,0.446100,1x512x1,1x128x1,2048x2x1x1
ffn_out-4,kernel_add,0.343200,2.163100,0.011600,128x1x1,64x1x1,2048x2x1x1
l_out-4,kernel_add,0.267200,2.175300,0.013200,128x1x1,64x1x1,2048x2x1x1
attn_norm-5,kernel_rms_norm_mul,0.208200,2.189000,0.005600,2048x1x1,1024x1x1,2048x2x1x1
q-5,kernel_transpose_32_16,0.180200,2.195100,0.004700,512x2x0,1x16x0,3072x2x1x1
q-5,kernel_gemm_noshuffle_q4_0_f32,0.147200,2.200400,0.321700,1x768x1,1x128x1,3072x2x1x1
q_pe-5,kernel_rope_norm_f32,0.102200,2.522700,0.003200,1024x2x1,64x1x1,64x16x2x1
Qcur-5,kernel_concat_f32,0.070200,2.526500,0.002800,1024x2x1,64x1x1,192x16x2x1
kv_cmpr_pe-5,kernel_transpose_32_16,0.038200,2.529900,0.004800,512x2x0,1x16x0,576x2x1x1
kv_cmpr_pe-5,kernel_gemm_noshuffle_q4_0_f32,0.367800,2.194200,0.309400,1x144x1,1x128x1,576x2x1x1
kv_cmpr-5,kernel_rms_norm_mul,0.255800,2.504100,0.003900,1024x1x1,512x1x1,512x2x1x1
kv-5,kernel_transpose_32_16,0.227800,2.508500,0.003000,128x2x0,1x16x0,4096x2x1x1
kv-5,kernel_gemm_noshuffle_q4_0_f32,0.206800,2.512100,0.084200,1x1024x1,1x128x1,4096x2x1x1
Vcur_cont-5,kernel_cpy_f32_f32,0.167800,2.596900,0.002800,1024x2x1,64x1x1,128x16x2x1
k_pe-5,kernel_rope_norm_f32,0.120800,2.600300,0.002500,64x2x1,64x1x1,64x1x2x1
node_314,kernel_repeat_f32,0.093800,2.603300,0.002600,1024x2x1,64x1x1,64x16x2x1
Kcur-5,kernel_concat_f32,0.058800,2.606400,0.003100,1024x2x1,64x1x1,192x16x2x1
cache_k_l5 (view),kernel_set_rows_f16_i64,0.372600,2.264600,0.003900,2048x1x1,1024x1x1,3072x4096x1x1
cache_v_l5 (view),kernel_set_rows_f16_i64,0.308600,2.269100,0.003200,2048x1x1,1024x1x1,2048x4096x1x1
node_326,flash_attn_blk_f16,0.252600,2.272800,0.005000,16x1x1,0x0x0,128x16x2x1
node_326,flash_attn_f32_f16,0.189600,2.278300,0.107800,16x16x0,16x1x0,128x16x2x1
node_328,kernel_transpose_32_16,0.148600,2.386600,0.004900,512x2x0,1x16x0,2048x2x1x1
node_328,kernel_gemm_noshuffle_q4_0_f32,0.131600,2.392000,0.316900,1x512x1,1x128x1,2048x2x1x1
ffn_inp-5,kernel_add,0.088600,2.709400,0.013200,128x1x1,64x1x1,2048x2x1x1
ffn_norm-5,kernel_rms_norm_mul,0.051600,2.723200,0.005400,2048x1x1,1024x1x1,2048x2x1x1
ffn_moe_logits-5,kernel_mul_mm_f32_f32_l4_lm,0.181800,2.572700,0.444800,128x1x1,128x1x1,64x2x1x1
ffn_moe_probs-5,kernel_soft_max_4,0.113800,3.018000,0.003800,128x1x1,64x1x1,64x2x1x1
ffn_moe_argsort-5,kernel_argsort_f32_i32,0.089800,3.022300,0.012000,64x2x1,64x1x1,64x2x1x1
ffn_moe_weights-5,kernel_get_rows_f32,0.058800,3.034800,0.002700,6x2x1,1x1x1,1x6x2x1
ffn_moe_topk-5,kernel_moe_histogram,0.032800,3.038100,0.002300,64x6x1,64x1x1,6x2x1x1
ffn_moe_topk-5,kernel_moe_scan,0.125600,0.042500,0.013300,1x0x0,1x0x0,6x2x1x1
ffn_moe_topk-5,kernel_moe_fill,0.089600,0.056400,0.002100,64x32x1,64x1x1,6x2x1x1
ffn_moe_topk-5,kernel_moe_scatter,0.050600,0.059100,0.002400,64x6x1,64x1x1,6x2x1x1
ffn_moe_gate-5,kernel_moe_reorder_b,0.303600,0.229500,0.055100,512x2048x1,256x1x1,1408x6x2x1
ffn_moe_gate-5,kernel_gemm_moe_q4_0_f32_ns,0.255600,0.285200,0.417300,64x22x64,64x1x1,1408x6x2x1
ffn_moe_up-5,kernel_moe_reorder_b,0.215600,0.703000,0.052300,512x2048x1,256x1x1,1408x6x2x1
ffn_moe_up-5,kernel_gemm_moe_q4_0_f32_ns,0.183600,0.755800,0.417200,64x22x64,64x1x1,1408x6x2x1
ffn_moe_swiglu-5,kernel_swiglu,0.146600,1.173500,0.004000,6144x1x1,512x1x1,1408x6x2x1
ffn_moe_down-5,kernel_moe_reorder_b,0.114600,1.178000,0.035400,512x2048x1,256x1x1,2048x6x2x1
ffn_moe_down-5,kernel_gemm_moe_q4_0_f32_ns,0.077600,1.214000,0.414200,64x32x64,64x1x1,2048x6x2x1
ffn_moe_out-5,kernel_moe_combine_f32,0.304800,1.360300,0.004300,512x2x0,64x1x0,2048x2x1x1
ffn_gate-5,kernel_transpose_32_16,0.229800,1.365200,0.005000,512x2x0,1x16x0,2816x2x1x1
ffn_gate-5,kernel_gemm_noshuffle_q4_0_f32,0.209800,1.370700,0.318600,1x704x1,1x128x1,2816x2x1x1
ffn_up-5,kernel_transpose_32_16,0.174800,1.689900,0.004800,512x2x0,1x16x0,2816x2x1x1
ffn_up-5,kernel_gemm_noshuffle_q4_0_f32,0.152800,1.695200,0.315400,1x704x1,1x128x1,2816x2x1x1
ffn_swiglu-5,kernel_swiglu,0.122800,2.011100,0.004100,1024x1x1,512x1x1,2816x2x1x1
ffn_shexp-5,kernel_transpose_32_16,0.089800,2.015700,0.006100,704x2x0,1x16x0,2048x2x1x1
ffn_shexp-5,kernel_gemm_noshuffle_q4_0_f32,0.071800,2.022300,0.450100,1x512x1,1x128x1,2048x2x1x1
ffn_out-5,kernel_add,0.329800,2.170400,0.011400,128x1x1,64x1x1,2048x2x1x1
l_out-5,kernel_add,0.250800,2.182300,0.013200,128x1x1,64x1x1,2048x2x1x1
attn_norm-6,kernel_rms_norm_mul,0.213800,2.196000,0.005400,2048x1x1,1024x1x1,2048x2x1x1
q-6,kernel_transpose_32_16,0.181800,2.202000,0.004700,512x2x0,1x16x0,3072x2x1x1
q-6,kernel_gemm_noshuffle_q4_0_f32,0.163800,2.207200,0.322100,1x768x1,1x128x1,3072x2x1x1
q_pe-6,kernel_rope_norm_f32,0.113800,2.529800,0.003200,1024x2x1,64x1x1,64x16x2x1
Qcur-6,kernel_concat_f32,0.079800,2.533500,0.003100,1024x2x1,64x1x1,192x16x2x1
kv_cmpr_pe-6,kernel_transpose_32_16,0.039800,2.537100,0.004900,512x2x0,1x16x0,576x2x1x1
kv_cmpr_pe-6,kernel_gemm_noshuffle_q4_0_f32,0.339200,2.230600,0.310400,1x144x1,1x128x1,576x2x1x1
kv_cmpr-6,kernel_rms_norm_mul,0.260200,2.541600,0.003900,1024x1x1,512x1x1,512x2x1x1
kv-6,kernel_transpose_32_16,0.229200,2.546000,0.003000,128x2x0,1x16x0,4096x2x1x1
kv-6,kernel_gemm_noshuffle_q4_0_f32,0.212200,2.549600,0.083900,1x1024x1,1x128x1,4096x2x1x1
Vcur_cont-6,kernel_cpy_f32_f32,0.174200,2.634100,0.002900,1024x2x1,64x1x1,128x16x2x1
k_pe-6,kernel_rope_norm_f32,0.129200,2.637600,0.002400,64x2x1,64x1x1,64x1x2x1
node_378,kernel_repeat_f32,0.097200,2.640500,0.002600,1024x2x1,64x1x1,64x16x2x1
Kcur-6,kernel_concat_f32,0.062200,2.643600,0.003000,1024x2x1,64x1x1,192x16x2x1
cache_k_l6 (view),kernel_set_rows_f16_i64,0.387400,2.287500,0.003900,2048x1x1,1024x1x1,3072x4096x1x1
cache_v_l6 (view),kernel_set_rows_f16_i64,0.320400,2.291900,0.003200,2048x1x1,1024x1x1,2048x4096x1x1
node_390,flash_attn_blk_f16,0.255400,2.295700,0.004900,16x1x1,0x0x0,128x16x2x1
node_390,flash_attn_f32_f16,0.196400,2.301100,0.106400,16x16x0,16x1x0,128x16x2x1
node_392,kernel_transpose_32_16,0.151400,2.408000,0.004900,512x2x0,1x16x0,2048x2x1x1
node_392,kernel_gemm_noshuffle_q4_0_f32,0.134400,2.413400,0.316400,1x512x1,1x128x1,2048x2x1x1
ffn_inp-6,kernel_add,0.091400,2.730400,0.013200,128x1x1,64x1x1,2048x2x1x1
ffn_norm-6,kernel_rms_norm_mul,0.054400,2.744200,0.005300,2048x1x1,1024x1x1,2048x2x1x1
ffn_moe_logits-6,kernel_mul_mm_f32_f32_l4_lm,0.189800,2.587300,0.453500,128x1x1,128x1x1,64x2x1x1
ffn_moe_probs-6,kernel_soft_max_4,0.116800,3.041400,0.004100,128x1x1,64x1x1,64x2x1x1
ffn_moe_argsort-6,kernel_argsort_f32_i32,0.091800,3.046000,0.012000,64x2x1,64x1x1,64x2x1x1
ffn_moe_weights-6,kernel_get_rows_f32,0.061800,3.058500,0.003000,6x2x1,1x1x1,1x6x2x1
ffn_moe_topk-6,kernel_moe_histogram,0.034800,3.062000,0.002600,64x6x1,64x1x1,6x2x1x1
ffn_moe_topk-6,kernel_moe_scan,0.105200,0.040400,0.013300,1x0x0,1x0x0,6x2x1x1
ffn_moe_topk-6,kernel_moe_fill,0.074200,0.054200,0.002100,64x32x1,64x1x1,6x2x1x1
ffn_moe_topk-6,kernel_moe_scatter,0.044200,0.056900,0.002400,64x6x1,64x1x1,6x2x1x1
ffn_moe_gate-6,kernel_moe_reorder_b,0.309000,0.229900,0.053700,512x2048x1,256x1x1,1408x6x2x1
ffn_moe_gate-6,kernel_gemm_moe_q4_0_f32_ns,0.257000,0.284200,0.419800,64x22x64,64x1x1,1408x6x2x1
ffn_moe_up-6,kernel_moe_reorder_b,0.198000,0.704500,0.052700,512x2048x1,256x1x1,1408x6x2x1
ffn_moe_up-6,kernel_gemm_moe_q4_0_f32_ns,0.167000,0.757700,0.417800,64x22x64,64x1x1,1408x6x2x1
ffn_moe_swiglu-6,kernel_swiglu,0.134000,1.176000,0.003800,6144x1x1,512x1x1,1408x6x2x1
ffn_moe_down-6,kernel_moe_reorder_b,0.105000,1.180400,0.035300,512x2048x1,256x1x1,2048x6x2x1
ffn_moe_down-6,kernel_gemm_moe_q4_0_f32_ns,0.074000,1.216300,0.418500,64x32x64,64x1x1,2048x6x2x1
ffn_moe_out-6,kernel_moe_combine_f32,0.334800,1.336400,0.004300,512x2x0,64x1x0,2048x2x1x1
ffn_gate-6,kernel_transpose_32_16,0.265800,1.341200,0.004900,512x2x0,1x16x0,2816x2x1x1
ffn_gate-6,kernel_gemm_noshuffle_q4_0_f32,0.247800,1.346600,0.315600,1x704x1,1x128x1,2816x2x1x1
ffn_up-6,kernel_transpose_32_16,0.210800,1.662800,0.004800,512x2x0,1x16x0,2816x2x1x1
ffn_up-6,kernel_gemm_noshuffle_q4_0_f32,0.192800,1.668200,0.316800,1x704x1,1x128x1,2816x2x1x1
ffn_swiglu-6,kernel_swiglu,0.160800,1.985600,0.004100,1024x1x1,512x1x1,2816x2x1x1
ffn_shexp-6,kernel_transpose_32_16,0.131800,1.990200,0.006100,704x2x0,1x16x0,2048x2x1x1
ffn_shexp-6,kernel_gemm_noshuffle_q4_0_f32,0.114800,1.996800,0.432200,1x512x1,1x128x1,2048x2x1x1
ffn_out-6,kernel_add,0.333000,2.123800,0.011500,128x1x1,64x1x1,2048x2x1x1
l_out-6,kernel_add,0.259000,2.135800,0.013300,128x1x1,64x1x1,2048x2x1x1
attn_norm-7,kernel_rms_norm_mul,0.218000,2.149600,0.005500,2048x1x1,1024x1x1,2048x2x1x1
q-7,kernel_transpose_32_16,0.191000,2.155600,0.004800,512x2x0,1x16x0,3072x2x1x1
q-7,kernel_gemm_noshuffle_q4_0_f32,0.153000,2.161000,0.315700,1x768x1,1x128x1,3072x2x1x1
q_pe-7,kernel_rope_norm_f32,0.107000,2.477200,0.003300,1024x2x1,64x1x1,64x16x2x1
Qcur-7,kernel_concat_f32,0.071000,2.481000,0.003100,1024x2x1,64x1x1,192x16x2x1
kv_cmpr_pe-7,kernel_transpose_32_16,0.039000,2.484600,0.004800,512x2x0,1x16x0,576x2x1x1
kv_cmpr_pe-7,kernel_gemm_noshuffle_q4_0_f32,0.325600,2.190900,0.309400,1x144x1,1x128x1,576x2x1x1
kv_cmpr-7,kernel_rms_norm_mul,0.250600,2.500800,0.003800,1024x1x1,512x1x1,512x2x1x1
kv-7,kernel_transpose_32_16,0.224600,2.505200,0.002900,128x2x0,1x16x0,4096x2x1x1
kv-7,kernel_gemm_noshuffle_q4_0_f32,0.202600,2.508600,0.082700,1x1024x1,1x128x1,4096x2x1x1
Vcur_cont-7,kernel_cpy_f32_f32,0.164600,2.591800,0.002900,1024x2x1,64x1x1,128x16x2x1
k_pe-7,kernel_rope_norm_f32,0.119600,2.595200,0.002600,64x2x1,64x1x1,64x1x2x1
node_442,kernel_repeat_f32,0.089600,2.598300,0.002600,1024x2x1,64x1x1,64x16x2x1
Kcur-7,kernel_concat_f32,0.054600,2.601500,0.002800,1024x2x1,64x1x1,192x16x2x1
cache_k_l7 (view),kernel_set_rows_f16_i64,0.371600,2.260400,0.003900,2048x1x1,1024x1x1,3072x4096x1x1
cache_v_l7 (view),kernel_set_rows_f16_i64,0.303600,2.264800,0.003200,2048x1x1,1024x1x1,2048x4096x1x1
node_454,flash_attn_blk_f16,0.252600,2.268600,0.005000,16x1x1,0x0x0,128x16x2x1
node_454,flash_attn_f32_f16,0.195600,2.274200,0.107400,16x16x0,16x1x0,128x16x2x1
node_456,kernel_transpose_32_16,0.157600,2.382100,0.004700,512x2x0,1x16x0,2048x2x1x1
node_456,kernel_gemm_noshuffle_q4_0_f32,0.137600,2.387300,0.325900,1x512x1,1x128x1,2048x2x1x1
ffn_inp-7,kernel_add,0.090600,2.713700,0.013100,128x1x1,64x1x1,2048x2x1x1
ffn_norm-7,kernel_rms_norm_mul,0.050600,2.727300,0.005500,2048x1x1,1024x1x1,2048x2x1x1
ffn_moe_logits-7,kernel_mul_mm_f32_f32_l4_lm,0.186600,2.573600,0.451400,128x1x1,128x1x1,64x2x1x1
ffn_moe_probs-7,kernel_soft_max_4,0.112600,3.025500,0.003800,128x1x1,64x1x1,64x2x1x1
ffn_moe_argsort-7,kernel_argsort_f32_i32,0.087600,3.029900,0.011900,64x2x1,64x1x1,64x2x1x1
ffn_moe_weights-7,kernel_get_rows_f32,0.061600,3.042300,0.003100,6x2x1,1x1x1,1x6x2x1
ffn_moe_topk-7,kernel_moe_histogram,0.035600,3.046000,0.002600,64x6x1,64x1x1,6x2x1x1
ffn_moe_topk-7,kernel_moe_scan,0.103800,0.040200,0.013400,1x0x0,1x0x0,6x2x1x1
ffn_moe_topk-7,kernel_moe_fill,0.073800,0.054100,0.002100,64x32x1,64x1x1,6x2x1x1
ffn_moe_topk-7,kernel_moe_scatter,0.038800,0.056800,0.002300,64x6x1,64x1x1,6x2x1x1
ffn_moe_gate-7,kernel_moe_reorder_b,0.276600,0.227200,0.054100,512x2048x1,256x1x1,1408x6x2x1
ffn_moe_gate-7,kernel_gemm_moe_q4_0_f32_ns,0.228600,0.281800,0.417500,64x22x64,64x1x1,1408x6x2x1
ffn_moe_up-7,kernel_moe_reorder_b,0.193600,0.699800,0.052700,512x2048x1,256x1x1,1408x6x2x1
ffn_moe_up-7,kernel_gemm_moe_q4_0_f32_ns,0.163600,0.753000,0.417100,64x22x64,64x1x1,1408x6x2x1
ffn_moe_swiglu-7,kernel_swiglu,0.131600,1.170700,0.003800,6144x1x1,512x1x1,1408x6x2x1
ffn_moe_down-7,kernel_moe_reorder_b,0.102600,1.175000,0.035600,512x2048x1,256x1x1,2048x6x2x1
ffn_moe_down-7,kernel_gemm_moe_q4_0_f32_ns,0.069600,1.211100,0.413800,64x32x64,64x1x1,2048x6x2x1
ffn_moe_out-7,kernel_moe_combine_f32,0.276600,1.380900,0.004100,512x2x0,64x1x0,2048x2x1x1
ffn_gate-7,kernel_transpose_32_16,0.215600,1.385500,0.005000,512x2x0,1x16x0,2816x2x1x1
ffn_gate-7,kernel_gemm_noshuffle_q4_0_f32,0.194600,1.391000,0.316300,1x704x1,1x128x1,2816x2x1x1
ffn_up-7,kernel_transpose_32_16,0.161600,1.707900,0.004900,512x2x0,1x16x0,2816x2x1x1
ffn_up-7,kernel_gemm_noshuffle_q4_0_f32,0.143600,1.713300,0.315500,1x704x1,1x128x1,2816x2x1x1
ffn_swiglu-7,kernel_swiglu,0.114600,2.029300,0.003900,1024x1x1,512x1x1,2816x2x1x1
ffn_shexp-7,kernel_transpose_32_16,0.086600,2.033700,0.006200,704x2x0,1x16x0,2048x2x1x1
ffn_shexp-7,kernel_gemm_noshuffle_q4_0_f32,0.066600,2.040400,0.441800,1x512x1,1x128x1,2048x2x1x1
ffn_out-7,kernel_add,0.309400,2.198300,0.011500,128x1x1,64x1x1,2048x2x1x1
l_out-7,kernel_add,0.235400,2.210400,0.013400,128x1x1,64x1x1,2048x2x1x1
attn_norm-8,kernel_rms_norm_mul,0.199400,2.224300,0.005400,2048x1x1,1024x1x1,2048x2x1x1
q-8,kernel_transpose_32_16,0.168400,2.230300,0.004700,512x2x0,1x16x0,3072x2x1x1
q-8,kernel_gemm_noshuffle_q4_0_f32,0.151400,2.235500,0.318700,1x768x1,1x128x1,3072x2x1x1
q_pe-8,kernel_rope_norm_f32,0.106400,2.554700,0.003300,1024x2x1,64x1x1,64x16x2x1
Qcur-8,kernel_concat_f32,0.073400,2.558600,0.003000,1024x2x1,64x1x1,192x16x2x1
kv_cmpr_pe-8,kernel_transpose_32_16,0.037400,2.562100,0.004900,512x2x0,1x16x0,576x2x1x1
kv_cmpr_pe-8,kernel_gemm_noshuffle_q4_0_f32,0.355000,2.238600,0.310800,1x144x1,1x128x1,576x2x1x1
kv_cmpr-8,kernel_rms_norm_mul,0.281000,2.550000,0.003900,1024x1x1,512x1x1,512x2x1x1
kv-8,kernel_transpose_32_16,0.254000,2.554400,0.002900,128x2x0,1x16x0,4096x2x1x1
kv-8,kernel_gemm_noshuffle_q4_0_f32,0.237000,2.557900,0.082600,1x1024x1,1x128x1,4096x2x1x1
Vcur_cont-8,kernel_cpy_f32_f32,0.168000,2.641000,0.003100,1024x2x1,64x1x1,128x16x2x1
k_pe-8,kernel_rope_norm_f32,0.119000,2.644600,0.002500,64x2x1,64x1x1,64x1x2x1
node_506,kernel_repeat_f32,0.092000,2.647700,0.002500,1024x2x1,64x1x1,64x16x2x1
Kcur-8,kernel_concat_f32,0.054000,2.650700,0.002900,1024x2x1,64x1x1,192x16x2x1
cache_k_l8 (view),kernel_set_rows_f16_i64,0.401600,2.278000,0.003900,2048x1x1,1024x1x1,3072x4096x1x1
cache_v_l8 (view),kernel_set_rows_f16_i64,0.340600,2.282500,0.003100,2048x1x1,1024x1x1,2048x4096x1x1
node_518,flash_attn_blk_f16,0.250600,2.286100,0.005200,16x1x1,0x0x0,128x16x2x1
node_518,flash_attn_f32_f16,0.189600,2.291800,0.106300,16x16x0,16x1x0,128x16x2x1
node_520,kernel_transpose_32_16,0.149600,2.398600,0.004800,512x2x0,1x16x0,2048x2x1x1
node_520,kernel_gemm_noshuffle_q4_0_f32,0.132600,2.404000,0.326300,1x512x1,1x128x1,2048x2x1x1
ffn_inp-8,kernel_add,0.087600,2.730800,0.013500,128x1x1,64x1x1,2048x2x1x1
ffn_norm-8,kernel_rms_norm_mul,0.048600,2.744800,0.005500,2048x1x1,1024x1x1,2048x2x1x1
ffn_moe_logits-8,kernel_mul_mm_f32_f32_l4_lm,0.179600,2.596400,0.459300,128x1x1,128x1x1,64x2x1x1
ffn_moe_probs-8,kernel_soft_max_4,0.111600,3.056300,0.004000,128x1x1,64x1x1,64x2x1x1
ffn_moe_argsort-8,kernel_argsort_f32_i32,0.084600,3.060800,0.012000,64x2x1,64x1x1,64x2x1x1
ffn_moe_weights-8,kernel_get_rows_f32,0.058600,3.073300,0.003300,6x2x1,1x1x1,1x6x2x1
ffn_moe_topk-8,kernel_moe_histogram,0.032600,3.077100,0.002700,64x6x1,64x1x1,6x2x1x1
ffn_moe_topk-8,kernel_moe_scan,0.102600,0.040500,0.013400,1x0x0,1x0x0,6x2x1x1
ffn_moe_topk-8,kernel_moe_fill,0.072600,0.054400,0.002100,64x32x1,64x1x1,6x2x1x1
ffn_moe_topk-8,kernel_moe_scatter,0.042600,0.057000,0.002500,64x6x1,64x1x1,6x2x1x1
ffn_moe_gate-8,kernel_moe_reorder_b,0.343400,0.233500,0.054400,512x2048x1,256x1x1,1408x6x2x1
ffn_moe_gate-8,kernel_gemm_moe_q4_0_f32_ns,0.277400,0.288400,0.418500,64x22x64,64x1x1,1408x6x2x1
ffn_moe_up-8,kernel_moe_reorder_b,0.223400,0.707400,0.052600,512x2048x1,256x1x1,1408x6x2x1
ffn_moe_up-8,kernel_gemm_moe_q4_0_f32_ns,0.193400,0.760500,0.420100,64x22x64,64x1x1,1408x6x2x1
ffn_moe_swiglu-8,kernel_swiglu,0.161400,1.181100,0.003900,6144x1x1,512x1x1,1408x6x2x1
ffn_moe_down-8,kernel_moe_reorder_b,0.119400,1.185500,0.035200,512x2048x1,256x1x1,2048x6x2x1
ffn_moe_down-8,kernel_gemm_moe_q4_0_f32_ns,0.070400,1.221300,0.413800,64x32x64,64x1x1,2048x6x2x1
ffn_moe_out-8,kernel_moe_combine_f32,0.282800,1.386200,0.004300,512x2x0,64x1x0,2048x2x1x1
ffn_gate-8,kernel_transpose_32_16,0.218800,1.391000,0.005100,512x2x0,1x16x0,2816x2x1x1
ffn_gate-8,kernel_gemm_noshuffle_q4_0_f32,0.200800,1.396600,0.316400,1x704x1,1x128x1,2816x2x1x1
ffn_up-8,kernel_transpose_32_16,0.163800,1.713500,0.004900,512x2x0,1x16x0,2816x2x1x1
ffn_up-8,kernel_gemm_noshuffle_q4_0_f32,0.145800,1.719000,0.316200,1x704x1,1x128x1,2816x2x1x1
ffn_swiglu-8,kernel_swiglu,0.116800,2.035700,0.004300,1024x1x1,512x1x1,2816x2x1x1
ffn_shexp-8,kernel_transpose_32_16,0.087800,2.040500,0.006100,704x2x0,1x16x0,2048x2x1x1
ffn_shexp-8,kernel_gemm_noshuffle_q4_0_f32,0.068800,2.047100,0.437000,1x512x1,1x128x1,2048x2x1x1
ffn_out-8,kernel_add,0.367800,2.143800,0.011400,128x1x1,64x1x1,2048x2x1x1
l_out-8,kernel_add,0.291800,2.155700,0.013400,128x1x1,64x1x1,2048x2x1x1
attn_norm-9,kernel_rms_norm_mul,0.255800,2.169600,0.005500,2048x1x1,1024x1x1,2048x2x1x1
q-9,kernel_transpose_32_16,0.197800,2.175600,0.004800,512x2x0,1x16x0,3072x2x1x1
q-9,kernel_gemm_noshuffle_q4_0_f32,0.172800,2.180900,0.317500,1x768x1,1x128x1,3072x2x1x1
q_pe-9,kernel_rope_norm_f32,0.109800,2.498900,0.003200,1024x2x1,64x1x1,64x16x2x1
Qcur-9,kernel_concat_f32,0.075800,2.502700,0.003100,1024x2x1,64x1x1,192x16x2x1
kv_cmpr_pe-9,kernel_transpose_32_16,0.039800,2.506300,0.004800,512x2x0,1x16x0,576x2x1x1
kv_cmpr_pe-9,kernel_gemm_noshuffle_q4_0_f32,0.319800,2.217500,0.310400,1x144x1,1x128x1,576x2x1x1
kv_cmpr-9,kernel_rms_norm_mul,0.246800,2.528400,0.003800,1024x1x1,512x1x1,512x2x1x1
kv-9,kernel_transpose_32_16,0.219800,2.532800,0.002900,128x2x0,1x16x0,4096x2x1x1
kv-9,kernel_gemm_noshuffle_q4_0_f32,0.202800,2.536300,0.082700,1x1024x1,1x128x1,4096x2x1x1
Vcur_cont-9,kernel_cpy_f32_f32,0.164800,2.619500,0.003000,1024x2x1,64x1x1,128x16x2x1
k_pe-9,kernel_rope_norm_f32,0.118800,2.623000,0.002400,64x2x1,64x1x1,64x1x2x1
node_570,kernel_repeat_f32,0.090800,2.626000,0.002600,1024x2x1,64x1x1,64x16x2x1
Kcur-9,kernel_concat_f32,0.055800,2.629200,0.002900,1024x2x1,64x1x1,192x16x2x1
cache_k_l9 (view),kernel_set_rows_f16_i64,0.352400,2.305600,0.003900,2048x1x1,1024x1x1,3072x4096x1x1
cache_v_l9 (view),kernel_set_rows_f16_i64,0.292400,2.310100,0.003200,2048x1x1,1024x1x1,2048x4096x1x1
node_582,flash_attn_blk_f16,0.247400,2.313900,0.005100,16x1x1,0x0x0,128x16x2x1
node_582,flash_attn_f32_f16,0.187400,2.319500,0.106200,16x16x0,16x1x0,128x16x2x1
node_584,kernel_transpose_32_16,0.150400,2.426300,0.004700,512x2x0,1x16x0,2048x2x1x1
node_584,kernel_gemm_noshuffle_q4_0_f32,0.133400,2.431600,0.328800,1x512x1,1x128x1,2048x2x1x1
ffn_inp-9,kernel_add,0.090400,2.760900,0.013500,128x1x1,64x1x1,2048x2x1x1
ffn_norm-9,kernel_rms_norm_mul,0.052400,2.775000,0.005300,2048x1x1,1024x1x1,2048x2x1x1
ffn_moe_logits-9,kernel_mul_mm_f32_f32_l4_lm,0.183600,2.621100,0.457800,128x1x1,128x1x1,64x2x1x1
ffn_moe_probs-9,kernel_soft_max_4,0.110600,3.079400,0.003700,128x1x1,64x1x1,64x2x1x1
ffn_moe_argsort-9,kernel_argsort_f32_i32,0.086600,3.083600,0.012100,64x2x1,64x1x1,64x2x1x1
ffn_moe_weights-9,kernel_get_rows_f32,0.057600,3.096300,0.002800,6x2x1,1x1x1,1x6x2x1
ffn_moe_topk-9,kernel_moe_histogram,0.031600,3.099600,0.002300,64x6x1,64x1x1,6x2x1x1
ffn_moe_topk-9,kernel_moe_scan,0.115400,0.041100,0.013500,1x0x0,1x0x0,6x2x1x1
ffn_moe_topk-9,kernel_moe_fill,0.080400,0.055200,0.001800,64x32x1,64x1x1,6x2x1x1
ffn_moe_topk-9,kernel_moe_scatter,0.043400,0.057500,0.002400,64x6x1,64x1x1,6x2x1x1
ffn_moe_gate-9,kernel_moe_reorder_b,0.300000,0.229100,0.057100,512x2048x1,256x1x1,1408x6x2x1
ffn_moe_gate-9,kernel_gemm_moe_q4_0_f32_ns,0.229000,0.286700,0.418100,64x22x64,64x1x1,1408x6x2x1
ffn_moe_up-9,kernel_moe_reorder_b,0.193000,0.705400,0.052100,512x2048x1,256x1x1,1408x6x2x1
ffn_moe_up-9,kernel_gemm_moe_q4_0_f32_ns,0.159000,0.758000,0.417800,64x22x64,64x1x1,1408x6x2x1
ffn_moe_swiglu-9,kernel_swiglu,0.130000,1.176400,0.003800,6144x1x1,512x1x1,1408x6x2x1
ffn_moe_down-9,kernel_moe_reorder_b,0.101000,1.180700,0.035600,512x2048x1,256x1x1,2048x6x2x1
ffn_moe_down-9,kernel_gemm_moe_q4_0_f32_ns,0.072000,1.216900,0.415000,64x32x64,64x1x1,2048x6x2x1
ffn_moe_out-9,kernel_moe_combine_f32,0.292600,1.374800,0.004200,512x2x0,64x1x0,2048x2x1x1
ffn_gate-9,kernel_transpose_32_16,0.221600,1.379500,0.005300,512x2x0,1x16x0,2816x2x1x1
ffn_gate-9,kernel_gemm_noshuffle_q4_0_f32,0.203600,1.385300,0.316600,1x704x1,1x128x1,2816x2x1x1
ffn_up-9,kernel_transpose_32_16,0.166600,1.702500,0.004900,512x2x0,1x16x0,2816x2x1x1
ffn_up-9,kernel_gemm_noshuffle_q4_0_f32,0.145600,1.707900,0.316600,1x704x1,1x128x1,2816x2x1x1
ffn_swiglu-9,kernel_swiglu,0.116600,2.025100,0.004200,1024x1x1,512x1x1,2816x2x1x1
ffn_shexp-9,kernel_transpose_32_16,0.086600,2.029800,0.006000,704x2x0,1x16x0,2048x2x1x1
ffn_shexp-9,kernel_gemm_noshuffle_q4_0_f32,0.069600,2.036400,0.433100,1x512x1,1x128x1,2048x2x1x1
ffn_out-9,kernel_add,0.316000,2.179100,0.011500,128x1x1,64x1x1,2048x2x1x1
l_out-9,kernel_add,0.240000,2.191100,0.013300,128x1x1,64x1x1,2048x2x1x1
attn_norm-10,kernel_rms_norm_mul,0.203000,2.205000,0.005500,2048x1x1,1024x1x1,2048x2x1x1
q-10,kernel_transpose_32_16,0.175000,2.211000,0.004700,512x2x0,1x16x0,3072x2x1x1
q-10,kernel_gemm_noshuffle_q4_0_f32,0.155000,2.216300,0.316300,1x768x1,1x128x1,3072x2x1x1
q_pe-10,kernel_rope_norm_f32,0.108000,2.533100,0.003100,1024x2x1,64x1x1,64x16x2x1
Qcur-10,kernel_concat_f32,0.075000,2.536800,0.002800,1024x2x1,64x1x1,192x16x2x1
kv_cmpr_pe-10,kernel_transpose_32_16,0.042000,2.540200,0.004800,512x2x0,1x16x0,576x2x1x1
kv_cmpr_pe-10,kernel_gemm_noshuffle_q4_0_f32,0.352400,2.221500,0.310100,1x144x1,1x128x1,576x2x1x1
kv_cmpr-10,kernel_rms_norm_mul,0.270400,2.532100,0.004000,1024x1x1,512x1x1,512x2x1x1
kv-10,kernel_transpose_32_16,0.241400,2.536700,0.002900,128x2x0,1x16x0,4096x2x1x1
kv-10,kernel_gemm_noshuffle_q4_0_f32,0.224400,2.540200,0.081500,1x1024x1,1x128x1,4096x2x1x1
Vcur_cont-10,kernel_cpy_f32_f32,0.188400,2.622200,0.002900,1024x2x1,64x1x1,128x16x2x1
k_pe-10,kernel_rope_norm_f32,0.132400,2.625600,0.002600,64x2x1,64x1x1,64x1x2x1
node_634,kernel_repeat_f32,0.099400,2.628800,0.002400,1024x2x1,64x1x1,64x16x2x1
Kcur-10,kernel_concat_f32,0.063400,2.631700,0.003000,1024x2x1,64x1x1,192x16x2x1
cache_k_l10 (view),kernel_set_rows_f16_i64,0.382800,2.281100,0.004000,2048x1x1,1024x1x1,3072x4096x1x1
cache_v_l10 (view),kernel_set_rows_f16_i64,0.315800,2.285600,0.003200,2048x1x1,1024x1x1,2048x4096x1x1
node_646,flash_attn_blk_f16,0.254800,2.289300,0.005100,16x1x1,0x0x0,128x16x2x1
node_646,flash_attn_f32_f16,0.197800,2.295000,0.106700,16x16x0,16x1x0,128x16x2x1
node_648,kernel_transpose_32_16,0.150800,2.402200,0.004800,512x2x0,1x16x0,2048x2x1x1
node_648,kernel_gemm_noshuffle_q4_0_f32,0.132800,2.407600,0.326500,1x512x1,1x128x1,2048x2x1x1
ffn_inp-10,kernel_add,0.090800,2.734700,0.013200,128x1x1,64x1x1,2048x2x1x1
ffn_norm-10,kernel_rms_norm_mul,0.054800,2.748400,0.005500,2048x1x1,1024x1x1,2048x2x1x1
ffn_moe_logits-10,kernel_mul_mm_f32_f32_l4_lm,0.188000,2.594200,0.454200,128x1x1,128x1x1,64x2x1x1
ffn_moe_probs-10,kernel_soft_max_4,0.115000,3.049000,0.003600,128x1x1,64x1x1,64x2x1x1
ffn_moe_argsort-10,kernel_argsort_f32_i32,0.090000,3.053100,0.012100,64x2x1,64x1x1,64x2x1x1
ffn_moe_weights-10,kernel_get_rows_f32,0.060000,3.065700,0.002800,6x2x1,1x1x1,1x6x2x1
ffn_moe_topk-10,kernel_moe_histogram,0.033000,3.069100,0.002400,64x6x1,64x1x1,6x2x1x1
ffn_moe_topk-10,kernel_moe_scan,0.103000,0.042700,0.013300,1x0x0,1x0x0,6x2x1x1
ffn_moe_topk-10,kernel_moe_fill,0.073000,0.056600,0.001700,64x32x1,64x1x1,6x2x1x1
ffn_moe_topk-10,kernel_moe_scatter,0.036000,0.058900,0.002200,64x6x1,64x1x1,6x2x1x1
ffn_moe_gate-10,kernel_moe_reorder_b,0.300200,0.231000,0.054900,512x2048x1,256x1x1,1408x6x2x1
ffn_moe_gate-10,kernel_gemm_moe_q4_0_f32_ns,0.254200,0.286500,0.418700,64x22x64,64x1x1,1408x6x2x1
ffn_moe_up-10,kernel_moe_reorder_b,0.219200,0.705700,0.051700,512x2048x1,256x1x1,1408x6x2x1
ffn_moe_up-10,kernel_gemm_moe_q4_0_f32_ns,0.189200,0.757900,0.419500,64x22x64,64x1x1,1408x6x2x1
ffn_moe_swiglu-10,kernel_swiglu,0.160200,1.177900,0.004000,6144x1x1,512x1x1,1408x6x2x1
ffn_moe_down-10,kernel_moe_reorder_b,0.105200,1.182500,0.035300,512x2048x1,256x1x1,2048x6x2x1
ffn_moe_down-10,kernel_gemm_moe_q4_0_f32_ns,0.075200,1.218400,0.413700,64x32x64,64x1x1,2048x6x2x1
ffn_moe_out-10,kernel_moe_combine_f32,0.280200,1.386600,0.004300,512x2x0,64x1x0,2048x2x1x1
ffn_gate-10,kernel_transpose_32_16,0.215200,1.391500,0.005300,512x2x0,1x16x0,2816x2x1x1
ffn_gate-10,kernel_gemm_noshuffle_q4_0_f32,0.198200,1.397300,0.317100,1x704x1,1x128x1,2816x2x1x1
ffn_up-10,kernel_transpose_32_16,0.165200,1.715000,0.004800,512x2x0,1x16x0,2816x2x1x1
ffn_up-10,kernel_gemm_noshuffle_q4_0_f32,0.146200,1.720300,0.315500,1x704x1,1x128x1,2816x2x1x1
ffn_swiglu-10,kernel_swiglu,0.113200,2.036300,0.004100,1024x1x1,512x1x1,2816x2x1x1
ffn_shexp-10,kernel_transpose_32_16,0.084200,2.040900,0.006100,704x2x0,1x16x0,2048x2x1x1
ffn_shexp-10,kernel_gemm_noshuffle_q4_0_f32,0.067200,2.047600,0.440100,1x512x1,1x128x1,2048x2x1x1
ffn_out-10,kernel_add,0.422600,2.093800,0.011400,128x1x1,64x1x1,2048x2x1x1
l_out-10,kernel_add,0.289600,2.105700,0.013300,128x1x1,64x1x1,2048x2x1x1
attn_norm-11,kernel_rms_norm_mul,0.248600,2.119500,0.005500,2048x1x1,1024x1x1,2048x2x1x1
q-11,kernel_transpose_32_16,0.221600,2.125500,0.004700,512x2x0,1x16x0,3072x2x1x1
q-11,kernel_gemm_noshuffle_q4_0_f32,0.204600,2.130700,0.320300,1x768x1,1x128x1,3072x2x1x1
q_pe-11,kernel_rope_norm_f32,0.141600,2.451500,0.003000,1024x2x1,64x1x1,64x16x2x1
Qcur-11,kernel_concat_f32,0.074600,2.455100,0.003100,1024x2x1,64x1x1,192x16x2x1
kv_cmpr_pe-11,kernel_transpose_32_16,0.039600,2.458800,0.004800,512x2x0,1x16x0,576x2x1x1
kv_cmpr_pe-11,kernel_gemm_noshuffle_q4_0_f32,0.330800,2.161000,0.310300,1x144x1,1x128x1,576x2x1x1
kv_cmpr-11,kernel_rms_norm_mul,0.253800,2.471800,0.003900,1024x1x1,512x1x1,512x2x1x1
kv-11,kernel_transpose_32_16,0.219800,2.476200,0.003000,128x2x0,1x16x0,4096x2x1x1
kv-11,kernel_gemm_noshuffle_q4_0_f32,0.202800,2.479700,0.082300,1x1024x1,1x128x1,4096x2x1x1
Vcur_cont-11,kernel_cpy_f32_f32,0.164800,2.562600,0.002900,1024x2x1,64x1x1,128x16x2x1
k_pe-11,kernel_rope_norm_f32,0.122800,2.566100,0.002400,64x2x1,64x1x1,64x1x2x1
node_698,kernel_repeat_f32,0.091800,2.569100,0.002400,1024x2x1,64x1x1,64x16x2x1
Kcur-11,kernel_concat_f32,0.055800,2.572000,0.003300,1024x2x1,64x1x1,192x16x2x1
cache_k_l11 (view),kernel_set_rows_f16_i64,0.396000,2.208100,0.003900,2048x1x1,1024x1x1,3072x4096x1x1
cache_v_l11 (view),kernel_set_rows_f16_i64,0.324000,2.212600,0.003100,2048x1x1,1024x1x1,2048x4096x1x1
node_710,flash_attn_blk_f16,0.272000,2.216300,0.005400,16x1x1,0x0x0,128x16x2x1
node_710,flash_attn_f32_f16,0.212000,2.222200,0.107100,16x16x0,16x1x0,128x16x2x1
node_712,kernel_transpose_32_16,0.174000,2.329800,0.004800,512x2x0,1x16x0,2048x2x1x1
node_712,kernel_gemm_noshuffle_q4_0_f32,0.133000,2.335200,0.326700,1x512x1,1x128x1,2048x2x1x1
ffn_inp-11,kernel_add,0.089000,2.662400,0.013200,128x1x1,64x1x1,2048x2x1x1
ffn_norm-11,kernel_rms_norm_mul,0.053000,2.676100,0.005400,2048x1x1,1024x1x1,2048x2x1x1
ffn_moe_logits-11,kernel_mul_mm_f32_f32_l4_lm,0.196200,2.515400,0.449000,128x1x1,128x1x1,64x2x1x1
ffn_moe_probs-11,kernel_soft_max_4,0.114200,2.964900,0.003800,128x1x1,64x1x1,64x2x1x1
ffn_moe_argsort-11,kernel_argsort_f32_i32,0.089200,2.969300,0.012000,64x2x1,64x1x1,64x2x1x1
ffn_moe_weights-11,kernel_get_rows_f32,0.063200,2.981800,0.002800,6x2x1,1x1x1,1x6x2x1
ffn_moe_topk-11,kernel_moe_histogram,0.032200,2.985200,0.002300,64x6x1,64x1x1,6x2x1x1
ffn_moe_topk-11,kernel_moe_scan,0.129400,0.043000,0.013400,1x0x0,1x0x0,6x2x1x1
ffn_moe_topk-11,kernel_moe_fill,0.088400,0.056900,0.001700,64x32x1,64x1x1,6x2x1x1
ffn_moe_topk-11,kernel_moe_scatter,0.054400,0.059200,0.002400,64x6x1,64x1x1,6x2x1x1
ffn_moe_gate-11,kernel_moe_reorder_b,0.322400,0.230200,0.055800,512x2048x1,256x1x1,1408x6x2x1
ffn_moe_gate-11,kernel_gemm_moe_q4_0_f32_ns,0.259400,0.286600,0.423100,64x22x64,64x1x1,1408x6x2x1
ffn_moe_up-11,kernel_moe_reorder_b,0.217400,0.710200,0.052500,512x2048x1,256x1x1,1408x6x2x1
ffn_moe_up-11,kernel_gemm_moe_q4_0_f32_ns,0.180400,0.763300,0.418200,64x22x64,64x1x1,1408x6x2x1
ffn_moe_swiglu-11,kernel_swiglu,0.148400,1.182000,0.004400,6144x1x1,512x1x1,1408x6x2x1
ffn_moe_down-11,kernel_moe_reorder_b,0.114400,1.186900,0.035100,512x2048x1,256x1x1,2048x6x2x1
ffn_moe_down-11,kernel_gemm_moe_q4_0_f32_ns,0.082400,1.222600,0.413600,64x32x64,64x1x1,2048x6x2x1
ffn_moe_out-11,kernel_moe_combine_f32,0.298200,1.376000,0.004500,512x2x0,64x1x0,2048x2x1x1
ffn_gate-11,kernel_transpose_32_16,0.219200,1.381000,0.004900,512x2x0,1x16x0,2816x2x1x1
ffn_gate-11,kernel_gemm_noshuffle_q4_0_f32,0.199200,1.386500,0.317700,1x704x1,1x128x1,2816x2x1x1
ffn_up-11,kernel_transpose_32_16,0.165200,1.704700,0.004900,512x2x0,1x16x0,2816x2x1x1
ffn_up-11,kernel_gemm_noshuffle_q4_0_f32,0.148200,1.710100,0.316400,1x704x1,1x128x1,2816x2x1x1
ffn_swiglu-11,kernel_swiglu,0.116200,2.027000,0.004000,1024x1x1,512x1x1,2816x2x1x1
ffn_shexp-11,kernel_transpose_32_16,0.087200,2.031500,0.005900,704x2x0,1x16x0,2048x2x1x1
ffn_shexp-11,kernel_gemm_noshuffle_q4_0_f32,0.070200,2.037900,0.438700,1x512x1,1x128x1,2048x2x1x1
ffn_out-11,kernel_add,0.339200,2.167200,0.011700,128x1x1,64x1x1,2048x2x1x1
l_out-11,kernel_add,0.261200,2.179400,0.013300,128x1x1,64x1x1,2048x2x1x1
attn_norm-12,kernel_rms_norm_mul,0.220200,2.193200,0.005600,2048x1x1,1024x1x1,2048x2x1x1
q-12,kernel_transpose_32_16,0.192200,2.199300,0.004700,512x2x0,1x16x0,3072x2x1x1
q-12,kernel_gemm_noshuffle_q4_0_f32,0.175200,2.204500,0.319500,1x768x1,1x128x1,3072x2x1x1
q_pe-12,kernel_rope_norm_f32,0.130200,2.524600,0.003000,1024x2x1,64x1x1,64x16x2x1
Qcur-12,kernel_concat_f32,0.092200,2.528100,0.002900,1024x2x1,64x1x1,192x16x2x1
kv_cmpr_pe-12,kernel_transpose_32_16,0.040200,2.531600,0.004900,512x2x0,1x16x0,576x2x1x1
kv_cmpr_pe-12,kernel_gemm_noshuffle_q4_0_f32,0.330200,2.234700,0.311400,1x144x1,1x128x1,576x2x1x1
kv_cmpr-12,kernel_rms_norm_mul,0.252200,2.546700,0.003800,1024x1x1,512x1x1,512x2x1x1
kv-12,kernel_transpose_32_16,0.226200,2.551000,0.003100,128x2x0,1x16x0,4096x2x1x1
kv-12,kernel_gemm_noshuffle_q4_0_f32,0.205200,2.554600,0.083300,1x1024x1,1x128x1,4096x2x1x1
Vcur_cont-12,kernel_cpy_f32_f32,0.169200,2.638400,0.002900,1024x2x1,64x1x1,128x16x2x1
k_pe-12,kernel_rope_norm_f32,0.122200,2.641900,0.002400,64x2x1,64x1x1,64x1x2x1
node_762,kernel_repeat_f32,0.093200,2.644800,0.002400,1024x2x1,64x1x1,64x16x2x1
Kcur-12,kernel_concat_f32,0.055200,2.647800,0.003000,1024x2x1,64x1x1,192x16x2x1
cache_k_l12 (view),kernel_set_rows_f16_i64,0.392400,2.285700,0.003900,2048x1x1,1024x1x1,3072x4096x1x1
cache_v_l12 (view),kernel_set_rows_f16_i64,0.324400,2.290200,0.003100,2048x1x1,1024x1x1,2048x4096x1x1
node_774,flash_attn_blk_f16,0.252400,2.293900,0.005200,16x1x1,0x0x0,128x16x2x1
node_774,flash_attn_f32_f16,0.193400,2.299600,0.106000,16x16x0,16x1x0,128x16x2x1
node_776,kernel_transpose_32_16,0.151400,2.406100,0.004800,512x2x0,1x16x0,2048x2x1x1
node_776,kernel_gemm_noshuffle_q4_0_f32,0.133400,2.411500,0.325700,1x512x1,1x128x1,2048x2x1x1
ffn_inp-12,kernel_add,0.087400,2.737700,0.013300,128x1x1,64x1x1,2048x2x1x1
ffn_norm-12,kernel_rms_norm_mul,0.051400,2.751600,0.005400,2048x1x1,1024x1x1,2048x2x1x1
ffn_moe_logits-12,kernel_mul_mm_f32_f32_l4_lm,0.194200,2.590800,0.450900,128x1x1,128x1x1,64x2x1x1
ffn_moe_probs-12,kernel_soft_max_4,0.114200,3.042300,0.004000,128x1x1,64x1x1,64x2x1x1
ffn_moe_argsort-12,kernel_argsort_f32_i32,0.088200,3.046800,0.012000,64x2x1,64x1x1,64x2x1x1
ffn_moe_weights-12,kernel_get_rows_f32,0.061200,3.059300,0.002800,6x2x1,1x1x1,1x6x2x1
ffn_moe_topk-12,kernel_moe_histogram,0.036200,3.062700,0.002300,64x6x1,64x1x1,6x2x1x1
ffn_moe_topk-12,kernel_moe_scan,0.107600,0.039500,0.013400,1x0x0,1x0x0,6x2x1x1
ffn_moe_topk-12,kernel_moe_fill,0.075600,0.053400,0.001800,64x32x1,64x1x1,6x2x1x1
ffn_moe_topk-12,kernel_moe_scatter,0.044600,0.055700,0.002600,64x6x1,64x1x1,6x2x1x1
ffn_moe_gate-12,kernel_moe_reorder_b,0.333200,0.231400,0.055500,512x2048x1,256x1x1,1408x6x2x1
ffn_moe_gate-12,kernel_gemm_moe_q4_0_f32_ns,0.270200,0.287500,0.418700,64x22x64,64x1x1,1408x6x2x1
ffn_moe_up-12,kernel_moe_reorder_b,0.228200,0.706800,0.052500,512x2048x1,256x1x1,1408x6x2x1
ffn_moe_up-12,kernel_gemm_moe_q4_0_f32_ns,0.197200,0.759800,0.418600,64x22x64,64x1x1,1408x6x2x1
ffn_moe_swiglu-12,kernel_swiglu,0.166200,1.179000,0.003900,6144x1x1,512x1x1,1408x6x2x1
ffn_moe_down-12,kernel_moe_reorder_b,0.110200,1.183400,0.034800,512x2048x1,256x1x1,2048x6x2x1
ffn_moe_down-12,kernel_gemm_moe_q4_0_f32_ns,0.078200,1.218800,0.413300,64x32x64,64x1x1,2048x6x2x1
ffn_moe_out-12,kernel_moe_combine_f32,0.387400,1.283000,0.004200,512x2x0,64x1x0,2048x2x1x1
ffn_gate-12,kernel_transpose_32_16,0.278400,1.287700,0.005100,512x2x0,1x16x0,2816x2x1x1
ffn_gate-12,kernel_gemm_noshuffle_q4_0_f32,0.255400,1.293300,0.317400,1x704x1,1x128x1,2816x2x1x1
ffn_up-12,kernel_transpose_32_16,0.221400,1.611300,0.004800,512x2x0,1x16x0,2816x2x1x1
ffn_up-12,kernel_gemm_noshuffle_q4_0_f32,0.198400,1.616700,0.316000,1x704x1,1x128x1,2816x2x1x1
ffn_swiglu-12,kernel_swiglu,0.168400,1.933200,0.004000,1024x1x1,512x1x1,2816x2x1x1
ffn_shexp-12,kernel_transpose_32_16,0.138400,1.937800,0.006000,704x2x0,1x16x0,2048x2x1x1
ffn_shexp-12,kernel_gemm_noshuffle_q4_0_f32,0.116400,1.944400,0.431600,1x512x1,1x128x1,2048x2x1x1
ffn_out-12,kernel_add,0.330800,2.075700,0.011400,128x1x1,64x1x1,2048x2x1x1
l_out-12,kernel_add,0.252800,2.087700,0.013400,128x1x1,64x1x1,2048x2x1x1
attn_norm-13,kernel_rms_norm_mul,0.214800,2.101600,0.005400,2048x1x1,1024x1x1,2048x2x1x1
q-13,kernel_transpose_32_16,0.181800,2.107600,0.004700,512x2x0,1x16x0,3072x2x1x1
q-13,kernel_gemm_noshuffle_q4_0_f32,0.162800,2.112900,0.316100,1x768x1,1x128x1,3072x2x1x1
q_pe-13,kernel_rope_norm_f32,0.116800,2.429600,0.003000,1024x2x1,64x1x1,64x16x2x1
Qcur-13,kernel_concat_f32,0.082800,2.433100,0.003000,1024x2x1,64x1x1,192x16x2x1
kv_cmpr_pe-13,kernel_transpose_32_16,0.042800,2.436600,0.004900,512x2x0,1x16x0,576x2x1x1
kv_cmpr_pe-13,kernel_gemm_noshuffle_q4_0_f32,0.485400,1.984100,0.309700,1x144x1,1x128x1,576x2x1x1
kv_cmpr-13,kernel_rms_norm_mul,0.408400,2.294300,0.003800,1024x1x1,512x1x1,512x2x1x1
kv-13,kernel_transpose_32_16,0.380400,2.298600,0.003000,128x2x0,1x16x0,4096x2x1x1
kv-13,kernel_gemm_noshuffle_q4_0_f32,0.362400,2.302100,0.082400,1x1024x1,1x128x1,4096x2x1x1
Vcur_cont-13,kernel_cpy_f32_f32,0.320400,2.385000,0.003000,1024x2x1,64x1x1,128x16x2x1
k_pe-13,kernel_rope_norm_f32,0.274400,2.388500,0.002500,64x2x1,64x1x1,64x1x2x1
node_826,kernel_repeat_f32,0.246400,2.391500,0.002600,1024x2x1,64x1x1,64x16x2x1
Kcur-13,kernel_concat_f32,0.061400,2.394600,0.003000,1024x2x1,64x1x1,192x16x2x1
cache_k_l13 (view),kernel_set_rows_f16_i64,0.364200,2.062000,0.003900,2048x1x1,1024x1x1,3072x4096x1x1
cache_v_l13 (view),kernel_set_rows_f16_i64,0.298200,2.066500,0.003100,2048x1x1,1024x1x1,2048x4096x1x1
node_838,flash_attn_blk_f16,0.234200,2.070200,0.005200,16x1x1,0x0x0,128x16x2x1
node_838,flash_attn_f32_f16,0.171200,2.076000,0.106200,16x16x0,16x1x0,128x16x2x1
node_840,kernel_transpose_32_16,0.132200,2.182800,0.004900,512x2x0,1x16x0,2048x2x1x1
node_840,kernel_gemm_noshuffle_q4_0_f32,0.115200,2.188200,0.324900,1x512x1,1x128x1,2048x2x1x1
ffn_inp-13,kernel_add,0.072200,2.513700,0.012700,128x1x1,64x1x1,2048x2x1x1
ffn_norm-13,kernel_rms_norm_mul,0.032200,2.526900,0.005400,2048x1x1,1024x1x1,2048x2x1x1
ffn_moe_up-13,kernel_moe_reorder_b,0.105200,0.039600,0.057300,512x2048x1,256x1x1,1408x6x2x1
ffn_moe_up-13,kernel_gemm_moe_q4_0_f32_ns,0.055200,0.097500,0.422000,64x22x64,64x1x1,1408x6x2x1
ffn_moe_swiglu-13,kernel_swiglu,0.028200,0.520100,0.004200,6144x1x1,512x1x1,1408x6x2x1
ffn_up-13,kernel_transpose_32_16,0.054800,0.042800,0.005500,512x2x0,1x16x0,2816x2x1x1
ffn_up-13,kernel_gemm_noshuffle_q4_0_f32,0.035800,0.048800,0.320000,1x704x1,1x128x1,2816x2x1x1
ffn_swiglu-13,kernel_swiglu,0.019800,0.369300,0.004300,1024x1x1,512x1x1,2816x2x1x1
ffn_out-13,kernel_add,0.139800,0.036500,0.011600,128x1x1,64x1x1,2048x2x1x1
l_out-13,kernel_add,0.113800,0.048600,0.014100,128x1x1,64x1x1,2048x2x1x1
attn_norm-14,kernel_rms_norm_mul,0.094800,0.063200,0.005600,2048x1x1,1024x1x1,2048x2x1x1
q-14,kernel_transpose_32_16,0.078800,0.069300,0.004800,512x2x0,1x16x0,3072x2x1x1
q-14,kernel_gemm_noshuffle_q4_0_f32,0.070800,0.074600,0.317900,1x768x1,1x128x1,3072x2x1x1
q_pe-14,kernel_rope_norm_f32,0.049800,0.393000,0.003300,1024x2x1,64x1x1,64x16x2x1
Qcur-14,kernel_concat_f32,0.034800,0.396800,0.003400,1024x2x1,64x1x1,192x16x2x1
kv_cmpr_pe-14,kernel_transpose_32_16,0.019800,0.400700,0.004800,512x2x0,1x16x0,576x2x1x1
kv_cmpr_pe-14,kernel_gemm_noshuffle_q4_0_f32,0.148600,0.274700,0.314600,1x144x1,1x128x1,576x2x1x1
kv_cmpr-14,kernel_rms_norm_mul,0.112600,0.589800,0.003900,1024x1x1,512x1x1,512x2x1x1
kv-14,kernel_transpose_32_16,0.099600,0.594200,0.003000,128x2x0,1x16x0,4096x2x1x1
kv-14,kernel_gemm_noshuffle_q4_0_f32,0.090600,0.597800,0.084200,1x1024x1,1x128x1,4096x2x1x1
Vcur_cont-14,kernel_cpy_f32_f32,0.074600,0.682500,0.003000,1024x2x1,64x1x1,128x16x2x1
k_pe-14,kernel_rope_norm_f32,0.056600,0.686000,0.002500,64x2x1,64x1x1,64x1x2x1
node_890,kernel_repeat_f32,0.043600,0.689100,0.002700,1024x2x1,64x1x1,64x16x2x1
Kcur-14,kernel_concat_f32,0.027600,0.692300,0.003100,1024x2x1,64x1x1,192x16x2x1
cache_k_l14 (view),kernel_set_rows_f16_i64,0.180600,0.532800,0.003900,2048x1x1,1024x1x1,3072x4096x1x1
cache_v_l14 (view),kernel_set_rows_f16_i64,0.146600,0.537200,0.003200,2048x1x1,1024x1x1,2048x4096x1x1
node_902,flash_attn_blk_f16,0.113600,0.540900,0.005200,16x1x1,0x0x0,128x16x2x1
node_902,flash_attn_f32_f16,0.085600,0.546700,0.107300,16x16x0,16x1x0,128x16x2x1
node_904,kernel_transpose_32_16,0.065600,0.654500,0.004900,512x2x0,1x16x0,2048x2x1x1
node_904,kernel_gemm_noshuffle_q4_0_f32,0.056600,0.659900,0.327900,1x512x1,1x128x1,2048x2x1x1
ffn_inp-14,kernel_add,0.038600,0.988300,0.013200,128x1x1,64x1x1,2048x2x1x1
ffn_norm-14,kernel_rms_norm_mul,0.023600,1.002000,0.005600,2048x1x1,1024x1x1,2048x2x1x1
ffn_moe_logits-14,kernel_mul_mm_f32_f32_l4_lm,0.074000,0.950100,0.462600,128x1x1,128x1x1,64x2x1x1
ffn_moe_probs-14,kernel_soft_max_4,0.039000,1.413300,0.003700,128x1x1,64x1x1,64x2x1x1
ffn_moe_argsort-14,kernel_argsort_f32_i32,0.027000,1.417600,0.011900,64x2x1,64x1x1,64x2x1x1
ffn_moe_weights-14,kernel_get_rows_f32,0.015000,1.430100,0.003200,6x2x1,1x1x1,1x6x2x1
ffn_moe_out-14,kernel_moe_combine_f32,0.100200,0.051200,0.004100,512x2x0,64x1x0,2048x2x1x1
ffn_gate-14,kernel_transpose_32_16,0.068200,0.055900,0.004900,512x2x0,1x16x0,2816x2x1x1
ffn_gate-14,kernel_gemm_noshuffle_q4_0_f32,0.059200,0.061400,0.320000,1x704x1,1x128x1,2816x2x1x1
ffn_up-14,kernel_transpose_32_16,0.047200,0.381900,0.004800,512x2x0,1x16x0,2816x2x1x1
ffn_up-14,kernel_gemm_noshuffle_q4_0_f32,0.041200,0.387200,0.318700,1x704x1,1x128x1,2816x2x1x1
ffn_swiglu-14,kernel_swiglu,0.031200,0.706500,0.004100,1024x1x1,512x1x1,2816x2x1x1
ffn_shexp-14,kernel_transpose_32_16,0.020200,0.711100,0.006200,704x2x0,1x16x0,2048x2x1x1
ffn_shexp-14,kernel_gemm_noshuffle_q4_0_f32,0.130000,0.606600,0.452000,1x512x1,1x128x1,2048x2x1x1
ffn_out-14,kernel_add,0.092000,1.059200,0.012900,128x1x1,64x1x1,2048x2x1x1
l_out-14,kernel_add,0.080000,1.072700,0.013700,128x1x1,64x1x1,2048x2x1x1
attn_norm-15,kernel_rms_norm_mul,0.067000,1.087000,0.005600,2048x1x1,1024x1x1,2048x2x1x1
q-15,kernel_transpose_32_16,0.057000,1.093100,0.004900,512x2x0,1x16x0,3072x2x1x1
q-15,kernel_gemm_noshuffle_q4_0_f32,0.049000,1.098500,0.325700,1x768x1,1x128x1,3072x2x1x1
q_pe-15,kernel_rope_norm_f32,0.034000,1.424700,0.003200,1024x2x1,64x1x1,64x16x2x1
Qcur-15,kernel_concat_f32,0.023000,1.428400,0.003300,1024x2x1,64x1x1,192x16x2x1
kv_cmpr_pe-15,kernel_transpose_32_16,0.110800,1.338400,0.005200,512x2x0,1x16x0,576x2x1x1
kv_cmpr_pe-15,kernel_gemm_noshuffle_q4_0_f32,0.085800,1.344200,0.314800,1x144x1,1x128x1,576x2x1x1
kv_cmpr-15,kernel_rms_norm_mul,0.072800,1.659500,0.003900,1024x1x1,512x1x1,512x2x1x1
kv-15,kernel_transpose_32_16,0.064800,1.664000,0.002700,128x2x0,1x16x0,4096x2x1x1
kv-15,kernel_gemm_noshuffle_q4_0_f32,0.059800,1.667200,0.086000,1x1024x1,1x128x1,4096x2x1x1
Vcur_cont-15,kernel_cpy_f32_f32,0.046800,1.753700,0.003000,1024x2x1,64x1x1,128x16x2x1
k_pe-15,kernel_rope_norm_f32,0.031800,1.757200,0.002500,64x2x1,64x1x1,64x1x2x1
node_954,kernel_repeat_f32,0.022800,1.760300,0.002600,1024x2x1,64x1x1,64x16x2x1
Kcur-15,kernel_concat_f32,0.159200,1.621000,0.003000,1024x2x1,64x1x1,192x16x2x1
cache_k_l15 (view),kernel_set_rows_f16_i64,0.129200,1.624500,0.004200,2048x1x1,1024x1x1,3072x4096x1x1
cache_v_l15 (view),kernel_set_rows_f16_i64,0.119200,1.629200,0.003300,2048x1x1,1024x1x1,2048x4096x1x1
node_966,flash_attn_blk_f16,0.078200,1.633000,0.005200,16x1x1,0x0x0,128x16x2x1
node_966,flash_attn_f32_f16,0.056200,1.638700,0.108600,16x16x0,16x1x0,128x16x2x1
node_968,kernel_transpose_32_16,0.042200,1.747800,0.005000,512x2x0,1x16x0,2048x2x1x1
node_968,kernel_gemm_noshuffle_q4_0_f32,0.036200,1.753300,0.319700,1x512x1,1x128x1,2048x2x1x1
ffn_inp-15,kernel_add,0.022200,2.073500,0.013000,128x1x1,64x1x1,2048x2x1x1
ffn_norm-15,kernel_rms_norm_mul,0.072400,2.031000,0.005800,2048x1x1,1024x1x1,2048x2x1x1
ffn_moe_logits-15,kernel_mul_mm_f32_f32_l4_lm,0.043400,2.037300,0.452300,128x1x1,128x1x1,64x2x1x1
ffn_moe_probs-15,kernel_soft_max_4,0.031400,2.490200,0.003800,128x1x1,64x1x1,64x2x1x1
ffn_moe_argsort-15,kernel_argsort_f32_i32,0.023400,2.494500,0.012100,64x2x1,64x1x1,64x2x1x1
ffn_moe_weights-15,kernel_get_rows_f32,0.012400,2.507100,0.002800,6x2x1,1x1x1,1x6x2x1
ffn_moe_out-15,kernel_moe_combine_f32,0.094600,0.048000,0.004200,512x2x0,64x1x0,2048x2x1x1
ffn_gate-15,kernel_transpose_32_16,0.070600,0.052800,0.005000,512x2x0,1x16x0,2816x2x1x1
ffn_gate-15,kernel_gemm_noshuffle_q4_0_f32,0.058600,0.058300,0.321000,1x704x1,1x128x1,2816x2x1x1
ffn_up-15,kernel_transpose_32_16,0.042600,0.379800,0.004700,512x2x0,1x16x0,2816x2x1x1
ffn_up-15,kernel_gemm_noshuffle_q4_0_f32,0.037600,0.385100,0.316600,1x704x1,1x128x1,2816x2x1x1
ffn_swiglu-15,kernel_swiglu,0.028600,0.702200,0.004200,1024x1x1,512x1x1,2816x2x1x1
ffn_shexp-15,kernel_transpose_32_16,0.018600,0.706900,0.006000,704x2x0,1x16x0,2048x2x1x1
ffn_shexp-15,kernel_gemm_noshuffle_q4_0_f32,0.111600,0.620200,0.439300,1x512x1,1x128x1,2048x2x1x1
ffn_out-15,kernel_add,0.079600,1.060000,0.013100,128x1x1,64x1x1,2048x2x1x1
l_out-15,kernel_add,0.068600,1.073600,0.013600,128x1x1,64x1x1,2048x2x1x1
attn_norm-16,kernel_rms_norm_mul,0.058600,1.087800,0.005600,2048x1x1,1024x1x1,2048x2x1x1
q-16,kernel_transpose_32_16,0.049600,1.093900,0.004700,512x2x0,1x16x0,3072x2x1x1
q-16,kernel_gemm_noshuffle_q4_0_f32,0.044600,1.099100,0.317900,1x768x1,1x128x1,3072x2x1x1
q_pe-16,kernel_rope_norm_f32,0.031600,1.417600,0.003200,1024x2x1,64x1x1,64x16x2x1
Qcur-16,kernel_concat_f32,0.022600,1.421300,0.003200,1024x2x1,64x1x1,192x16x2x1
kv_cmpr_pe-16,kernel_transpose_32_16,0.101000,1.339800,0.005200,512x2x0,1x16x0,576x2x1x1
kv_cmpr_pe-16,kernel_gemm_noshuffle_q4_0_f32,0.079000,1.345500,0.313000,1x144x1,1x128x1,576x2x1x1
kv_cmpr-16,kernel_rms_norm_mul,0.067000,1.659100,0.003900,1024x1x1,512x1x1,512x2x1x1
kv-16,kernel_transpose_32_16,0.058000,1.663500,0.002800,128x2x0,1x16x0,4096x2x1x1
kv-16,kernel_gemm_noshuffle_q4_0_f32,0.053000,1.666800,0.082300,1x1024x1,1x128x1,4096x2x1x1
Vcur_cont-16,kernel_cpy_f32_f32,0.042000,1.749700,0.003100,1024x2x1,64x1x1,128x16x2x1
k_pe-16,kernel_rope_norm_f32,0.029000,1.753400,0.002500,64x2x1,64x1x1,64x1x2x1
node_1018,kernel_repeat_f32,0.022000,1.756400,0.002600,1024x2x1,64x1x1,64x16x2x1
Kcur-16,kernel_concat_f32,0.129400,1.645000,0.002900,1024x2x1,64x1x1,192x16x2x1
cache_k_l16 (view),kernel_set_rows_f16_i64,0.105400,1.648400,0.004400,2048x1x1,1024x1x1,3072x4096x1x1
cache_v_l16 (view),kernel_set_rows_f16_i64,0.096400,1.653300,0.003200,2048x1x1,1024x1x1,2048x4096x1x1
node_1030,flash_attn_blk_f16,0.074400,1.657000,0.005200,16x1x1,0x0x0,128x16x2x1
node_1030,flash_attn_f32_f16,0.057400,1.662800,0.106900,16x16x0,16x1x0,128x16x2x1
node_1032,kernel_transpose_32_16,0.042400,1.770300,0.004800,512x2x0,1x16x0,2048x2x1x1
node_1032,kernel_gemm_noshuffle_q4_0_f32,0.037400,1.775700,0.326700,1x512x1,1x128x1,2048x2x1x1
ffn_inp-16,kernel_add,0.024400,2.103000,0.013000,128x1x1,64x1x1,2048x2x1x1
ffn_norm-16,kernel_rms_norm_mul,0.078200,2.054400,0.005600,2048x1x1,1024x1x1,2048x2x1x1
ffn_moe_logits-16,kernel_mul_mm_f32_f32_l4_lm,0.039200,2.060500,0.457500,128x1x1,128x1x1,64x2x1x1
ffn_moe_probs-16,kernel_soft_max_4,0.029200,2.518500,0.003800,128x1x1,64x1x1,64x2x1x1
ffn_moe_argsort-16,kernel_argsort_f32_i32,0.020200,2.522900,0.011900,64x2x1,64x1x1,64x2x1x1
ffn_moe_weights-16,kernel_get_rows_f32,0.013200,2.535400,0.002900,6x2x1,1x1x1,1x6x2x1
ffn_moe_out-16,kernel_moe_combine_f32,0.081000,0.048100,0.004100,512x2x0,64x1x0,2048x2x1x1
ffn_gate-16,kernel_transpose_32_16,0.062000,0.052800,0.004900,512x2x0,1x16x0,2816x2x1x1
ffn_gate-16,kernel_gemm_noshuffle_q4_0_f32,0.056000,0.058200,0.319100,1x704x1,1x128x1,2816x2x1x1
ffn_up-16,kernel_transpose_32_16,0.043000,0.377900,0.004800,512x2x0,1x16x0,2816x2x1x1
ffn_up-16,kernel_gemm_noshuffle_q4_0_f32,0.038000,0.383200,0.317800,1x704x1,1x128x1,2816x2x1x1
ffn_swiglu-16,kernel_swiglu,0.029000,0.701500,0.004300,1024x1x1,512x1x1,2816x2x1x1
ffn_shexp-16,kernel_transpose_32_16,0.019000,0.706300,0.006200,704x2x0,1x16x0,2048x2x1x1
ffn_shexp-16,kernel_gemm_noshuffle_q4_0_f32,0.106200,0.624200,0.449000,1x512x1,1x128x1,2048x2x1x1
ffn_out-16,kernel_add,0.076200,1.073700,0.013100,128x1x1,64x1x1,2048x2x1x1
l_out-16,kernel_add,0.065200,1.087300,0.013500,128x1x1,64x1x1,2048x2x1x1
attn_norm-17,kernel_rms_norm_mul,0.055200,1.101400,0.005500,2048x1x1,1024x1x1,2048x2x1x1
q-17,kernel_transpose_32_16,0.047200,1.107400,0.004800,512x2x0,1x16x0,3072x2x1x1
q-17,kernel_gemm_noshuffle_q4_0_f32,0.042200,1.112800,0.323000,1x768x1,1x128x1,3072x2x1x1
q_pe-17,kernel_rope_norm_f32,0.028200,1.436300,0.003200,1024x2x1,64x1x1,64x16x2x1
Qcur-17,kernel_concat_f32,0.019200,1.440000,0.003100,1024x2x1,64x1x1,192x16x2x1
kv_cmpr_pe-17,kernel_transpose_32_16,0.099000,1.358800,0.005100,512x2x0,1x16x0,576x2x1x1
kv_cmpr_pe-17,kernel_gemm_noshuffle_q4_0_f32,0.079000,1.364500,0.312700,1x144x1,1x128x1,576x2x1x1
kv_cmpr-17,kernel_rms_norm_mul,0.067000,1.677800,0.003900,1024x1x1,512x1x1,512x2x1x1
kv-17,kernel_transpose_32_16,0.059000,1.682200,0.002800,128x2x0,1x16x0,4096x2x1x1
kv-17,kernel_gemm_noshuffle_q4_0_f32,0.053000,1.685500,0.085200,1x1024x1,1x128x1,4096x2x1x1
Vcur_cont-17,kernel_cpy_f32_f32,0.043000,1.771200,0.003100,1024x2x1,64x1x1,128x16x2x1
k_pe-17,kernel_rope_norm_f32,0.031000,1.774900,0.002500,64x2x1,64x1x1,64x1x2x1
node_1082,kernel_repeat_f32,0.022000,1.777900,0.002600,1024x2x1,64x1x1,64x16x2x1
Kcur-17,kernel_concat_f32,0.123600,1.673600,0.003000,1024x2x1,64x1x1,192x16x2x1
cache_k_l17 (view),kernel_set_rows_f16_i64,0.097600,1.677200,0.004000,2048x1x1,1024x1x1,3072x4096x1x1
cache_v_l17 (view),kernel_set_rows_f16_i64,0.087600,1.681700,0.003300,2048x1x1,1024x1x1,2048x4096x1x1
node_1094,flash_attn_blk_f16,0.069600,1.685500,0.005200,16x1x1,0x0x0,128x16x2x1
node_1094,flash_attn_f32_f16,0.051600,1.691300,0.107200,16x16x0,16x1x0,128x16x2x1
node_1096,kernel_transpose_32_16,0.040600,1.799100,0.005000,512x2x0,1x16x0,2048x2x1x1
node_1096,kernel_gemm_noshuffle_q4_0_f32,0.034600,1.804600,0.321700,1x512x1,1x128x1,2048x2x1x1
ffn_inp-17,kernel_add,0.021600,2.126800,0.013000,128x1x1,64x1x1,2048x2x1x1
ffn_norm-17,kernel_rms_norm_mul,0.064400,2.091100,0.005800,2048x1x1,1024x1x1,2048x2x1x1
ffn_moe_logits-17,kernel_mul_mm_f32_f32_l4_lm,0.039400,2.097500,0.455800,128x1x1,128x1x1,64x2x1x1
ffn_moe_probs-17,kernel_soft_max_4,0.029400,2.553900,0.003800,128x1x1,64x1x1,64x2x1x1
ffn_moe_argsort-17,kernel_argsort_f32_i32,0.021400,2.558200,0.012100,64x2x1,64x1x1,64x2x1x1
ffn_moe_weights-17,kernel_get_rows_f32,0.014400,2.570800,0.002800,6x2x1,1x1x1,1x6x2x1
ffn_moe_out-17,kernel_moe_combine_f32,0.078200,0.051100,0.004100,512x2x0,64x1x0,2048x2x1x1
ffn_gate-17,kernel_transpose_32_16,0.062200,0.055800,0.005000,512x2x0,1x16x0,2816x2x1x1
ffn_gate-17,kernel_gemm_noshuffle_q4_0_f32,0.056200,0.061300,0.323600,1x704x1,1x128x1,2816x2x1x1
ffn_up-17,kernel_transpose_32_16,0.045200,0.385400,0.004800,512x2x0,1x16x0,2816x2x1x1
ffn_up-17,kernel_gemm_noshuffle_q4_0_f32,0.039200,0.390700,0.321400,1x704x1,1x128x1,2816x2x1x1
ffn_swiglu-17,kernel_swiglu,0.030200,0.712700,0.004200,1024x1x1,512x1x1,2816x2x1x1
ffn_shexp-17,kernel_transpose_32_16,0.020200,0.717500,0.006000,704x2x0,1x16x0,2048x2x1x1
ffn_shexp-17,kernel_gemm_noshuffle_q4_0_f32,0.111000,0.630100,0.439800,1x512x1,1x128x1,2048x2x1x1
ffn_out-17,kernel_add,0.078000,1.070400,0.013600,128x1x1,64x1x1,2048x2x1x1
l_out-17,kernel_add,0.067000,1.084500,0.013900,128x1x1,64x1x1,2048x2x1x1
attn_norm-18,kernel_rms_norm_mul,0.057000,1.098900,0.005500,2048x1x1,1024x1x1,2048x2x1x1
q-18,kernel_transpose_32_16,0.049000,1.104900,0.004700,512x2x0,1x16x0,3072x2x1x1
q-18,kernel_gemm_noshuffle_q4_0_f32,0.043000,1.110200,0.321400,1x768x1,1x128x1,3072x2x1x1
q_pe-18,kernel_rope_norm_f32,0.030000,1.432100,0.003100,1024x2x1,64x1x1,64x16x2x1
Qcur-18,kernel_concat_f32,0.020000,1.435700,0.003100,1024x2x1,64x1x1,192x16x2x1
kv_cmpr_pe-18,kernel_transpose_32_16,0.100600,1.354500,0.005300,512x2x0,1x16x0,576x2x1x1
kv_cmpr_pe-18,kernel_gemm_noshuffle_q4_0_f32,0.077600,1.360300,0.315200,1x144x1,1x128x1,576x2x1x1
kv_cmpr-18,kernel_rms_norm_mul,0.065600,1.676000,0.004000,1024x1x1,512x1x1,512x2x1x1
kv-18,kernel_transpose_32_16,0.057600,1.680500,0.002700,128x2x0,1x16x0,4096x2x1x1
kv-18,kernel_gemm_noshuffle_q4_0_f32,0.052600,1.683800,0.084400,1x1024x1,1x128x1,4096x2x1x1
Vcur_cont-18,kernel_cpy_f32_f32,0.041600,1.768800,0.002900,1024x2x1,64x1x1,128x16x2x1
k_pe-18,kernel_rope_norm_f32,0.028600,1.772200,0.002500,64x2x1,64x1x1,64x1x2x1
node_1146,kernel_repeat_f32,0.020600,1.775200,0.002500,1024x2x1,64x1x1,64x16x2x1
Kcur-18,kernel_concat_f32,0.127400,1.665600,0.002900,1024x2x1,64x1x1,192x16x2x1
cache_k_l18 (view),kernel_set_rows_f16_i64,0.098400,1.669100,0.004100,2048x1x1,1024x1x1,3072x4096x1x1
cache_v_l18 (view),kernel_set_rows_f16_i64,0.090400,1.673700,0.003300,2048x1x1,1024x1x1,2048x4096x1x1
node_1158,flash_attn_blk_f16,0.070400,1.677500,0.005200,16x1x1,0x0x0,128x16x2x1
node_1158,flash_attn_f32_f16,0.050400,1.683200,0.107400,16x16x0,16x1x0,128x16x2x1
node_1160,kernel_transpose_32_16,0.039400,1.791100,0.004900,512x2x0,1x16x0,2048x2x1x1
node_1160,kernel_gemm_noshuffle_q4_0_f32,0.034400,1.796600,0.328000,1x512x1,1x128x1,2048x2x1x1
ffn_inp-18,kernel_add,0.020400,2.125100,0.013300,128x1x1,64x1x1,2048x2x1x1
ffn_norm-18,kernel_rms_norm_mul,0.067400,2.085700,0.005700,2048x1x1,1024x1x1,2048x2x1x1
ffn_moe_logits-18,kernel_mul_mm_f32_f32_l4_lm,0.043400,2.091900,0.457800,128x1x1,128x1x1,64x2x1x1
ffn_moe_probs-18,kernel_soft_max_4,0.031400,2.550200,0.004000,128x1x1,64x1x1,64x2x1x1
ffn_moe_argsort-18,kernel_argsort_f32_i32,0.024400,2.554700,0.012000,64x2x1,64x1x1,64x2x1x1
ffn_moe_weights-18,kernel_get_rows_f32,0.015400,2.567200,0.002800,6x2x1,1x1x1,1x6x2x1
ffn_moe_out-18,kernel_moe_combine_f32,0.103800,0.063300,0.004200,512x2x0,64x1x0,2048x2x1x1
ffn_gate-18,kernel_transpose_32_16,0.070800,0.068000,0.005100,512x2x0,1x16x0,2816x2x1x1
ffn_gate-18,kernel_gemm_noshuffle_q4_0_f32,0.061800,0.073600,0.333700,1x704x1,1x128x1,2816x2x1x1
ffn_up-18,kernel_transpose_32_16,0.048800,0.407900,0.004900,512x2x0,1x16x0,2816x2x1x1
ffn_up-18,kernel_gemm_noshuffle_q4_0_f32,0.042800,0.413300,0.329800,1x704x1,1x128x1,2816x2x1x1
ffn_swiglu-18,kernel_swiglu,0.032800,0.743700,0.004200,1024x1x1,512x1x1,2816x2x1x1
ffn_shexp-18,kernel_transpose_32_16,0.019800,0.748400,0.006100,704x2x0,1x16x0,2048x2x1x1
ffn_shexp-18,kernel_gemm_noshuffle_q4_0_f32,0.130400,0.644100,0.465700,1x512x1,1x128x1,2048x2x1x1
ffn_out-18,kernel_add,0.084400,1.110300,0.013200,128x1x1,64x1x1,2048x2x1x1
l_out-18,kernel_add,0.073400,1.124100,0.013300,128x1x1,64x1x1,2048x2x1x1
attn_norm-19,kernel_rms_norm_mul,0.061400,1.137900,0.005400,2048x1x1,1024x1x1,2048x2x1x1
q-19,kernel_transpose_32_16,0.052400,1.143900,0.004900,512x2x0,1x16x0,3072x2x1x1
q-19,kernel_gemm_noshuffle_q4_0_f32,0.046400,1.149300,0.336300,1x768x1,1x128x1,3072x2x1x1
q_pe-19,kernel_rope_norm_f32,0.032400,1.486200,0.003100,1024x2x1,64x1x1,64x16x2x1
Qcur-19,kernel_concat_f32,0.020400,1.489800,0.003400,1024x2x1,64x1x1,192x16x2x1
kv_cmpr_pe-19,kernel_transpose_32_16,0.107800,1.400500,0.005200,512x2x0,1x16x0,576x2x1x1
kv_cmpr_pe-19,kernel_gemm_noshuffle_q4_0_f32,0.083800,1.406300,0.323200,1x144x1,1x128x1,576x2x1x1
kv_cmpr-19,kernel_rms_norm_mul,0.071800,1.730100,0.003700,1024x1x1,512x1x1,512x2x1x1
kv-19,kernel_transpose_32_16,0.063800,1.734400,0.002700,128x2x0,1x16x0,4096x2x1x1
kv-19,kernel_gemm_noshuffle_q4_0_f32,0.057800,1.737600,0.087600,1x1024x1,1x128x1,4096x2x1x1
Vcur_cont-19,kernel_cpy_f32_f32,0.045800,1.825700,0.003200,1024x2x1,64x1x1,128x16x2x1
k_pe-19,kernel_rope_norm_f32,0.032800,1.829400,0.002500,64x2x1,64x1x1,64x1x2x1
node_1210,kernel_repeat_f32,0.023800,1.832400,0.002600,1024x2x1,64x1x1,64x16x2x1
Kcur-19,kernel_concat_f32,0.144200,1.706100,0.002900,1024x2x1,64x1x1,192x16x2x1
cache_k_l19 (view),kernel_set_rows_f16_i64,0.116200,1.709500,0.004300,2048x1x1,1024x1x1,3072x4096x1x1
cache_v_l19 (view),kernel_set_rows_f16_i64,0.106200,1.714300,0.003300,2048x1x1,1024x1x1,2048x4096x1x1
node_1222,flash_attn_blk_f16,0.072200,1.718200,0.005100,16x1x1,0x0x0,128x16x2x1
node_1222,flash_attn_f32_f16,0.054200,1.723900,0.112500,16x16x0,16x1x0,128x16x2x1
node_1224,kernel_transpose_32_16,0.041200,1.837000,0.004800,512x2x0,1x16x0,2048x2x1x1
node_1224,kernel_gemm_noshuffle_q4_0_f32,0.036200,1.842300,0.334500,1x512x1,1x128x1,2048x2x1x1
ffn_inp-19,kernel_add,0.022200,2.177300,0.013000,128x1x1,64x1x1,2048x2x1x1
ffn_norm-19,kernel_rms_norm_mul,0.069200,2.137100,0.005700,2048x1x1,1024x1x1,2048x2x1x1
ffn_moe_logits-19,kernel_mul_mm_f32_f32_l4_lm,0.043200,2.143300,0.469200,128x1x1,128x1x1,64x2x1x1
ffn_moe_probs-19,kernel_soft_max_4,0.030200,2.613000,0.003800,128x1x1,64x1x1,64x2x1x1
ffn_moe_argsort-19,kernel_argsort_f32_i32,0.021200,2.617300,0.012100,64x2x1,64x1x1,64x2x1x1
ffn_moe_weights-19,kernel_get_rows_f32,0.013200,2.630000,0.002800,6x2x1,1x1x1,1x6x2x1
ffn_moe_out-19,kernel_moe_combine_f32,0.094000,0.055600,0.004100,512x2x0,64x1x0,2048x2x1x1
ffn_gate-19,kernel_transpose_32_16,0.065000,0.060300,0.005000,512x2x0,1x16x0,2816x2x1x1
ffn_gate-19,kernel_gemm_noshuffle_q4_0_f32,0.057000,0.065800,0.321400,1x704x1,1x128x1,2816x2x1x1
ffn_up-19,kernel_transpose_32_16,0.046000,0.387700,0.004800,512x2x0,1x16x0,2816x2x1x1
ffn_up-19,kernel_gemm_noshuffle_q4_0_f32,0.041000,0.393000,0.316300,1x704x1,1x128x1,2816x2x1x1
ffn_swiglu-19,kernel_swiglu,0.030000,0.709900,0.004100,1024x1x1,512x1x1,2816x2x1x1
ffn_shexp-19,kernel_transpose_32_16,0.021000,0.714500,0.006000,704x2x0,1x16x0,2048x2x1x1
ffn_shexp-19,kernel_gemm_noshuffle_q4_0_f32,0.122000,0.619600,0.442400,1x512x1,1x128x1,2048x2x1x1
ffn_out-19,kernel_add,0.084000,1.062600,0.013500,128x1x1,64x1x1,2048x2x1x1
l_out-19,kernel_add,0.072000,1.076700,0.014000,128x1x1,64x1x1,2048x2x1x1
attn_norm-20,kernel_rms_norm_mul,0.062000,1.091300,0.005400,2048x1x1,1024x1x1,2048x2x1x1
q-20,kernel_transpose_32_16,0.054000,1.097300,0.004600,512x2x0,1x16x0,3072x2x1x1
q-20,kernel_gemm_noshuffle_q4_0_f32,0.048000,1.102500,0.321000,1x768x1,1x128x1,3072x2x1x1
q_pe-20,kernel_rope_norm_f32,0.032000,1.424000,0.003100,1024x2x1,64x1x1,64x16x2x1
Qcur-20,kernel_concat_f32,0.023000,1.427700,0.003100,1024x2x1,64x1x1,192x16x2x1
kv_cmpr_pe-20,kernel_transpose_32_16,0.108000,1.339300,0.005300,512x2x0,1x16x0,576x2x1x1
kv_cmpr_pe-20,kernel_gemm_noshuffle_q4_0_f32,0.085000,1.345200,0.314700,1x144x1,1x128x1,576x2x1x1
kv_cmpr-20,kernel_rms_norm_mul,0.073000,1.660500,0.003900,1024x1x1,512x1x1,512x2x1x1
kv-20,kernel_transpose_32_16,0.063000,1.664900,0.002700,128x2x0,1x16x0,4096x2x1x1
kv-20,kernel_gemm_noshuffle_q4_0_f32,0.057000,1.668100,0.084100,1x1024x1,1x128x1,4096x2x1x1
Vcur_cont-20,kernel_cpy_f32_f32,0.047000,1.752800,0.003100,1024x2x1,64x1x1,128x16x2x1
k_pe-20,kernel_rope_norm_f32,0.034000,1.756400,0.002600,64x2x1,64x1x1,64x1x2x1
node_1274,kernel_repeat_f32,0.025000,1.759500,0.002600,1024x2x1,64x1x1,64x16x2x1
Kcur-20,kernel_concat_f32,0.138600,1.639900,0.003000,1024x2x1,64x1x1,192x16x2x1
cache_k_l20 (view),kernel_set_rows_f16_i64,0.110600,1.643400,0.004200,2048x1x1,1024x1x1,3072x4096x1x1
cache_v_l20 (view),kernel_set_rows_f16_i64,0.101600,1.648100,0.003300,2048x1x1,1024x1x1,2048x4096x1x1
node_1286,flash_attn_blk_f16,0.073600,1.651900,0.005100,16x1x1,0x0x0,128x16x2x1
node_1286,flash_attn_f32_f16,0.056600,1.657600,0.106400,16x16x0,16x1x0,128x16x2x1
node_1288,kernel_transpose_32_16,0.041600,1.764600,0.004800,512x2x0,1x16x0,2048x2x1x1
node_1288,kernel_gemm_noshuffle_q4_0_f32,0.036600,1.770000,0.327700,1x512x1,1x128x1,2048x2x1x1
ffn_inp-20,kernel_add,0.023600,2.098300,0.013300,128x1x1,64x1x1,2048x2x1x1
ffn_norm-20,kernel_rms_norm_mul,0.071000,2.058200,0.005800,2048x1x1,1024x1x1,2048x2x1x1
ffn_moe_logits-20,kernel_mul_mm_f32_f32_l4_lm,0.043000,2.064600,0.462300,128x1x1,128x1x1,64x2x1x1
ffn_moe_probs-20,kernel_soft_max_4,0.033000,2.527500,0.004100,128x1x1,64x1x1,64x2x1x1
ffn_moe_argsort-20,kernel_argsort_f32_i32,0.025000,2.532100,0.011900,64x2x1,64x1x1,64x2x1x1
ffn_moe_weights-20,kernel_get_rows_f32,0.016000,2.544600,0.003000,6x2x1,1x1x1,1x6x2x1
ffn_moe_out-20,kernel_moe_combine_f32,0.092400,0.300700,0.004300,512x2x0,64x1x0,2048x2x1x1
ffn_gate-20,kernel_transpose_32_16,0.072400,0.305500,0.005300,512x2x0,1x16x0,2816x2x1x1
ffn_gate-20,kernel_gemm_noshuffle_q4_0_f32,0.065400,0.311300,0.320200,1x704x1,1x128x1,2816x2x1x1
ffn_up-20,kernel_transpose_32_16,0.054400,0.632100,0.004800,512x2x0,1x16x0,2816x2x1x1
ffn_up-20,kernel_gemm_noshuffle_q4_0_f32,0.047400,0.637400,0.317800,1x704x1,1x128x1,2816x2x1x1
ffn_swiglu-20,kernel_swiglu,0.038400,0.955700,0.004000,1024x1x1,512x1x1,2816x2x1x1
ffn_shexp-20,kernel_transpose_32_16,0.028400,0.960300,0.006000,704x2x0,1x16x0,2048x2x1x1
ffn_shexp-20,kernel_gemm_noshuffle_q4_0_f32,0.136000,0.860800,0.448200,1x512x1,1x128x1,2048x2x1x1
ffn_out-20,kernel_add,0.088000,1.309500,0.013200,128x1x1,64x1x1,2048x2x1x1
l_out-20,kernel_add,0.076000,1.323200,0.013900,128x1x1,64x1x1,2048x2x1x1
attn_norm-21,kernel_rms_norm_mul,0.065000,1.337700,0.005300,2048x1x1,1024x1x1,2048x2x1x1
q-21,kernel_transpose_32_16,0.054000,1.343500,0.004700,512x2x0,1x16x0,3072x2x1x1
q-21,kernel_gemm_noshuffle_q4_0_f32,0.048000,1.348800,0.323700,1x768x1,1x128x1,3072x2x1x1
q_pe-21,kernel_rope_norm_f32,0.034000,1.673100,0.003000,1024x2x1,64x1x1,64x16x2x1
Qcur-21,kernel_concat_f32,0.024000,1.676700,0.003100,1024x2x1,64x1x1,192x16x2x1
kv_cmpr_pe-21,kernel_transpose_32_16,0.107200,1.590300,0.005200,512x2x0,1x16x0,576x2x1x1
kv_cmpr_pe-21,kernel_gemm_noshuffle_q4_0_f32,0.081200,1.596100,0.313400,1x144x1,1x128x1,576x2x1x1
kv_cmpr-21,kernel_rms_norm_mul,0.069200,1.910000,0.004000,1024x1x1,512x1x1,512x2x1x1
kv-21,kernel_transpose_32_16,0.061200,1.914600,0.002700,128x2x0,1x16x0,4096x2x1x1
kv-21,kernel_gemm_noshuffle_q4_0_f32,0.056200,1.917900,0.085100,1x1024x1,1x128x1,4096x2x1x1
Vcur_cont-21,kernel_cpy_f32_f32,0.044200,2.003500,0.003100,1024x2x1,64x1x1,128x16x2x1
k_pe-21,kernel_rope_norm_f32,0.032200,2.007100,0.002500,64x2x1,64x1x1,64x1x2x1
node_1338,kernel_repeat_f32,0.023200,2.010100,0.002500,1024x2x1,64x1x1,64x16x2x1
Kcur-21,kernel_concat_f32,0.138800,1.891600,0.002900,1024x2x1,64x1x1,192x16x2x1
cache_k_l21 (view),kernel_set_rows_f16_i64,0.109800,1.895100,0.003900,2048x1x1,1024x1x1,3072x4096x1x1
cache_v_l21 (view),kernel_set_rows_f16_i64,0.101800,1.899600,0.003200,2048x1x1,1024x1x1,2048x4096x1x1
node_1350,flash_attn_blk_f16,0.072800,1.903300,0.005200,16x1x1,0x0x0,128x16x2x1
node_1350,flash_attn_f32_f16,0.055800,1.909100,0.107500,16x16x0,16x1x0,128x16x2x1
node_1352,kernel_transpose_32_16,0.042800,2.017100,0.005000,512x2x0,1x16x0,2048x2x1x1
node_1352,kernel_gemm_noshuffle_q4_0_f32,0.037800,2.022700,0.322400,1x512x1,1x128x1,2048x2x1x1
ffn_inp-21,kernel_add,0.024800,2.345600,0.013200,128x1x1,64x1x1,2048x2x1x1
ffn_norm-21,kernel_rms_norm_mul,0.070200,2.306300,0.005700,2048x1x1,1024x1x1,2048x2x1x1
ffn_moe_logits-21,kernel_mul_mm_f32_f32_l4_lm,0.043200,2.312600,0.455300,128x1x1,128x1x1,64x2x1x1
ffn_moe_probs-21,kernel_soft_max_4,0.032200,2.768400,0.003800,128x1x1,64x1x1,64x2x1x1
ffn_moe_argsort-21,kernel_argsort_f32_i32,0.023200,2.772800,0.011900,64x2x1,64x1x1,64x2x1x1
ffn_moe_weights-21,kernel_get_rows_f32,0.015200,2.785300,0.002700,6x2x1,1x1x1,1x6x2x1
ffn_moe_out-21,kernel_moe_combine_f32,0.090000,0.057100,0.004300,512x2x0,64x1x0,2048x2x1x1
ffn_gate-21,kernel_transpose_32_16,0.070000,0.061900,0.004900,512x2x0,1x16x0,2816x2x1x1
ffn_gate-21,kernel_gemm_noshuffle_q4_0_f32,0.064000,0.067300,0.319500,1x704x1,1x128x1,2816x2x1x1
ffn_up-21,kernel_transpose_32_16,0.052000,0.387300,0.004800,512x2x0,1x16x0,2816x2x1x1
ffn_up-21,kernel_gemm_noshuffle_q4_0_f32,0.046000,0.392700,0.321000,1x704x1,1x128x1,2816x2x1x1
ffn_swiglu-21,kernel_swiglu,0.035000,0.714200,0.004200,1024x1x1,512x1x1,2816x2x1x1
ffn_shexp-21,kernel_transpose_32_16,0.026000,0.719000,0.006100,704x2x0,1x16x0,2048x2x1x1
ffn_shexp-21,kernel_gemm_noshuffle_q4_0_f32,0.133200,0.617800,0.444200,1x512x1,1x128x1,2048x2x1x1
ffn_out-21,kernel_add,0.087200,1.062600,0.013000,128x1x1,64x1x1,2048x2x1x1
l_out-21,kernel_add,0.074200,1.076100,0.014100,128x1x1,64x1x1,2048x2x1x1
attn_norm-22,kernel_rms_norm_mul,0.061200,1.090800,0.005500,2048x1x1,1024x1x1,2048x2x1x1
q-22,kernel_transpose_32_16,0.053200,1.096800,0.004700,512x2x0,1x16x0,3072x2x1x1
q-22,kernel_gemm_noshuffle_q4_0_f32,0.047200,1.102000,0.320200,1x768x1,1x128x1,3072x2x1x1
q_pe-22,kernel_rope_norm_f32,0.034200,1.422700,0.003200,1024x2x1,64x1x1,64x16x2x1
Qcur-22,kernel_concat_f32,0.023200,1.426400,0.003300,1024x2x1,64x1x1,192x16x2x1
kv_cmpr_pe-22,kernel_transpose_32_16,0.133200,1.314400,0.005200,512x2x0,1x16x0,576x2x1x1
kv_cmpr_pe-22,kernel_gemm_noshuffle_q4_0_f32,0.081200,1.320200,0.312300,1x144x1,1x128x1,576x2x1x1
kv_cmpr-22,kernel_rms_norm_mul,0.068200,1.633000,0.003900,1024x1x1,512x1x1,512x2x1x1
kv-22,kernel_transpose_32_16,0.060200,1.637500,0.002700,128x2x0,1x16x0,4096x2x1x1
kv-22,kernel_gemm_noshuffle_q4_0_f32,0.054200,1.640700,0.084000,1x1024x1,1x128x1,4096x2x1x1
Vcur_cont-22,kernel_cpy_f32_f32,0.043200,1.725200,0.003200,1024x2x1,64x1x1,128x16x2x1
k_pe-22,kernel_rope_norm_f32,0.030200,1.729000,0.002500,64x2x1,64x1x1,64x1x2x1
node_1402,kernel_repeat_f32,0.021200,1.732000,0.002700,1024x2x1,64x1x1,64x16x2x1
Kcur-22,kernel_concat_f32,0.133000,1.617600,0.002900,1024x2x1,64x1x1,192x16x2x1
cache_k_l22 (view),kernel_set_rows_f16_i64,0.106000,1.621100,0.004300,2048x1x1,1024x1x1,3072x4096x1x1
cache_v_l22 (view),kernel_set_rows_f16_i64,0.096000,1.625900,0.003200,2048x1x1,1024x1x1,2048x4096x1x1
node_1414,flash_attn_blk_f16,0.070000,1.629600,0.005300,16x1x1,0x0x0,128x16x2x1
node_1414,flash_attn_f32_f16,0.053000,1.635400,0.107500,16x16x0,16x1x0,128x16x2x1
node_1416,kernel_transpose_32_16,0.040000,1.743400,0.005000,512x2x0,1x16x0,2048x2x1x1
node_1416,kernel_gemm_noshuffle_q4_0_f32,0.034000,1.748900,0.328600,1x512x1,1x128x1,2048x2x1x1
ffn_inp-22,kernel_add,0.020000,2.078000,0.013000,128x1x1,64x1x1,2048x2x1x1
ffn_norm-22,kernel_rms_norm_mul,0.065400,2.039700,0.005800,2048x1x1,1024x1x1,2048x2x1x1
ffn_moe_logits-22,kernel_mul_mm_f32_f32_l4_lm,0.042400,2.046000,0.459300,128x1x1,128x1x1,64x2x1x1
ffn_moe_probs-22,kernel_soft_max_4,0.030400,2.505900,0.003700,128x1x1,64x1x1,64x2x1x1
ffn_moe_argsort-22,kernel_argsort_f32_i32,0.023400,2.510100,0.012100,64x2x1,64x1x1,64x2x1x1
ffn_moe_weights-22,kernel_get_rows_f32,0.015400,2.522700,0.002700,6x2x1,1x1x1,1x6x2x1
ffn_moe_out-22,kernel_moe_combine_f32,0.113400,0.051800,0.004200,512x2x0,64x1x0,2048x2x1x1
ffn_gate-22,kernel_transpose_32_16,0.085400,0.056600,0.004900,512x2x0,1x16x0,2816x2x1x1
ffn_gate-22,kernel_gemm_noshuffle_q4_0_f32,0.072400,0.062000,0.321200,1x704x1,1x128x1,2816x2x1x1
ffn_up-22,kernel_transpose_32_16,0.050400,0.383700,0.004800,512x2x0,1x16x0,2816x2x1x1
ffn_up-22,kernel_gemm_noshuffle_q4_0_f32,0.044400,0.389100,0.322000,1x704x1,1x128x1,2816x2x1x1
ffn_swiglu-22,kernel_swiglu,0.034400,0.711700,0.004100,1024x1x1,512x1x1,2816x2x1x1
ffn_shexp-22,kernel_transpose_32_16,0.025400,0.716400,0.006000,704x2x0,1x16x0,2048x2x1x1
ffn_shexp-22,kernel_gemm_noshuffle_q4_0_f32,0.125600,0.620800,0.451900,1x512x1,1x128x1,2048x2x1x1
ffn_out-22,kernel_add,0.083600,1.073200,0.013300,128x1x1,64x1x1,2048x2x1x1
l_out-22,kernel_add,0.071600,1.087000,0.013600,128x1x1,64x1x1,2048x2x1x1
attn_norm-23,kernel_rms_norm_mul,0.060600,1.101100,0.005500,2048x1x1,1024x1x1,2048x2x1x1
q-23,kernel_transpose_32_16,0.050600,1.107100,0.004800,512x2x0,1x16x0,3072x2x1x1
q-23,kernel_gemm_noshuffle_q4_0_f32,0.045600,1.112500,0.328000,1x768x1,1x128x1,3072x2x1x1
q_pe-23,kernel_rope_norm_f32,0.030600,1.441100,0.003300,1024x2x1,64x1x1,64x16x2x1
Qcur-23,kernel_concat_f32,0.021600,1.445000,0.002900,1024x2x1,64x1x1,192x16x2x1
kv_cmpr_pe-23,kernel_transpose_32_16,0.037800,1.426800,0.005200,512x2x0,1x16x0,576x2x1x1
kv_cmpr_pe-23,kernel_gemm_noshuffle_q4_0_f32,0.014800,1.432600,0.315300,1x144x1,1x128x1,576x2x1x1
kv_cmpr-23,kernel_rms_norm_mul,0.151000,0.300400,0.006200,1024x1x1,512x1x1,512x2x1x1
kv-23,kernel_transpose_32_16,0.130000,0.307100,0.003000,128x2x0,1x16x0,4096x2x1x1
kv-23,kernel_gemm_noshuffle_q4_0_f32,0.123000,0.310600,0.084400,1x1024x1,1x128x1,4096x2x1x1
Vcur_cont-23,kernel_cpy_f32_f32,0.107000,0.395500,0.003000,1024x2x1,64x1x1,128x16x2x1
k_pe-23,kernel_rope_norm_f32,0.090000,0.399100,0.002500,64x2x1,64x1x1,64x1x2x1
node_1466,kernel_repeat_f32,0.080000,0.402100,0.002500,1024x2x1,64x1x1,64x16x2x1
Kcur-23,kernel_concat_f32,0.068000,0.405200,0.003000,1024x2x1,64x1x1,192x16x2x1
cache_k_l23 (view),kernel_set_rows_f16_i64,0.041000,0.408800,0.004100,2048x1x1,1024x1x1,3072x4096x1x1
cache_v_l23 (view),kernel_set_rows_f16_i64,0.184600,0.255400,0.003700,2048x1x1,1024x1x1,2048x4096x1x1
node_1478,flash_attn_blk_f16,0.113600,0.259600,0.005200,16x1x1,0x0x0,128x16x2x1
node_1478,flash_attn_f32_f16,0.091600,0.265400,0.106400,16x16x0,16x1x0,128x16x2x1
node_1480,kernel_transpose_32_16,0.075600,0.372300,0.004900,512x2x0,1x16x0,2048x2x1x1
node_1480,kernel_gemm_noshuffle_q4_0_f32,0.066600,0.377800,0.321500,1x512x1,1x128x1,2048x2x1x1
ffn_inp-23,kernel_add,0.051600,0.699900,0.012900,128x1x1,64x1x1,2048x2x1x1
ffn_norm-23,kernel_rms_norm_mul,0.039600,0.713300,0.005600,2048x1x1,1024x1x1,2048x2x1x1
ffn_moe_logits-23,kernel_mul_mm_f32_f32_l4_lm,0.030600,0.719400,0.472900,128x1x1,128x1x1,64x2x1x1
ffn_moe_probs-23,kernel_soft_max_4,0.091600,1.123500,0.003500,128x1x1,64x1x1,64x2x1x1
ffn_moe_argsort-23,kernel_argsort_f32_i32,0.055600,1.127600,0.011900,64x2x1,64x1x1,64x2x1x1
ffn_moe_weights-23,kernel_get_rows_f32,0.046600,1.140100,0.002600,6x2x1,1x1x1,1x6x2x1
ffn_moe_out-23,kernel_moe_combine_f32,0.098200,0.056600,0.004500,512x2x0,64x1x0,2048x2x1x1
ffn_gate-23,kernel_transpose_32_16,0.076200,0.061700,0.005000,512x2x0,1x16x0,2816x2x1x1
ffn_gate-23,kernel_gemm_noshuffle_q4_0_f32,0.064200,0.067200,0.321000,1x704x1,1x128x1,2816x2x1x1
ffn_up-23,kernel_transpose_32_16,0.049200,0.388800,0.004700,512x2x0,1x16x0,2816x2x1x1
ffn_up-23,kernel_gemm_noshuffle_q4_0_f32,0.044200,0.394100,0.318000,1x704x1,1x128x1,2816x2x1x1
ffn_swiglu-23,kernel_swiglu,0.035200,0.712700,0.004400,1024x1x1,512x1x1,2816x2x1x1
ffn_shexp-23,kernel_transpose_32_16,0.026200,0.717600,0.006200,704x2x0,1x16x0,2048x2x1x1
ffn_shexp-23,kernel_gemm_noshuffle_q4_0_f32,0.125000,0.623900,0.443600,1x512x1,1x128x1,2048x2x1x1
ffn_out-23,kernel_add,0.081000,1.068000,0.013100,128x1x1,64x1x1,2048x2x1x1
l_out-23,kernel_add,0.069000,1.081700,0.013800,128x1x1,64x1x1,2048x2x1x1
attn_norm-24,kernel_rms_norm_mul,0.058000,1.096000,0.005500,2048x1x1,1024x1x1,2048x2x1x1
q-24,kernel_transpose_32_16,0.050000,1.102100,0.004700,512x2x0,1x16x0,3072x2x1x1
q-24,kernel_gemm_noshuffle_q4_0_f32,0.045000,1.107300,0.320800,1x768x1,1x128x1,3072x2x1x1
q_pe-24,kernel_rope_norm_f32,0.031000,1.428600,0.003300,1024x2x1,64x1x1,64x16x2x1
Qcur-24,kernel_concat_f32,0.022000,1.432500,0.003100,1024x2x1,64x1x1,192x16x2x1
kv_cmpr_pe-24,kernel_transpose_32_16,0.103600,1.348600,0.005200,512x2x0,1x16x0,576x2x1x1
kv_cmpr_pe-24,kernel_gemm_noshuffle_q4_0_f32,0.080600,1.354300,0.313800,1x144x1,1x128x1,576x2x1x1
kv_cmpr-24,kernel_rms_norm_mul,0.067600,1.668600,0.003900,1024x1x1,512x1x1,512x2x1x1
kv-24,kernel_transpose_32_16,0.059600,1.673000,0.002700,128x2x0,1x16x0,4096x2x1x1
kv-24,kernel_gemm_noshuffle_q4_0_f32,0.054600,1.676300,0.082700,1x1024x1,1x128x1,4096x2x1x1
Vcur_cont-24,kernel_cpy_f32_f32,0.044600,1.759500,0.003000,1024x2x1,64x1x1,128x16x2x1
k_pe-24,kernel_rope_norm_f32,0.031600,1.763000,0.002500,64x2x1,64x1x1,64x1x2x1
node_1530,kernel_repeat_f32,0.021600,1.766000,0.002800,1024x2x1,64x1x1,64x16x2x1
Kcur-24,kernel_concat_f32,0.133400,1.650600,0.003200,1024x2x1,64x1x1,192x16x2x1
cache_k_l24 (view),kernel_set_rows_f16_i64,0.108400,1.654300,0.004100,2048x1x1,1024x1x1,3072x4096x1x1
cache_v_l24 (view),kernel_set_rows_f16_i64,0.098400,1.658900,0.003400,2048x1x1,1024x1x1,2048x4096x1x1
node_1542,flash_attn_blk_f16,0.073400,1.662800,0.005200,16x1x1,0x0x0,128x16x2x1
node_1542,flash_attn_f32_f16,0.055400,1.668500,0.107100,16x16x0,16x1x0,128x16x2x1
node_1544,kernel_transpose_32_16,0.041400,1.776200,0.004900,512x2x0,1x16x0,2048x2x1x1
node_1544,kernel_gemm_noshuffle_q4_0_f32,0.035400,1.781700,0.325500,1x512x1,1x128x1,2048x2x1x1
ffn_inp-24,kernel_add,0.022400,2.107800,0.012900,128x1x1,64x1x1,2048x2x1x1
ffn_norm-24,kernel_rms_norm_mul,0.066000,2.071000,0.005700,2048x1x1,1024x1x1,2048x2x1x1
ffn_moe_logits-24,kernel_mul_mm_f32_f32_l4_lm,0.040000,2.077200,0.461800,128x1x1,128x1x1,64x2x1x1
ffn_moe_probs-24,kernel_soft_max_4,0.029000,2.539600,0.003800,128x1x1,64x1x1,64x2x1x1
ffn_moe_argsort-24,kernel_argsort_f32_i32,0.021000,2.544000,0.011800,64x2x1,64x1x1,64x2x1x1
ffn_moe_weights-24,kernel_get_rows_f32,0.014000,2.556400,0.003000,6x2x1,1x1x1,1x6x2x1
ffn_moe_out-24,kernel_moe_combine_f32,0.094000,0.051900,0.004000,512x2x0,64x1x0,2048x2x1x1
ffn_gate-24,kernel_transpose_32_16,0.069000,0.056400,0.004900,512x2x0,1x16x0,2816x2x1x1
ffn_gate-24,kernel_gemm_noshuffle_q4_0_f32,0.062000,0.061800,0.320500,1x704x1,1x128x1,2816x2x1x1
ffn_up-24,kernel_transpose_32_16,0.050000,0.382900,0.004900,512x2x0,1x16x0,2816x2x1x1
ffn_up-24,kernel_gemm_noshuffle_q4_0_f32,0.045000,0.388300,0.317700,1x704x1,1x128x1,2816x2x1x1
ffn_swiglu-24,kernel_swiglu,0.035000,0.706500,0.004200,1024x1x1,512x1x1,2816x2x1x1
ffn_shexp-24,kernel_transpose_32_16,0.027000,0.711200,0.006000,704x2x0,1x16x0,2048x2x1x1
ffn_shexp-24,kernel_gemm_noshuffle_q4_0_f32,0.127200,0.616000,0.450800,1x512x1,1x128x1,2048x2x1x1
ffn_out-24,kernel_add,0.082200,1.067300,0.013200,128x1x1,64x1x1,2048x2x1x1
l_out-24,kernel_add,0.069200,1.081000,0.013700,128x1x1,64x1x1,2048x2x1x1
attn_norm-25,kernel_rms_norm_mul,0.058200,1.095300,0.005400,2048x1x1,1024x1x1,2048x2x1x1
q-25,kernel_transpose_32_16,0.050200,1.101300,0.004600,512x2x0,1x16x0,3072x2x1x1
q-25,kernel_gemm_noshuffle_q4_0_f32,0.045200,1.106500,0.324300,1x768x1,1x128x1,3072x2x1x1
q_pe-25,kernel_rope_norm_f32,0.031200,1.431400,0.003100,1024x2x1,64x1x1,64x16x2x1
Qcur-25,kernel_concat_f32,0.021200,1.435000,0.003100,1024x2x1,64x1x1,192x16x2x1
kv_cmpr_pe-25,kernel_transpose_32_16,0.100600,1.354200,0.005200,512x2x0,1x16x0,576x2x1x1
kv_cmpr_pe-25,kernel_gemm_noshuffle_q4_0_f32,0.077600,1.359900,0.314200,1x144x1,1x128x1,576x2x1x1
kv_cmpr-25,kernel_rms_norm_mul,0.064600,1.674600,0.003900,1024x1x1,512x1x1,512x2x1x1
kv-25,kernel_transpose_32_16,0.057600,1.679000,0.002700,128x2x0,1x16x0,4096x2x1x1
kv-25,kernel_gemm_noshuffle_q4_0_f32,0.052600,1.682300,0.084600,1x1024x1,1x128x1,4096x2x1x1
Vcur_cont-25,kernel_cpy_f32_f32,0.042600,1.767400,0.003200,1024x2x1,64x1x1,128x16x2x1
k_pe-25,kernel_rope_norm_f32,0.029600,1.771200,0.002600,64x2x1,64x1x1,64x1x2x1
node_1594,kernel_repeat_f32,0.022600,1.774300,0.002500,1024x2x1,64x1x1,64x16x2x1
Kcur-25,kernel_concat_f32,0.133400,1.660100,0.002900,1024x2x1,64x1x1,192x16x2x1
cache_k_l25 (view),kernel_set_rows_f16_i64,0.106400,1.663600,0.004300,2048x1x1,1024x1x1,3072x4096x1x1
cache_v_l25 (view),kernel_set_rows_f16_i64,0.098400,1.668400,0.003200,2048x1x1,1024x1x1,2048x4096x1x1
node_1606,flash_attn_blk_f16,0.073400,1.672100,0.005200,16x1x1,0x0x0,128x16x2x1
node_1606,flash_attn_f32_f16,0.055400,1.677800,0.108500,16x16x0,16x1x0,128x16x2x1
node_1608,kernel_transpose_32_16,0.042400,1.786800,0.005100,512x2x0,1x16x0,2048x2x1x1
node_1608,kernel_gemm_noshuffle_q4_0_f32,0.035400,1.792500,0.315700,1x512x1,1x128x1,2048x2x1x1
ffn_inp-25,kernel_add,0.022400,2.108800,0.013000,128x1x1,64x1x1,2048x2x1x1
ffn_norm-25,kernel_rms_norm_mul,0.067200,2.070500,0.005600,2048x1x1,1024x1x1,2048x2x1x1
ffn_moe_logits-25,kernel_mul_mm_f32_f32_l4_lm,0.042200,2.076700,0.462600,128x1x1,128x1x1,64x2x1x1
ffn_moe_probs-25,kernel_soft_max_4,0.031200,2.539900,0.003900,128x1x1,64x1x1,64x2x1x1
ffn_moe_argsort-25,kernel_argsort_f32_i32,0.023200,2.544300,0.011900,64x2x1,64x1x1,64x2x1x1
ffn_moe_weights-25,kernel_get_rows_f32,0.016200,2.556800,0.003000,6x2x1,1x1x1,1x6x2x1
ffn_moe_out-25,kernel_moe_combine_f32,0.099200,0.041800,0.004200,512x2x0,64x1x0,2048x2x1x1
ffn_gate-25,kernel_transpose_32_16,0.074200,0.046600,0.004800,512x2x0,1x16x0,2816x2x1x1
ffn_gate-25,kernel_gemm_noshuffle_q4_0_f32,0.061200,0.051900,0.321900,1x704x1,1x128x1,2816x2x1x1
ffn_up-25,kernel_transpose_32_16,0.044200,0.374300,0.004800,512x2x0,1x16x0,2816x2x1x1
ffn_up-25,kernel_gemm_noshuffle_q4_0_f32,0.038200,0.379600,0.318700,1x704x1,1x128x1,2816x2x1x1
ffn_swiglu-25,kernel_swiglu,0.029200,0.698900,0.004200,1024x1x1,512x1x1,2816x2x1x1
ffn_shexp-25,kernel_transpose_32_16,0.019200,0.703700,0.006100,704x2x0,1x16x0,2048x2x1x1
ffn_shexp-25,kernel_gemm_noshuffle_q4_0_f32,0.117600,0.610200,0.435900,1x512x1,1x128x1,2048x2x1x1
ffn_out-25,kernel_add,0.085600,1.046700,0.013000,128x1x1,64x1x1,2048x2x1x1
l_out-25,kernel_add,0.072600,1.060300,0.013600,128x1x1,64x1x1,2048x2x1x1
attn_norm-26,kernel_rms_norm_mul,0.061600,1.074400,0.005600,2048x1x1,1024x1x1,2048x2x1x1
q-26,kernel_transpose_32_16,0.050600,1.080500,0.004700,512x2x0,1x16x0,3072x2x1x1
q-26,kernel_gemm_noshuffle_q4_0_f32,0.044600,1.085700,0.319200,1x768x1,1x128x1,3072x2x1x1
q_pe-26,kernel_rope_norm_f32,0.031600,1.405400,0.003200,1024x2x1,64x1x1,64x16x2x1
Qcur-26,kernel_concat_f32,0.021600,1.409200,0.002900,1024x2x1,64x1x1,192x16x2x1
kv_cmpr_pe-26,kernel_transpose_32_16,0.102000,1.326100,0.005300,512x2x0,1x16x0,576x2x1x1
kv_cmpr_pe-26,kernel_gemm_noshuffle_q4_0_f32,0.080000,1.331900,0.314500,1x144x1,1x128x1,576x2x1x1
kv_cmpr-26,kernel_rms_norm_mul,0.066000,1.646900,0.003900,1024x1x1,512x1x1,512x2x1x1
kv-26,kernel_transpose_32_16,0.059000,1.651400,0.003000,128x2x0,1x16x0,4096x2x1x1
kv-26,kernel_gemm_noshuffle_q4_0_f32,0.054000,1.654900,0.083000,1x1024x1,1x128x1,4096x2x1x1
Vcur_cont-26,kernel_cpy_f32_f32,0.043000,1.738400,0.002800,1024x2x1,64x1x1,128x16x2x1
k_pe-26,kernel_rope_norm_f32,0.031000,1.741700,0.002500,64x2x1,64x1x1,64x1x2x1
node_1658,kernel_repeat_f32,0.023000,1.744700,0.002300,1024x2x1,64x1x1,64x16x2x1
Kcur-26,kernel_concat_f32,0.126200,1.637500,0.003000,1024x2x1,64x1x1,192x16x2x1
cache_k_l26 (view),kernel_set_rows_f16_i64,0.098200,1.641000,0.004000,2048x1x1,1024x1x1,3072x4096x1x1
cache_v_l26 (view),kernel_set_rows_f16_i64,0.090200,1.645500,0.003400,2048x1x1,1024x1x1,2048x4096x1x1
node_1670,flash_attn_blk_f16,0.064200,1.649400,0.005200,16x1x1,0x0x0,128x16x2x1
node_1670,flash_attn_f32_f16,0.046200,1.655200,0.107100,16x16x0,16x1x0,128x16x2x1
node_1672,kernel_transpose_32_16,0.035200,1.762900,0.005100,512x2x0,1x16x0,2048x2x1x1
node_1672,kernel_gemm_noshuffle_q4_0_f32,0.029200,1.768500,0.328600,1x512x1,1x128x1,2048x2x1x1
node_1673,kernel_get_rows_f32,0.019200,2.097600,0.004300,1024x1x1,1024x1x1,2048x1x1x1
node_1674,kernel_get_rows_f32,0.083200,2.033900,0.004400,1024x1x1,1024x1x1,2048x1x1x1
ffn_inp-26,kernel_add_row,0.061200,2.038900,0.002100,512x0x0,64x0x0,2048x1x1x1
ffn_norm-26,kernel_rms_norm_mul,0.050200,2.041600,0.005300,1024x1x1,1024x1x1,2048x1x1x1
ffn_moe_logits-26,kernel_mul_mat_f32_f32,0.039200,2.047500,0.011100,4096x1x1,64x1x1,64x1x1x1
ffn_moe_probs-26,kernel_soft_max_4,0.030200,2.059200,0.003300,64x1x1,64x1x1,64x1x1x1
ffn_moe_argsort-26,kernel_argsort_f32_i32,0.022200,2.063000,0.012000,64x1x1,64x1x1,64x1x1x1
ffn_moe_weights-26,kernel_get_rows_f32,0.015200,2.075500,0.002400,6x1x1,1x1x1,1x6x1x1
ffn_moe_out-26,kernel_moe_combine_f32,0.083400,0.046300,0.004100,512x1x0,64x1x0,2048x1x1x1
ffn_gate-26,kernel_gemv_noshuffle_q4_0_f32,0.066400,0.050900,0.055800,1408x4x1,64x4x1,2816x1x1x1
ffn_up-26,kernel_gemv_noshuffle_q4_0_f32,0.054400,0.107200,0.050400,1408x4x1,64x4x1,2816x1x1x1
ffn_swiglu-26,kernel_swiglu,0.047400,0.158100,0.003700,512x1x1,512x1x1,2816x1x1x1
ffn_shexp-26,kernel_gemv_noshuffle_q4_0_f32,0.036400,0.162300,0.056300,1024x4x1,64x4x1,2048x1x1x1
ffn_out-26,kernel_add_row,0.030400,0.219200,0.002200,512x0x0,64x0x0,2048x1x1x1
l_out-26,kernel_add_row,0.024400,0.221900,0.001900,512x0x0,64x0x0,2048x1x1x1
result_norm,kernel_rms_norm_mul,0.044000,0.197100,0.006000,1024x1x1,1024x1x1,2048x1x1x1
result_output,kernel_mul_mv_q6_K_f32_flat,0.017000,0.203600,4.419300,204800x2x1,64x2x1,102400x1x1x1
attn_norm-0,kernel_rms_norm_mul,0.128200,0.050100,0.124000,200704x1x1,1024x1x1,2048x196x1x1
q-0,kernel_transpose_32_16,0.160800,0.055200,0.084500,512x50x0,1x16x0,3072x196x1x1
q-0,kernel_gemm_noshuffle_q4_0_f32,0.156800,0.091000,1.043100,25x768x1,1x128x1,3072x196x1x1
q_pe-0,kernel_rope_norm_f32,0.150400,0.043800,0.077800,1024x196x1,64x1x1,64x16x196x1
Qcur-0,kernel_concat_f32,14.739400,0.595500,0.107700,1024x196x1,64x1x1,192x16x196x1
kv_cmpr_pe-0,kernel_transpose_32_16,0.176800,0.069100,0.096200,512x50x0,1x16x0,576x196x1x1
kv_cmpr_pe-0,kernel_gemm_noshuffle_q4_0_f32,0.248400,0.046000,0.470100,25x144x1,1x128x1,576x196x1x1
kv_cmpr-0,kernel_rms_norm_mul,0.121000,0.118400,0.072600,100352x1x1,512x1x1,512x196x1x1
kv-0,kernel_transpose_32_16,0.274800,0.048800,0.054600,128x50x0,1x16x0,4096x196x1x1
kv-0,kernel_gemm_noshuffle_q4_0_f32,0.120800,0.233700,0.377100,25x1024x1,1x128x1,4096x196x1x1
Vcur_cont-0,kernel_cpy_f32_f32,0.148600,0.044800,0.082900,1024x196x1,64x1x1,128x16x196x1
k_pe-0,kernel_rope_norm_f32,0.150000,0.095300,0.048600,64x196x1,64x1x1,64x1x196x1
node_18,kernel_repeat_f32,0.115800,0.052700,0.075600,1024x196x1,64x1x1,64x16x196x1
Kcur-0,kernel_concat_f32,0.216800,0.041900,0.106200,1024x196x1,64x1x1,192x16x196x1
cache_k_l0 (view),kernel_set_rows_f16_i64,0.126800,0.052500,0.086600,200704x1x1,1024x1x1,3072x4096x1x1
cache_v_l0 (view),kernel_set_rows_f16_i64,14.775000,0.778300,0.099200,200704x1x1,1024x1x1,2048x4096x1x1
node_30,flash_attn_blk_f16,14.403000,0.836300,0.091800,16x13x1,0x0x0,128x16x196x1
node_30,flash_attn_f32_f16,0.377000,0.058700,4.670800,208x16x0,16x1x0,128x16x196x1
node_32,kernel_transpose_32_16,11.777400,0.619200,0.098600,512x50x0,1x16x0,2048x196x1x1
node_32,kernel_gemm_noshuffle_q4_0_f32,11.574600,0.695200,0.793700,25x512x1,1x128x1,2048x196x1x1
ffn_inp-0,kernel_add,10.741000,1.469100,0.106000,12544x1x1,64x1x1,2048x196x1x1
ffn_norm-0,kernel_rms_norm_mul,0.134200,0.055500,0.103000,200704x1x1,1024x1x1,2048x196x1x1
ffn_gate-0,kernel_transpose_32_16,0.143000,0.040900,0.076600,512x50x0,1x16x0,10944x196x1x1
ffn_gate-0,kernel_gemm_noshuffle_q4_0_f32,0.141800,0.045500,3.142600,25x2736x1,1x128x1,10944x196x1x1
ffn_up-0,kernel_transpose_32_16,0.125200,2.751300,0.084400,512x50x0,1x16x0,10944x196x1x1
ffn_up-0,kernel_gemm_noshuffle_q4_0_f32,0.118800,2.544800,3.142800,25x2736x1,1x128x1,10944x196x1x1
ffn_swiglu-0,kernel_swiglu,0.128600,5.197300,0.402600,100352x1x1,512x1x1,10944x196x1x1
ffn_out-0,kernel_transpose_32_16,0.117800,0.237700,0.332700,2736x50x0,1x16x0,2048x196x1x1
ffn_out-0,kernel_gemm_noshuffle_q4_0_f32,0.114000,0.262600,3.951200,25x512x1,1x128x1,2048x196x1x1
l_out-0,kernel_add,0.355000,3.647000,0.112000,12544x1x1,64x1x1,2048x196x1x1
attn_norm-1,kernel_rms_norm_mul,0.109400,2.819600,0.101500,200704x1x1,1024x1x1,2048x196x1x1
q-1,kernel_transpose_32_16,0.118800,0.498200,0.077700,512x50x0,1x16x0,3072x196x1x1
q-1,kernel_gemm_noshuffle_q4_0_f32,0.128600,0.049500,1.039400,25x768x1,1x128x1,3072x196x1x1
q_pe-1,kernel_rope_norm_f32,0.175600,0.416400,0.075900,1024x196x1,64x1x1,64x16x196x1
Qcur-1,kernel_concat_f32,0.128400,0.158600,0.096900,1024x196x1,64x1x1,192x16x196x1
kv_cmpr_pe-1,kernel_transpose_32_16,0.194800,0.047400,0.087400,512x50x0,1x16x0,576x196x1x1
kv_cmpr_pe-1,kernel_gemm_noshuffle_q4_0_f32,0.109000,0.045400,0.468900,25x144x1,1x128x1,576x196x1x1
kv_cmpr-1,kernel_rms_norm_mul,0.123400,0.059100,0.071300,100352x1x1,512x1x1,512x196x1x1
kv-1,kernel_transpose_32_16,0.095400,0.042000,0.054000,128x50x0,1x16x0,4096x196x1x1
kv-1,kernel_gemm_noshuffle_q4_0_f32,0.166600,0.091900,0.367700,25x1024x1,1x128x1,4096x196x1x1
Vcur_cont-1,kernel_cpy_f32_f32,0.102600,0.049200,0.079600,1024x196x1,64x1x1,128x16x196x1
k_pe-1,kernel_rope_norm_f32,0.100800,0.249300,0.049600,64x196x1,64x1x1,64x1x196x1
node_58,kernel_repeat_f32,0.106800,0.047500,0.069400,1024x196x1,64x1x1,64x16x196x1
Kcur-1,kernel_concat_f32,0.159200,0.041600,0.100300,1024x196x1,64x1x1,192x16x196x1
cache_k_l1 (view),kernel_set_rows_f16_i64,0.178000,0.346100,0.090800,200704x1x1,1024x1x1,3072x4096x1x1
cache_v_l1 (view),kernel_set_rows_f16_i64,0.116600,0.046500,0.084700,200704x1x1,1024x1x1,2048x4096x1x1
node_70,flash_attn_blk_f16,0.107400,0.042900,0.092100,16x13x1,0x0x0,128x16x196x1
node_70,flash_attn_f32_f16,0.344400,0.054100,4.705900,208x16x0,16x1x0,128x16x196x1
node_72,kernel_transpose_32_16,0.153800,2.382200,0.078100,512x50x0,1x16x0,2048x196x1x1
node_72,kernel_gemm_noshuffle_q4_0_f32,0.115800,2.093700,0.779000,25x512x1,1x128x1,2048x196x1x1
ffn_inp-1,kernel_add,0.132600,2.375500,0.105500,12544x1x1,64x1x1,2048x196x1x1
ffn_norm-1,kernel_rms_norm_mul,0.117600,1.902200,0.102200,200704x1x1,1024x1x1,2048x196x1x1
ffn_moe_logits-1,kernel_mul_mm_f32_f32_l4_lm,0.122600,0.655500,0.509700,128x4x1,128x1x1,64x196x1x1
ffn_moe_probs-1,kernel_soft_max_4,0.212600,0.035700,0.049800,12544x1x1,64x1x1,64x196x1x1
ffn_moe_argsort-1,kernel_argsort_f32_i32,0.125000,0.145600,0.081700,64x196x1,64x1x1,64x196x1x1
ffn_moe_weights-1,kernel_get_rows_f32,0.137000,0.039100,0.054500,6x196x1,1x1x1,1x6x196x1
ffn_moe_topk-1,kernel_moe_histogram,0.121800,0.051000,0.046200,256x6x1,64x1x1,6x196x1x1
ffn_moe_topk-1,kernel_moe_scan,0.115800,0.231000,0.058300,1x0x0,1x0x0,6x196x1x1
ffn_moe_topk-1,kernel_moe_fill,0.106800,0.141700,0.045100,128x32x1,64x1x1,6x196x1x1
ffn_moe_topk-1,kernel_moe_scatter,0.253200,0.067300,0.046600,256x6x1,64x1x1,6x196x1x1
ffn_moe_gate-1,kernel_moe_reorder_b,0.158000,0.105100,0.386500,512x3200x1,256x1x1,1408x6x196x1
ffn_moe_gate-1,kernel_gemm_moe_q4_0_f32_ns,0.126400,0.188600,8.438100,64x22x100,64x1x1,1408x6x196x1
ffn_moe_up-1,kernel_moe_reorder_b,8.945000,0.597300,0.449600,512x3200x1,256x1x1,1408x6x196x1
ffn_moe_up-1,kernel_gemm_moe_q4_0_f32_ns,8.573200,1.024900,8.461400,64x22x100,64x1x1,1408x6x196x1
ffn_moe_swiglu-1,kernel_swiglu,8.323200,9.464400,0.321700,602112x1x1,512x1x1,1408x6x196x1
ffn_moe_down-1,kernel_moe_reorder_b,8.176600,9.762900,0.333900,512x3200x1,256x1x1,2048x6x196x1
ffn_moe_down-1,kernel_gemm_moe_q4_0_f32_ns,8.046200,10.071200,8.480600,64x32x100,64x1x1,2048x6x196x1
ffn_moe_out-1,kernel_moe_combine_f32,7.404600,18.572001,0.206800,512x196x0,64x1x0,2048x196x1x1
ffn_gate-1,kernel_transpose_32_16,2.542600,18.758900,0.091100,512x50x0,1x16x0,2816x196x1x1
ffn_gate-1,kernel_gemm_noshuffle_q4_0_f32,2.323200,18.765499,1.000400,25x704x1,1x128x1,2816x196x1x1
ffn_up-1,kernel_transpose_32_16,2.074000,19.751101,0.082900,512x50x0,1x16x0,2816x196x1x1
ffn_up-1,kernel_gemm_noshuffle_q4_0_f32,1.892200,19.819000,0.995700,25x704x1,1x128x1,2816x196x1x1
ffn_swiglu-1,kernel_swiglu,1.592200,20.804199,0.124100,100352x1x1,512x1x1,2816x196x1x1
ffn_shexp-1,kernel_transpose_32_16,1.352800,20.889700,0.096200,704x50x0,1x16x0,2048x196x1x1
ffn_shexp-1,kernel_gemm_noshuffle_q4_0_f32,1.244600,20.935301,1.072900,25x512x1,1x128x1,2048x196x1x1
ffn_out-1,kernel_add,0.872800,21.992300,0.106000,12544x1x1,64x1x1,2048x196x1x1
l_out-1,kernel_add,0.328800,22.081301,0.107400,12544x1x1,64x1x1,2048x196x1x1
attn_norm-2,kernel_rms_norm_mul,0.128200,22.172199,0.103500,200704x1x1,1024x1x1,2048x196x1x1
q-2,kernel_transpose_32_16,0.230800,21.820299,0.076100,512x50x0,1x16x0,3072x196x1x1
q-2,kernel_gemm_noshuffle_q4_0_f32,0.129200,21.582899,1.055700,25x768x1,1x128x1,3072x196x1x1
q_pe-2,kernel_rope_norm_f32,0.122800,21.696301,0.076500,1024x196x1,64x1x1,64x16x196x1
Qcur-2,kernel_concat_f32,0.125600,21.262100,0.097400,1024x196x1,64x1x1,192x16x196x1
kv_cmpr_pe-2,kernel_transpose_32_16,0.112000,20.901300,0.089300,512x50x0,1x16x0,576x196x1x1
kv_cmpr_pe-2,kernel_gemm_noshuffle_q4_0_f32,0.102400,20.698299,0.490100,25x144x1,1x128x1,576x196x1x1
kv_cmpr-2,kernel_rms_norm_mul,0.095600,20.884300,0.072700,100352x1x1,512x1x1,512x196x1x1
kv-2,kernel_transpose_32_16,0.114400,20.631800,0.052800,128x50x0,1x16x0,4096x196x1x1
kv-2,kernel_gemm_noshuffle_q4_0_f32,0.118000,20.365999,0.381600,25x1024x1,1x128x1,4096x196x1x1
Vcur_cont-2,kernel_cpy_f32_f32,0.130000,19.925800,0.081400,1024x196x1,64x1x1,128x16x196x1
k_pe-2,kernel_rope_norm_f32,0.201400,19.049000,0.046900,64x196x1,64x1x1,64x1x196x1
node_122,kernel_repeat_f32,0.155600,18.447800,0.069900,1024x196x1,64x1x1,64x16x196x1
Kcur-2,kernel_concat_f32,0.151200,18.072100,0.100500,1024x196x1,64x1x1,192x16x196x1
cache_k_l2 (view),kernel_set_rows_f16_i64,0.132200,17.552999,0.089000,200704x1x1,1024x1x1,3072x4096x1x1
cache_v_l2 (view),kernel_set_rows_f16_i64,0.183800,16.100700,0.082800,200704x1x1,1024x1x1,2048x4096x1x1
node_134,flash_attn_blk_f16,0.246000,14.980600,0.092200,16x13x1,0x0x0,128x16x196x1
node_134,flash_attn_f32_f16,0.172400,14.453400,4.896700,208x16x0,16x1x0,128x16x196x1
node_136,kernel_transpose_32_16,0.148800,18.680201,0.078800,512x50x0,1x16x0,2048x196x1x1
node_136,kernel_gemm_noshuffle_q4_0_f32,0.159000,18.299101,0.792200,25x512x1,1x128x1,2048x196x1x1
ffn_inp-2,kernel_add,5.160000,13.304400,0.105700,12544x1x1,64x1x1,2048x196x1x1
ffn_norm-2,kernel_rms_norm_mul,4.398800,13.395300,0.102900,200704x1x1,1024x1x1,2048x196x1x1
ffn_moe_logits-2,kernel_mul_mm_f32_f32_l4_lm,3.852200,13.485000,0.524500,128x4x1,128x1x1,64x196x1x1
ffn_moe_probs-2,kernel_soft_max_4,2.991400,13.926000,0.048600,12544x1x1,64x1x1,64x196x1x1
ffn_moe_argsort-2,kernel_argsort_f32_i32,3.653000,12.846300,0.081000,64x196x1,64x1x1,64x196x1x1
ffn_moe_weights-2,kernel_get_rows_f32,3.052600,12.919600,0.053300,6x196x1,1x1x1,1x6x196x1
ffn_moe_topk-2,kernel_moe_histogram,3.336000,11.888500,0.045400,256x6x1,64x1x1,6x196x1x1
ffn_moe_topk-2,kernel_moe_scan,0.146200,0.041300,0.056300,1x0x0,1x0x0,6x196x1x1
ffn_moe_topk-2,kernel_moe_fill,0.122000,0.047200,0.044400,128x32x1,64x1x1,6x196x1x1
ffn_moe_topk-2,kernel_moe_scatter,0.131200,0.047800,0.045700,256x6x1,64x1x1,6x196x1x1
ffn_moe_gate-2,kernel_moe_reorder_b,0.119800,0.129600,0.373300,512x3200x1,256x1x1,1408x6x196x1
ffn_moe_gate-2,kernel_gemm_moe_q4_0_f32_ns,0.492800,0.256400,8.554600,64x22x100,64x1x1,1408x6x196x1
ffn_moe_up-2,kernel_moe_reorder_b,0.118400,7.718800,0.378700,512x3200x1,256x1x1,1408x6x196x1
ffn_moe_up-2,kernel_gemm_moe_q4_0_f32_ns,0.112200,7.662400,8.557600,64x22x100,64x1x1,1408x6x196x1
ffn_moe_swiglu-2,kernel_swiglu,0.113000,15.324500,0.315100,602112x1x1,512x1x1,1408x6x196x1
ffn_moe_down-2,kernel_moe_reorder_b,0.134400,14.846300,0.312200,512x3200x1,256x1x1,2048x6x196x1
ffn_moe_down-2,kernel_gemm_moe_q4_0_f32_ns,0.098800,14.778100,8.549500,64x32x100,64x1x1,2048x6x196x1
ffn_moe_out-2,kernel_moe_combine_f32,0.119600,21.557501,0.206100,512x196x0,64x1x0,2048x196x1x1
ffn_gate-2,kernel_transpose_32_16,0.111000,21.061199,0.091000,512x50x0,1x16x0,2816x196x1x1
ffn_gate-2,kernel_gemm_noshuffle_q4_0_f32,0.116800,20.873199,0.971300,25x704x1,1x128x1,2816x196x1x1
ffn_up-2,kernel_transpose_32_16,0.101800,21.487700,0.084100,512x50x0,1x16x0,2816x196x1x1
ffn_up-2,kernel_gemm_noshuffle_q4_0_f32,0.114400,20.679600,0.970400,25x704x1,1x128x1,2816x196x1x1
ffn_swiglu-2,kernel_swiglu,0.111400,21.315201,0.124400,100352x1x1,512x1x1,2816x196x1x1
ffn_shexp-2,kernel_transpose_32_16,0.101600,21.024401,0.095000,704x50x0,1x16x0,2048x196x1x1
ffn_shexp-2,kernel_gemm_noshuffle_q4_0_f32,0.125200,20.567200,1.048600,25x512x1,1x128x1,2048x196x1x1
ffn_out-2,kernel_add,0.152600,20.568899,0.104200,12544x1x1,64x1x1,2048x196x1x1
l_out-2,kernel_add,0.119400,19.884501,0.104700,12544x1x1,64x1x1,2048x196x1x1
attn_norm-3,kernel_rms_norm_mul,0.096800,18.899401,0.101400,200704x1x1,1024x1x1,2048x196x1x1
q-3,kernel_transpose_32_16,0.087400,18.710300,0.076100,512x50x0,1x16x0,3072x196x1x1
q-3,kernel_gemm_noshuffle_q4_0_f32,0.115200,18.356400,1.040400,25x768x1,1x128x1,3072x196x1x1
q_pe-3,kernel_rope_norm_f32,0.112400,18.822901,0.076400,1024x196x1,64x1x1,64x16x196x1
Qcur-3,kernel_concat_f32,0.124800,18.505800,0.097000,1024x196x1,64x1x1,192x16x196x1
kv_cmpr_pe-3,kernel_transpose_32_16,0.103200,18.200800,0.089100,512x50x0,1x16x0,576x196x1x1
kv_cmpr_pe-3,kernel_gemm_noshuffle_q4_0_f32,0.150200,17.927099,0.466600,25x144x1,1x128x1,576x196x1x1
kv_cmpr-3,kernel_rms_norm_mul,0.143400,16.992500,0.071600,100352x1x1,512x1x1,512x196x1x1
kv-3,kernel_transpose_32_16,0.132600,16.607401,0.052800,128x50x0,1x16x0,4096x196x1x1
kv-3,kernel_gemm_noshuffle_q4_0_f32,0.140800,16.316099,0.371400,25x1024x1,1x128x1,4096x196x1x1
Vcur_cont-3,kernel_cpy_f32_f32,0.152200,16.318001,0.081200,1024x196x1,64x1x1,128x16x196x1
k_pe-3,kernel_rope_norm_f32,0.190200,15.914600,0.046400,64x196x1,64x1x1,64x1x196x1
node_186,kernel_repeat_f32,0.153400,15.593200,0.069600,1024x196x1,64x1x1,64x16x196x1
Kcur-3,kernel_concat_f32,0.168000,15.335000,0.100200,1024x196x1,64x1x1,192x16x196x1
cache_k_l3 (view),kernel_set_rows_f16_i64,0.177600,14.804700,0.088300,200704x1x1,1024x1x1,3072x4096x1x1
cache_v_l3 (view),kernel_set_rows_f16_i64,0.147400,14.526600,0.084400,200704x1x1,1024x1x1,2048x4096x1x1
node_198,flash_attn_blk_f16,0.147000,13.723100,0.091900,16x13x1,0x0x0,128x16x196x1
node_198,flash_attn_f32_f16,0.157000,13.211000,4.675200,208x16x0,16x1x0,128x16x196x1
node_200,kernel_transpose_32_16,0.132800,17.463900,0.078700,512x50x0,1x16x0,2048x196x1x1
node_200,kernel_gemm_noshuffle_q4_0_f32,0.125200,17.232100,0.778000,25x512x1,1x128x1,2048x196x1x1
ffn_inp-3,kernel_add,4.776200,12.989400,0.105200,12544x1x1,64x1x1,2048x196x1x1
ffn_norm-3,kernel_rms_norm_mul,4.377600,13.086400,0.102000,200704x1x1,1024x1x1,2048x196x1x1
ffn_moe_logits-3,kernel_mul_mm_f32_f32_l4_lm,3.865400,12.949800,0.509900,128x4x1,128x1x1,64x196x1x1
ffn_moe_probs-3,kernel_soft_max_4,3.513400,13.449500,0.048500,12544x1x1,64x1x1,64x196x1x1
ffn_moe_argsort-3,kernel_argsort_f32_i32,4.058800,12.479000,0.081000,64x196x1,64x1x1,64x196x1x1
ffn_moe_weights-3,kernel_get_rows_f32,3.674000,12.546900,0.053700,6x196x1,1x1x1,1x6x196x1
ffn_moe_topk-3,kernel_moe_histogram,3.939800,11.556300,0.045500,256x6x1,64x1x1,6x196x1x1
ffn_moe_topk-3,kernel_moe_scan,0.251000,0.043100,0.056400,1x0x0,1x0x0,6x196x1x1
ffn_moe_topk-3,kernel_moe_fill,0.209000,0.048000,0.044400,128x32x1,64x1x1,6x196x1x1
ffn_moe_topk-3,kernel_moe_scatter,0.219000,0.050300,0.045600,256x6x1,64x1x1,6x196x1x1
ffn_moe_gate-3,kernel_moe_reorder_b,0.199200,0.065700,0.383900,512x3200x1,256x1x1,1408x6x196x1
ffn_moe_gate-3,kernel_gemm_moe_q4_0_f32_ns,0.238400,0.049300,8.428000,64x22x100,64x1x1,1408x6x196x1
ffn_moe_up-3,kernel_moe_reorder_b,0.155000,7.612600,0.387200,512x3200x1,256x1x1,1408x6x196x1
ffn_moe_up-3,kernel_gemm_moe_q4_0_f32_ns,0.176800,7.575400,8.440500,64x22x100,64x1x1,1408x6x196x1
ffn_moe_swiglu-3,kernel_swiglu,0.113600,15.112800,0.316100,602112x1x1,512x1x1,1408x6x196x1
ffn_moe_down-3,kernel_moe_reorder_b,0.158400,15.060100,0.316600,512x3200x1,256x1x1,2048x6x196x1
ffn_moe_down-3,kernel_gemm_moe_q4_0_f32_ns,0.107400,15.059700,8.413100,64x32x100,64x1x1,2048x6x196x1
ffn_moe_out-3,kernel_moe_combine_f32,0.107600,22.419100,0.205000,512x196x0,64x1x0,2048x196x1x1
ffn_gate-3,kernel_transpose_32_16,0.101400,21.846399,0.091800,512x50x0,1x16x0,2816x196x1x1
ffn_gate-3,kernel_gemm_noshuffle_q4_0_f32,0.113600,21.618099,0.970400,25x704x1,1x128x1,2816x196x1x1
ffn_up-3,kernel_transpose_32_16,0.208400,21.589300,0.083000,512x50x0,1x16x0,2816x196x1x1
ffn_up-3,kernel_gemm_noshuffle_q4_0_f32,0.097000,21.351500,0.968700,25x704x1,1x128x1,2816x196x1x1
ffn_swiglu-3,kernel_swiglu,0.101600,22.084499,0.123700,100352x1x1,512x1x1,2816x196x1x1
ffn_shexp-3,kernel_transpose_32_16,0.114000,21.858299,0.095600,704x50x0,1x16x0,2048x196x1x1
ffn_shexp-3,kernel_gemm_noshuffle_q4_0_f32,0.111200,21.609699,1.052200,25x512x1,1x128x1,2048x196x1x1
ffn_out-3,kernel_add,0.103200,21.962299,0.105000,12544x1x1,64x1x1,2048x196x1x1
l_out-3,kernel_add,0.140200,20.860901,0.105200,12544x1x1,64x1x1,2048x196x1x1
attn_norm-4,kernel_rms_norm_mul,0.102200,20.260300,0.101900,200704x1x1,1024x1x1,2048x196x1x1
q-4,kernel_transpose_32_16,0.106400,19.783701,0.076100,512x50x0,1x16x0,3072x196x1x1
q-4,kernel_gemm_noshuffle_q4_0_f32,0.118600,19.193300,1.040100,25x768x1,1x128x1,3072x196x1x1
q_pe-4,kernel_rope_norm_f32,0.132600,19.313299,0.076000,1024x196x1,64x1x1,64x16x196x1
Qcur-4,kernel_concat_f32,0.150600,18.899900,0.097000,1024x196x1,64x1x1,192x16x196x1
kv_cmpr_pe-4,kernel_transpose_32_16,0.090400,18.737700,0.088900,512x50x0,1x16x0,576x196x1x1
kv_cmpr_pe-4,kernel_gemm_noshuffle_q4_0_f32,0.105600,18.609301,0.470900,25x144x1,1x128x1,576x196x1x1
kv_cmpr-4,kernel_rms_norm_mul,0.093200,18.059299,0.071300,100352x1x1,512x1x1,512x196x1x1
kv-4,kernel_transpose_32_16,0.087400,17.860500,0.052700,128x50x0,1x16x0,4096x196x1x1
kv-4,kernel_gemm_noshuffle_q4_0_f32,0.105000,17.700600,0.370800,25x1024x1,1x128x1,4096x196x1x1
Vcur_cont-4,kernel_cpy_f32_f32,0.147400,15.922100,0.081300,1024x196x1,64x1x1,128x16x196x1
k_pe-4,kernel_rope_norm_f32,0.143000,15.515700,0.046600,64x196x1,64x1x1,64x1x196x1
node_250,kernel_repeat_f32,0.204600,14.855000,0.069800,1024x196x1,64x1x1,64x16x196x1
Kcur-4,kernel_concat_f32,0.131600,14.492700,0.100400,1024x196x1,64x1x1,192x16x196x1
cache_k_l4 (view),kernel_set_rows_f16_i64,0.117200,14.075700,0.088600,200704x1x1,1024x1x1,3072x4096x1x1
cache_v_l4 (view),kernel_set_rows_f16_i64,0.111200,13.768000,0.083900,200704x1x1,1024x1x1,2048x4096x1x1
node_262,flash_attn_blk_f16,0.124000,12.384700,0.092500,16x13x1,0x0x0,128x16x196x1
node_262,flash_attn_f32_f16,0.170000,11.691100,4.701700,208x16x0,16x1x0,128x16x196x1
node_264,kernel_transpose_32_16,0.114600,15.811000,0.078200,512x50x0,1x16x0,2048x196x1x1
node_264,kernel_gemm_noshuffle_q4_0_f32,0.143600,15.446300,0.779700,25x512x1,1x128x1,2048x196x1x1
ffn_inp-4,kernel_add,2.665800,13.101300,0.105100,12544x1x1,64x1x1,2048x196x1x1
ffn_norm-4,kernel_rms_norm_mul,2.382600,13.115800,0.102200,200704x1x1,1024x1x1,2048x196x1x1
ffn_moe_logits-4,kernel_mul_mm_f32_f32_l4_lm,2.097200,13.005600,0.506000,128x4x1,128x1x1,64x196x1x1
ffn_moe_probs-4,kernel_soft_max_4,1.775400,13.497300,0.048300,12544x1x1,64x1x1,64x196x1x1
ffn_moe_argsort-4,kernel_argsort_f32_i32,2.476000,12.528300,0.080600,64x196x1,64x1x1,64x196x1x1
ffn_moe_weights-4,kernel_get_rows_f32,1.707000,12.595400,0.053400,6x196x1,1x1x1,1x6x196x1
ffn_moe_topk-4,kernel_moe_histogram,2.238200,11.501200,0.044800,256x6x1,64x1x1,6x196x1x1
ffn_moe_topk-4,kernel_moe_scan,0.136000,0.234000,0.058600,1x0x0,1x0x0,6x196x1x1
ffn_moe_topk-4,kernel_moe_fill,0.278000,0.060900,0.044300,128x32x1,64x1x1,6x196x1x1
ffn_moe_topk-4,kernel_moe_scatter,0.146000,0.041700,0.045400,256x6x1,64x1x1,6x196x1x1
ffn_moe_gate-4,kernel_moe_reorder_b,0.152400,0.095000,0.384200,512x3200x1,256x1x1,1408x6x196x1
ffn_moe_gate-4,kernel_gemm_moe_q4_0_f32_ns,0.176000,0.255200,8.409500,64x22x100,64x1x1,1408x6x196x1
ffn_moe_up-4,kernel_moe_reorder_b,0.137000,6.992000,0.390300,512x3200x1,256x1x1,1408x6x196x1
ffn_moe_up-4,kernel_gemm_moe_q4_0_f32_ns,0.128400,6.570100,8.411000,64x22x100,64x1x1,1408x6x196x1
ffn_moe_swiglu-4,kernel_swiglu,0.193800,14.523000,0.315400,602112x1x1,512x1x1,1408x6x196x1
ffn_moe_down-4,kernel_moe_reorder_b,0.125600,14.455000,0.318800,512x3200x1,256x1x1,2048x6x196x1
ffn_moe_down-4,kernel_gemm_moe_q4_0_f32_ns,0.205800,14.085500,8.425600,64x32x100,64x1x1,2048x6x196x1
ffn_moe_out-4,kernel_moe_combine_f32,0.249600,21.073799,0.207700,512x196x0,64x1x0,2048x196x1x1
ffn_gate-4,kernel_transpose_32_16,0.139000,20.469601,0.089800,512x50x0,1x16x0,2816x196x1x1
ffn_gate-4,kernel_gemm_noshuffle_q4_0_f32,0.145400,20.212000,0.969600,25x704x1,1x128x1,2816x196x1x1
ffn_up-4,kernel_transpose_32_16,0.133000,20.163300,0.083900,512x50x0,1x16x0,2816x196x1x1
ffn_up-4,kernel_gemm_noshuffle_q4_0_f32,0.148000,19.688200,0.973200,25x704x1,1x128x1,2816x196x1x1
ffn_swiglu-4,kernel_swiglu,0.151600,20.176701,0.127400,100352x1x1,512x1x1,2816x196x1x1
ffn_shexp-4,kernel_transpose_32_16,0.117400,20.028299,0.096300,704x50x0,1x16x0,2048x196x1x1
ffn_shexp-4,kernel_gemm_noshuffle_q4_0_f32,0.123600,19.803600,1.050400,25x512x1,1x128x1,2048x196x1x1
ffn_out-4,kernel_add,0.113200,19.954599,0.105200,12544x1x1,64x1x1,2048x196x1x1
l_out-4,kernel_add,0.124000,19.233500,0.105600,12544x1x1,64x1x1,2048x196x1x1
attn_norm-5,kernel_rms_norm_mul,0.113600,18.362900,0.102300,200704x1x1,1024x1x1,2048x196x1x1
q-5,kernel_transpose_32_16,0.109400,18.007601,0.075600,512x50x0,1x16x0,3072x196x1x1
q-5,kernel_gemm_noshuffle_q4_0_f32,0.116400,17.780399,1.037100,25x768x1,1x128x1,3072x196x1x1
q_pe-5,kernel_rope_norm_f32,0.109600,18.302299,0.076500,1024x196x1,64x1x1,64x16x196x1
Qcur-5,kernel_concat_f32,0.114600,17.982100,0.097800,1024x196x1,64x1x1,192x16x196x1
kv_cmpr_pe-5,kernel_transpose_32_16,0.102400,17.581400,0.089000,512x50x0,1x16x0,576x196x1x1
kv_cmpr_pe-5,kernel_gemm_noshuffle_q4_0_f32,0.110400,17.408300,0.468000,25x144x1,1x128x1,576x196x1x1
kv_cmpr-5,kernel_rms_norm_mul,0.105600,16.903500,0.071500,100352x1x1,512x1x1,512x196x1x1
kv-5,kernel_transpose_32_16,0.101400,16.669500,0.053100,128x50x0,1x16x0,4096x196x1x1
kv-5,kernel_gemm_noshuffle_q4_0_f32,0.112600,16.252600,0.371200,25x1024x1,1x128x1,4096x196x1x1
Vcur_cont-5,kernel_cpy_f32_f32,0.115000,16.226500,0.080900,1024x196x1,64x1x1,128x16x196x1
k_pe-5,kernel_rope_norm_f32,0.134600,15.529300,0.046700,64x196x1,64x1x1,64x1x196x1
node_314,kernel_repeat_f32,0.115400,15.031100,0.069800,1024x196x1,64x1x1,64x16x196x1
Kcur-5,kernel_concat_f32,0.116600,14.738700,0.099700,1024x196x1,64x1x1,192x16x196x1
cache_k_l5 (view),kernel_set_rows_f16_i64,0.122200,14.413400,0.088900,200704x1x1,1024x1x1,3072x4096x1x1
cache_v_l5 (view),kernel_set_rows_f16_i64,0.101400,14.211100,0.084800,200704x1x1,1024x1x1,2048x4096x1x1
node_326,flash_attn_blk_f16,0.118400,13.911700,0.091300,16x13x1,0x0x0,128x16x196x1
node_326,flash_attn_f32_f16,0.124800,13.513500,4.736200,208x16x0,16x1x0,128x16x196x1
node_328,kernel_transpose_32_16,0.094600,17.932501,0.078300,512x50x0,1x16x0,2048x196x1x1
node_328,kernel_gemm_noshuffle_q4_0_f32,0.095400,17.803499,0.778600,25x512x1,1x128x1,2048x196x1x1
ffn_inp-5,kernel_add,5.159200,13.080900,0.102700,12544x1x1,64x1x1,2048x196x1x1
ffn_norm-5,kernel_rms_norm_mul,4.860000,13.170500,0.102600,200704x1x1,1024x1x1,2048x196x1x1
ffn_moe_logits-5,kernel_mul_mm_f32_f32_l4_lm,4.869200,12.989000,0.503500,128x4x1,128x1x1,64x196x1x1
ffn_moe_probs-5,kernel_soft_max_4,3.694200,13.480200,0.048700,12544x1x1,64x1x1,64x196x1x1
ffn_moe_argsort-5,kernel_argsort_f32_i32,4.435000,12.517700,0.080500,64x196x1,64x1x1,64x196x1x1
ffn_moe_weights-5,kernel_get_rows_f32,4.091800,12.590500,0.053500,6x196x1,1x1x1,1x6x196x1
ffn_moe_topk-5,kernel_moe_histogram,1.302800,11.593900,0.045600,256x6x1,64x1x1,6x196x1x1
ffn_moe_topk-5,kernel_moe_scan,0.137200,0.042200,0.056400,1x0x0,1x0x0,6x196x1x1
ffn_moe_topk-5,kernel_moe_fill,0.176800,0.054800,0.045500,128x32x1,64x1x1,6x196x1x1
ffn_moe_topk-5,kernel_moe_scatter,0.136400,0.044400,0.045600,256x6x1,64x1x1,6x196x1x1
ffn_moe_gate-5,kernel_moe_reorder_b,0.180800,0.087400,0.392700,512x3200x1,256x1x1,1408x6x196x1
ffn_moe_gate-5,kernel_gemm_moe_q4_0_f32_ns,0.152000,0.057000,8.720100,64x22x100,64x1x1,1408x6x196x1
ffn_moe_up-5,kernel_moe_reorder_b,0.155400,8.160900,0.396000,512x3200x1,256x1x1,1408x6x196x1
ffn_moe_up-5,kernel_gemm_moe_q4_0_f32_ns,0.154600,7.616800,8.740000,64x22x100,64x1x1,1408x6x196x1
ffn_moe_swiglu-5,kernel_swiglu,0.148600,14.813200,0.316500,602112x1x1,512x1x1,1408x6x196x1
ffn_moe_down-5,kernel_moe_reorder_b,0.143200,14.286600,0.321000,512x3200x1,256x1x1,2048x6x196x1
ffn_moe_down-5,kernel_gemm_moe_q4_0_f32_ns,0.183200,13.792900,8.686100,64x32x100,64x1x1,2048x6x196x1
ffn_moe_out-5,kernel_moe_combine_f32,0.138400,21.249599,0.207300,512x196x0,64x1x0,2048x196x1x1
ffn_gate-5,kernel_transpose_32_16,0.131600,20.607201,0.090700,512x50x0,1x16x0,2816x196x1x1
ffn_gate-5,kernel_gemm_noshuffle_q4_0_f32,0.139200,20.187500,0.969300,25x704x1,1x128x1,2816x196x1x1
ffn_up-5,kernel_transpose_32_16,0.262600,20.495800,0.082300,512x50x0,1x16x0,2816x196x1x1
ffn_up-5,kernel_gemm_noshuffle_q4_0_f32,0.355200,19.637501,0.972200,25x704x1,1x128x1,2816x196x1x1
ffn_swiglu-5,kernel_swiglu,0.142400,20.258699,0.123500,100352x1x1,512x1x1,2816x196x1x1
ffn_shexp-5,kernel_transpose_32_16,0.131600,19.419500,0.095600,704x50x0,1x16x0,2048x196x1x1
ffn_shexp-5,kernel_gemm_noshuffle_q4_0_f32,0.140800,19.191700,1.051800,25x512x1,1x128x1,2048x196x1x1
ffn_out-5,kernel_add,0.142800,19.776400,0.104500,12544x1x1,64x1x1,2048x196x1x1
l_out-5,kernel_add,0.122800,18.860600,0.106300,12544x1x1,64x1x1,2048x196x1x1
attn_norm-6,kernel_rms_norm_mul,0.119600,18.631701,0.101800,200704x1x1,1024x1x1,2048x196x1x1
q-6,kernel_transpose_32_16,0.131800,18.129400,0.077000,512x50x0,1x16x0,3072x196x1x1
q-6,kernel_gemm_noshuffle_q4_0_f32,0.143400,17.773899,1.037800,25x768x1,1x128x1,3072x196x1x1
q_pe-6,kernel_rope_norm_f32,0.144200,18.275200,0.076000,1024x196x1,64x1x1,64x16x196x1
Qcur-6,kernel_concat_f32,0.148600,17.734100,0.097200,1024x196x1,64x1x1,192x16x196x1
kv_cmpr_pe-6,kernel_transpose_32_16,0.129400,17.426901,0.088300,512x50x0,1x16x0,576x196x1x1
kv_cmpr_pe-6,kernel_gemm_noshuffle_q4_0_f32,0.218600,16.908800,0.464800,25x144x1,1x128x1,576x196x1x1
kv_cmpr-6,kernel_rms_norm_mul,0.137200,16.676901,0.071400,100352x1x1,512x1x1,512x196x1x1
kv-6,kernel_transpose_32_16,0.132200,16.266300,0.053100,128x50x0,1x16x0,4096x196x1x1
kv-6,kernel_gemm_noshuffle_q4_0_f32,0.117800,15.956200,0.377600,25x1024x1,1x128x1,4096x196x1x1
Vcur_cont-6,kernel_cpy_f32_f32,0.102200,15.167800,0.080900,1024x196x1,64x1x1,128x16x196x1
k_pe-6,kernel_rope_norm_f32,0.092800,14.905700,0.046500,64x196x1,64x1x1,64x1x196x1
node_378,kernel_repeat_f32,0.117000,14.639000,0.069600,1024x196x1,64x1x1,64x16x196x1
Kcur-6,kernel_concat_f32,0.178800,14.144800,0.099700,1024x196x1,64x1x1,192x16x196x1
cache_k_l6 (view),kernel_set_rows_f16_i64,0.113800,13.166000,0.088500,200704x1x1,1024x1x1,3072x4096x1x1
cache_v_l6 (view),kernel_set_rows_f16_i64,0.095800,12.801400,0.084600,200704x1x1,1024x1x1,2048x4096x1x1
node_390,flash_attn_blk_f16,0.105200,11.965000,0.091700,16x13x1,0x0x0,128x16x196x1
node_390,flash_attn_f32_f16,0.107800,11.453200,4.690000,208x16x0,16x1x0,128x16x196x1
node_392,kernel_transpose_32_16,0.094400,15.581100,0.078000,512x50x0,1x16x0,2048x196x1x1
node_392,kernel_gemm_noshuffle_q4_0_f32,0.123800,15.097200,0.779200,25x512x1,1x128x1,2048x196x1x1
ffn_inp-6,kernel_add,2.539800,12.928500,0.104800,12544x1x1,64x1x1,2048x196x1x1
ffn_norm-6,kernel_rms_norm_mul,1.600200,12.844700,0.102300,200704x1x1,1024x1x1,2048x196x1x1
ffn_moe_logits-6,kernel_mul_mm_f32_f32_l4_lm,1.323800,12.898700,0.499900,128x4x1,128x1x1,64x196x1x1
ffn_moe_probs-6,kernel_soft_max_4,0.705600,13.355100,0.048500,12544x1x1,64x1x1,64x196x1x1
ffn_moe_argsort-6,kernel_argsort_f32_i32,0.682000,12.442100,0.080100,64x196x1,64x1x1,64x196x1x1
ffn_moe_weights-6,kernel_get_rows_f32,0.416000,12.510200,0.053000,6x196x1,1x1x1,1x6x196x1
ffn_moe_topk-6,kernel_moe_histogram,0.541200,11.500100,0.045100,256x6x1,64x1x1,6x196x1x1
ffn_moe_topk-6,kernel_moe_scan,0.126000,0.057100,0.057000,1x0x0,1x0x0,6x196x1x1
ffn_moe_topk-6,kernel_moe_fill,0.529600,0.238100,0.046700,128x32x1,64x1x1,6x196x1x1
ffn_moe_topk-6,kernel_moe_scatter,0.315200,0.260400,0.048600,256x6x1,64x1x1,6x196x1x1
ffn_moe_gate-6,kernel_moe_reorder_b,0.157400,0.103800,0.391900,512x3200x1,256x1x1,1408x6x196x1
ffn_moe_gate-6,kernel_gemm_moe_q4_0_f32_ns,0.251400,0.048800,8.454300,64x22x100,64x1x1,1408x6x196x1
ffn_moe_up-6,kernel_moe_reorder_b,0.123000,7.750100,0.395700,512x3200x1,256x1x1,1408x6x196x1
ffn_moe_up-6,kernel_gemm_moe_q4_0_f32_ns,0.114800,7.814300,8.441400,64x22x100,64x1x1,1408x6x196x1
ffn_moe_swiglu-6,kernel_swiglu,0.115400,15.843100,0.315300,602112x1x1,512x1x1,1408x6x196x1
ffn_moe_down-6,kernel_moe_reorder_b,0.114400,15.406300,0.322900,512x3200x1,256x1x1,2048x6x196x1
ffn_moe_down-6,kernel_gemm_moe_q4_0_f32_ns,0.153800,15.299000,8.455200,64x32x100,64x1x1,2048x6x196x1
ffn_moe_out-6,kernel_moe_combine_f32,0.141400,22.316000,0.204000,512x196x0,64x1x0,2048x196x1x1
ffn_gate-6,kernel_transpose_32_16,0.119200,22.114599,0.090500,512x50x0,1x16x0,2816x196x1x1
ffn_gate-6,kernel_gemm_noshuffle_q4_0_f32,0.151000,21.802000,0.970300,25x704x1,1x128x1,2816x196x1x1
ffn_up-6,kernel_transpose_32_16,0.130600,22.209000,0.082500,512x50x0,1x16x0,2816x196x1x1
ffn_up-6,kernel_gemm_noshuffle_q4_0_f32,0.139200,21.605700,0.970600,25x704x1,1x128x1,2816x196x1x1
ffn_swiglu-6,kernel_swiglu,0.139600,22.085501,0.123700,100352x1x1,512x1x1,2816x196x1x1
ffn_shexp-6,kernel_transpose_32_16,0.131400,21.249500,0.095700,704x50x0,1x16x0,2048x196x1x1
ffn_shexp-6,kernel_gemm_noshuffle_q4_0_f32,0.215600,20.765900,1.049100,25x512x1,1x128x1,2048x196x1x1
ffn_out-6,kernel_add,0.171800,21.166401,0.104600,12544x1x1,64x1x1,2048x196x1x1
l_out-6,kernel_add,0.149800,20.795099,0.104900,12544x1x1,64x1x1,2048x196x1x1
attn_norm-7,kernel_rms_norm_mul,0.150400,20.251400,0.101600,200704x1x1,1024x1x1,2048x196x1x1
q-7,kernel_transpose_32_16,0.147200,19.268200,0.076300,512x50x0,1x16x0,3072x196x1x1
q-7,kernel_gemm_noshuffle_q4_0_f32,0.144400,19.008499,1.043400,25x768x1,1x128x1,3072x196x1x1
q_pe-7,kernel_rope_norm_f32,0.140800,19.326700,0.075400,1024x196x1,64x1x1,64x16x196x1
Qcur-7,kernel_concat_f32,0.159800,18.961700,0.096900,1024x196x1,64x1x1,192x16x196x1
kv_cmpr_pe-7,kernel_transpose_32_16,0.134600,18.583401,0.089100,512x50x0,1x16x0,576x196x1x1
kv_cmpr_pe-7,kernel_gemm_noshuffle_q4_0_f32,0.148000,18.035601,0.467600,25x144x1,1x128x1,576x196x1x1
kv_cmpr-7,kernel_rms_norm_mul,0.148600,17.384100,0.071400,100352x1x1,512x1x1,512x196x1x1
kv-7,kernel_transpose_32_16,0.134200,17.006100,0.053100,128x50x0,1x16x0,4096x196x1x1
kv-7,kernel_gemm_noshuffle_q4_0_f32,0.150400,16.573200,0.367300,25x1024x1,1x128x1,4096x196x1x1
Vcur_cont-7,kernel_cpy_f32_f32,0.150200,16.560101,0.081900,1024x196x1,64x1x1,128x16x196x1
k_pe-7,kernel_rope_norm_f32,0.153400,15.937700,0.046600,64x196x1,64x1x1,64x1x196x1
node_442,kernel_repeat_f32,0.163800,15.669800,0.069400,1024x196x1,64x1x1,64x16x196x1
Kcur-7,kernel_concat_f32,0.130200,15.373800,0.099700,1024x196x1,64x1x1,192x16x196x1
cache_k_l7 (view),kernel_set_rows_f16_i64,0.145200,14.919100,0.088400,200704x1x1,1024x1x1,3072x4096x1x1
cache_v_l7 (view),kernel_set_rows_f16_i64,0.145000,14.549700,0.084400,200704x1x1,1024x1x1,2048x4096x1x1
node_454,flash_attn_blk_f16,0.131400,14.094600,0.092500,16x13x1,0x0x0,128x16x196x1
node_454,flash_attn_f32_f16,0.135800,13.741500,4.689500,208x16x0,16x1x0,128x16x196x1
node_456,kernel_transpose_32_16,0.140000,18.092899,0.078500,512x50x0,1x16x0,2048x196x1x1
node_456,kernel_gemm_noshuffle_q4_0_f32,0.144400,17.735100,0.777200,25x512x1,1x128x1,2048x196x1x1
ffn_inp-7,kernel_add,4.514200,12.817700,0.102600,12544x1x1,64x1x1,2048x196x1x1
ffn_norm-7,kernel_rms_norm_mul,4.072800,12.870700,0.101100,200704x1x1,1024x1x1,2048x196x1x1
ffn_moe_logits-7,kernel_mul_mm_f32_f32_l4_lm,3.697000,12.954600,0.509200,128x4x1,128x1x1,64x196x1x1
ffn_moe_probs-7,kernel_soft_max_4,3.334400,13.433500,0.048300,12544x1x1,64x1x1,64x196x1x1
ffn_moe_argsort-7,kernel_argsort_f32_i32,4.167800,12.368200,0.080800,64x196x1,64x1x1,64x196x1x1
ffn_moe_weights-7,kernel_get_rows_f32,3.429000,12.379400,0.053700,6x196x1,1x1x1,1x6x196x1
ffn_moe_topk-7,kernel_moe_histogram,4.062800,11.486800,0.044600,256x6x1,64x1x1,6x196x1x1
ffn_moe_topk-7,kernel_moe_scan,0.247000,0.054700,0.056500,1x0x0,1x0x0,6x196x1x1
ffn_moe_topk-7,kernel_moe_fill,0.099800,0.268500,0.047000,128x32x1,64x1x1,6x196x1x1
ffn_moe_topk-7,kernel_moe_scatter,0.096200,0.099000,0.045700,256x6x1,64x1x1,6x196x1x1
ffn_moe_gate-7,kernel_moe_reorder_b,0.176000,0.042300,0.391700,512x3200x1,256x1x1,1408x6x196x1
ffn_moe_gate-7,kernel_gemm_moe_q4_0_f32_ns,0.125800,0.042100,8.681900,64x22x100,64x1x1,1408x6x196x1
ffn_moe_up-7,kernel_moe_reorder_b,0.122000,7.921900,0.397900,512x3200x1,256x1x1,1408x6x196x1
ffn_moe_up-7,kernel_gemm_moe_q4_0_f32_ns,0.117000,7.995300,8.676300,64x22x100,64x1x1,1408x6x196x1
ffn_moe_swiglu-7,kernel_swiglu,0.112000,16.260201,0.314000,602112x1x1,512x1x1,1408x6x196x1
ffn_moe_down-7,kernel_moe_reorder_b,0.110800,15.841300,0.325300,512x3200x1,256x1x1,2048x6x196x1
ffn_moe_down-7,kernel_gemm_moe_q4_0_f32_ns,0.111200,15.744200,8.578200,64x32x100,64x1x1,2048x6x196x1
ffn_moe_out-7,kernel_moe_combine_f32,0.110800,23.636900,0.204500,512x196x0,64x1x0,2048x196x1x1
ffn_gate-7,kernel_transpose_32_16,0.100000,23.395201,0.089900,512x50x0,1x16x0,2816x196x1x1
ffn_gate-7,kernel_gemm_noshuffle_q4_0_f32,0.114400,22.936899,0.970800,25x704x1,1x128x1,2816x196x1x1
ffn_up-7,kernel_transpose_32_16,0.102000,22.972200,0.081900,512x50x0,1x16x0,2816x196x1x1
ffn_up-7,kernel_gemm_noshuffle_q4_0_f32,0.109600,22.750099,0.971500,25x704x1,1x128x1,2816x196x1x1
ffn_swiglu-7,kernel_swiglu,0.110800,23.255301,0.123500,100352x1x1,512x1x1,2816x196x1x1
ffn_shexp-7,kernel_transpose_32_16,0.115000,22.928900,0.095900,704x50x0,1x16x0,2048x196x1x1
ffn_shexp-7,kernel_gemm_noshuffle_q4_0_f32,0.120600,22.577299,1.049600,25x512x1,1x128x1,2048x196x1x1
ffn_out-7,kernel_add,0.115800,23.176100,0.105000,12544x1x1,64x1x1,2048x196x1x1
l_out-7,kernel_add,0.169200,22.380699,0.106200,12544x1x1,64x1x1,2048x196x1x1
attn_norm-8,kernel_rms_norm_mul,0.220800,21.886600,0.101800,200704x1x1,1024x1x1,2048x196x1x1
q-8,kernel_transpose_32_16,0.140600,21.451401,0.075700,512x50x0,1x16x0,3072x196x1x1
q-8,kernel_gemm_noshuffle_q4_0_f32,0.154000,20.804800,1.040300,25x768x1,1x128x1,3072x196x1x1
q_pe-8,kernel_rope_norm_f32,0.120400,21.252800,0.076100,1024x196x1,64x1x1,64x16x196x1
Qcur-8,kernel_concat_f32,0.128400,20.793600,0.096900,1024x196x1,64x1x1,192x16x196x1
kv_cmpr_pe-8,kernel_transpose_32_16,0.138600,20.462299,0.089600,512x50x0,1x16x0,576x196x1x1
kv_cmpr_pe-8,kernel_gemm_noshuffle_q4_0_f32,0.140200,20.171101,0.470100,25x144x1,1x128x1,576x196x1x1
kv_cmpr-8,kernel_rms_norm_mul,0.117200,20.146700,0.071200,100352x1x1,512x1x1,512x196x1x1
kv-8,kernel_transpose_32_16,0.157000,19.529400,0.053100,128x50x0,1x16x0,4096x196x1x1
kv-8,kernel_gemm_noshuffle_q4_0_f32,0.151200,19.080799,0.372500,25x1024x1,1x128x1,4096x196x1x1
Vcur_cont-8,kernel_cpy_f32_f32,0.134800,18.145800,0.081100,1024x196x1,64x1x1,128x16x196x1
k_pe-8,kernel_rope_norm_f32,0.132800,17.797199,0.046700,64x196x1,64x1x1,64x1x196x1
node_506,kernel_repeat_f32,0.137800,17.131100,0.069700,1024x196x1,64x1x1,64x16x196x1
Kcur-8,kernel_concat_f32,0.127400,16.631399,0.100000,1024x196x1,64x1x1,192x16x196x1
cache_k_l8 (view),kernel_set_rows_f16_i64,0.132200,14.733200,0.088500,200704x1x1,1024x1x1,3072x4096x1x1
cache_v_l8 (view),kernel_set_rows_f16_i64,0.140000,14.175000,0.084700,200704x1x1,1024x1x1,2048x4096x1x1
node_518,flash_attn_blk_f16,0.163600,13.583600,0.092100,16x13x1,0x0x0,128x16x196x1
node_518,flash_attn_f32_f16,0.156000,13.070200,4.722000,208x16x0,16x1x0,128x16x196x1
node_520,kernel_transpose_32_16,0.184000,15.925200,0.078000,512x50x0,1x16x0,2048x196x1x1
node_520,kernel_gemm_noshuffle_q4_0_f32,0.133800,15.632400,0.778900,25x512x1,1x128x1,2048x196x1x1
ffn_inp-8,kernel_add,3.238400,12.980900,0.105200,12544x1x1,64x1x1,2048x196x1x1
ffn_norm-8,kernel_rms_norm_mul,2.819400,13.075400,0.101900,200704x1x1,1024x1x1,2048x196x1x1
ffn_moe_logits-8,kernel_mul_mm_f32_f32_l4_lm,2.457600,13.168300,0.512100,128x4x1,128x1x1,64x196x1x1
ffn_moe_probs-8,kernel_soft_max_4,2.192200,13.596100,0.048100,12544x1x1,64x1x1,64x196x1x1
ffn_moe_argsort-8,kernel_argsort_f32_i32,3.165800,12.434600,0.080800,64x196x1,64x1x1,64x196x1x1
ffn_moe_weights-8,kernel_get_rows_f32,2.340800,12.505300,0.053000,6x196x1,1x1x1,1x6x196x1
ffn_moe_topk-8,kernel_moe_histogram,3.072200,11.451000,0.044800,256x6x1,64x1x1,6x196x1x1
ffn_moe_topk-8,kernel_moe_scan,0.174000,0.050100,0.056400,1x0x0,1x0x0,6x196x1x1
ffn_moe_topk-8,kernel_moe_fill,0.331200,0.285000,0.047000,128x32x1,64x1x1,6x196x1x1
ffn_moe_topk-8,kernel_moe_scatter,0.221800,0.052600,0.045900,256x6x1,64x1x1,6x196x1x1
ffn_moe_gate-8,kernel_moe_reorder_b,0.107200,0.043300,0.394500,512x3200x1,256x1x1,1408x6x196x1
ffn_moe_gate-8,kernel_gemm_moe_q4_0_f32_ns,0.096200,0.254300,8.686300,64x22x100,64x1x1,1408x6x196x1
ffn_moe_up-8,kernel_moe_reorder_b,0.098600,8.124400,0.400700,512x3200x1,256x1x1,1408x6x196x1
ffn_moe_up-8,kernel_gemm_moe_q4_0_f32_ns,0.097600,7.240400,8.696000,64x22x100,64x1x1,1408x6x196x1
ffn_moe_swiglu-8,kernel_swiglu,0.096800,15.471500,0.315900,602112x1x1,512x1x1,1408x6x196x1
ffn_moe_down-8,kernel_moe_reorder_b,0.151400,11.130200,0.324500,512x3200x1,256x1x1,2048x6x196x1
ffn_moe_down-8,kernel_gemm_moe_q4_0_f32_ns,0.159600,9.954400,8.662800,64x32x100,64x1x1,2048x6x196x1
ffn_moe_out-8,kernel_moe_combine_f32,0.123000,17.300100,0.206900,512x196x0,64x1x0,2048x196x1x1
ffn_gate-8,kernel_transpose_32_16,0.114200,16.841801,0.090700,512x50x0,1x16x0,2816x196x1x1
ffn_gate-8,kernel_gemm_noshuffle_q4_0_f32,0.122600,16.548599,0.971000,25x704x1,1x128x1,2816x196x1x1
ffn_up-8,kernel_transpose_32_16,0.105200,16.655899,0.083000,512x50x0,1x16x0,2816x196x1x1
ffn_up-8,kernel_gemm_noshuffle_q4_0_f32,0.116200,16.222000,0.971900,25x704x1,1x128x1,2816x196x1x1
ffn_swiglu-8,kernel_swiglu,0.114600,16.661501,0.123200,100352x1x1,512x1x1,2816x196x1x1
ffn_shexp-8,kernel_transpose_32_16,0.104800,16.350401,0.097200,704x50x0,1x16x0,2048x196x1x1
ffn_shexp-8,kernel_gemm_noshuffle_q4_0_f32,0.114600,16.164700,1.052300,25x512x1,1x128x1,2048x196x1x1
ffn_out-8,kernel_add,0.112000,16.823099,0.103700,12544x1x1,64x1x1,2048x196x1x1
l_out-8,kernel_add,0.111800,16.156500,0.105400,12544x1x1,64x1x1,2048x196x1x1
attn_norm-9,kernel_rms_norm_mul,0.110000,15.106800,0.102300,200704x1x1,1024x1x1,2048x196x1x1
q-9,kernel_transpose_32_16,0.108200,14.883900,0.075400,512x50x0,1x16x0,3072x196x1x1
q-9,kernel_gemm_noshuffle_q4_0_f32,0.112800,14.323900,1.042300,25x768x1,1x128x1,3072x196x1x1
q_pe-9,kernel_rope_norm_f32,0.120000,14.696000,0.076300,1024x196x1,64x1x1,64x16x196x1
Qcur-9,kernel_concat_f32,0.142200,14.082100,0.097100,1024x196x1,64x1x1,192x16x196x1
kv_cmpr_pe-9,kernel_transpose_32_16,0.114000,13.826500,0.089500,512x50x0,1x16x0,576x196x1x1
kv_cmpr_pe-9,kernel_gemm_noshuffle_q4_0_f32,0.117200,13.617600,0.468500,25x144x1,1x128x1,576x196x1x1
kv_cmpr-9,kernel_rms_norm_mul,0.115000,13.625300,0.071600,100352x1x1,512x1x1,512x196x1x1
kv-9,kernel_transpose_32_16,0.103000,12.927200,0.053000,128x50x0,1x16x0,4096x196x1x1
kv-9,kernel_gemm_noshuffle_q4_0_f32,0.113200,12.708000,0.377100,25x1024x1,1x128x1,4096x196x1x1
Vcur_cont-9,kernel_cpy_f32_f32,0.116400,12.479100,0.080900,1024x196x1,64x1x1,128x16x196x1
k_pe-9,kernel_rope_norm_f32,0.152400,12.125900,0.046400,64x196x1,64x1x1,64x1x196x1
node_570,kernel_repeat_f32,0.141000,11.591800,0.069900,1024x196x1,64x1x1,64x16x196x1
Kcur-9,kernel_concat_f32,0.152400,11.229500,0.099800,1024x196x1,64x1x1,192x16x196x1
cache_k_l9 (view),kernel_set_rows_f16_i64,0.146000,10.937500,0.088100,200704x1x1,1024x1x1,3072x4096x1x1
cache_v_l9 (view),kernel_set_rows_f16_i64,0.135400,10.522200,0.084700,200704x1x1,1024x1x1,2048x4096x1x1
node_582,flash_attn_blk_f16,0.165400,10.119800,0.091900,16x13x1,0x0x0,128x16x196x1
node_582,flash_attn_f32_f16,0.156000,9.650000,4.660700,208x16x0,16x1x0,128x16x196x1
node_584,kernel_transpose_32_16,0.116000,13.954500,0.078500,512x50x0,1x16x0,2048x196x1x1
node_584,kernel_gemm_noshuffle_q4_0_f32,0.124800,13.763300,0.777500,25x512x1,1x128x1,2048x196x1x1
ffn_inp-9,kernel_add,1.099000,13.011100,0.105000,12544x1x1,64x1x1,2048x196x1x1
ffn_norm-9,kernel_rms_norm_mul,0.654400,13.103700,0.102100,200704x1x1,1024x1x1,2048x196x1x1
ffn_moe_logits-9,kernel_mul_mm_f32_f32_l4_lm,0.143800,11.544400,0.510900,128x4x1,128x1x1,64x196x1x1
ffn_moe_probs-9,kernel_soft_max_4,0.131400,11.586900,0.048300,12544x1x1,64x1x1,64x196x1x1
ffn_moe_argsort-9,kernel_argsort_f32_i32,0.141200,10.987500,0.081300,64x196x1,64x1x1,64x196x1x1
ffn_moe_weights-9,kernel_get_rows_f32,0.158800,9.481200,0.053100,6x196x1,1x1x1,1x6x196x1
ffn_moe_topk-9,kernel_moe_histogram,0.125600,8.951600,0.045000,256x6x1,64x1x1,6x196x1x1
ffn_moe_topk-9,kernel_moe_scan,0.142200,0.045700,0.055200,1x0x0,1x0x0,6x196x1x1
ffn_moe_topk-9,kernel_moe_fill,0.263000,0.056900,0.044200,128x32x1,64x1x1,6x196x1x1
ffn_moe_topk-9,kernel_moe_scatter,0.248600,0.049200,0.045300,256x6x1,64x1x1,6x196x1x1
ffn_moe_gate-9,kernel_moe_reorder_b,0.159600,0.116000,0.385400,512x3200x1,256x1x1,1408x6x196x1
ffn_moe_gate-9,kernel_gemm_moe_q4_0_f32_ns,0.377400,0.246700,8.519300,64x22x100,64x1x1,1408x6x196x1
ffn_moe_up-9,kernel_moe_reorder_b,0.154600,8.122900,0.393000,512x3200x1,256x1x1,1408x6x196x1
ffn_moe_up-9,kernel_gemm_moe_q4_0_f32_ns,0.143800,8.022300,8.530700,64x22x100,64x1x1,1408x6x196x1
ffn_moe_swiglu-9,kernel_swiglu,0.146200,15.806400,0.316600,602112x1x1,512x1x1,1408x6x196x1
ffn_moe_down-9,kernel_moe_reorder_b,0.147000,15.400600,0.319200,512x3200x1,256x1x1,2048x6x196x1
ffn_moe_down-9,kernel_gemm_moe_q4_0_f32_ns,0.140600,15.197300,8.496200,64x32x100,64x1x1,2048x6x196x1
ffn_moe_out-9,kernel_moe_combine_f32,0.144400,22.911699,0.204600,512x196x0,64x1x0,2048x196x1x1
ffn_gate-9,kernel_transpose_32_16,0.105600,22.712200,0.090000,512x50x0,1x16x0,2816x196x1x1
ffn_gate-9,kernel_gemm_noshuffle_q4_0_f32,0.113800,22.540899,0.971700,25x704x1,1x128x1,2816x196x1x1
ffn_up-9,kernel_transpose_32_16,0.116000,22.418600,0.082200,512x50x0,1x16x0,2816x196x1x1
ffn_up-9,kernel_gemm_noshuffle_q4_0_f32,0.135400,21.731001,0.967400,25x704x1,1x128x1,2816x196x1x1
ffn_swiglu-9,kernel_swiglu,0.098000,22.368299,0.124500,100352x1x1,512x1x1,2816x196x1x1
ffn_shexp-9,kernel_transpose_32_16,0.114200,21.494499,0.096100,704x50x0,1x16x0,2048x196x1x1
ffn_shexp-9,kernel_gemm_noshuffle_q4_0_f32,0.095000,21.354200,1.051300,25x512x1,1x128x1,2048x196x1x1
ffn_out-9,kernel_add,0.095000,22.073200,0.106000,12544x1x1,64x1x1,2048x196x1x1
l_out-9,kernel_add,0.100200,21.578199,0.104900,12544x1x1,64x1x1,2048x196x1x1
attn_norm-10,kernel_rms_norm_mul,0.091600,20.988800,0.101300,200704x1x1,1024x1x1,2048x196x1x1
q-10,kernel_transpose_32_16,0.145800,20.687000,0.076500,512x50x0,1x16x0,3072x196x1x1
q-10,kernel_gemm_noshuffle_q4_0_f32,0.123000,20.383801,1.041600,25x768x1,1x128x1,3072x196x1x1
q_pe-10,kernel_rope_norm_f32,0.110800,20.895800,0.075900,1024x196x1,64x1x1,64x16x196x1
Qcur-10,kernel_concat_f32,0.163000,20.585501,0.097400,1024x196x1,64x1x1,192x16x196x1
kv_cmpr_pe-10,kernel_transpose_32_16,0.230600,20.202000,0.089300,512x50x0,1x16x0,576x196x1x1
kv_cmpr_pe-10,kernel_gemm_noshuffle_q4_0_f32,0.114200,19.835300,0.469300,25x144x1,1x128x1,576x196x1x1
kv_cmpr-10,kernel_rms_norm_mul,0.094600,19.846500,0.071400,100352x1x1,512x1x1,512x196x1x1
kv-10,kernel_transpose_32_16,0.083800,19.689800,0.053100,128x50x0,1x16x0,4096x196x1x1
kv-10,kernel_gemm_noshuffle_q4_0_f32,0.123400,19.508499,0.368700,25x1024x1,1x128x1,4096x196x1x1
Vcur_cont-10,kernel_cpy_f32_f32,0.115800,19.403601,0.081700,1024x196x1,64x1x1,128x16x196x1
k_pe-10,kernel_rope_norm_f32,0.188600,18.998600,0.047000,64x196x1,64x1x1,64x1x196x1
node_634,kernel_repeat_f32,0.112400,18.636801,0.069500,1024x196x1,64x1x1,64x16x196x1
Kcur-10,kernel_concat_f32,0.115200,18.315300,0.100200,1024x196x1,64x1x1,192x16x196x1
cache_k_l10 (view),kernel_set_rows_f16_i64,0.125400,17.511600,0.089300,200704x1x1,1024x1x1,3072x4096x1x1
cache_v_l10 (view),kernel_set_rows_f16_i64,0.096000,17.331600,0.084900,200704x1x1,1024x1x1,2048x4096x1x1
node_646,flash_attn_blk_f16,0.123400,16.986099,0.092400,16x13x1,0x0x0,128x16x196x1
node_646,flash_attn_f32_f16,0.112800,15.855300,4.721400,208x16x0,16x1x0,128x16x196x1
node_648,kernel_transpose_32_16,0.117000,18.588800,0.078500,512x50x0,1x16x0,2048x196x1x1
node_648,kernel_gemm_noshuffle_q4_0_f32,0.118800,18.381599,0.777300,25x512x1,1x128x1,2048x196x1x1
ffn_inp-10,kernel_add,5.363800,12.998500,0.103100,12544x1x1,64x1x1,2048x196x1x1
ffn_norm-10,kernel_rms_norm_mul,5.084000,13.033900,0.101900,200704x1x1,1024x1x1,2048x196x1x1
ffn_moe_logits-10,kernel_mul_mm_f32_f32_l4_lm,4.762800,13.101200,0.513100,128x4x1,128x1x1,64x196x1x1
ffn_moe_probs-10,kernel_soft_max_4,4.489800,13.573100,0.048300,12544x1x1,64x1x1,64x196x1x1
ffn_moe_argsort-10,kernel_argsort_f32_i32,5.363000,12.460400,0.080600,64x196x1,64x1x1,64x196x1x1
ffn_moe_weights-10,kernel_get_rows_f32,4.709400,12.488100,0.053000,6x196x1,1x1x1,1x6x196x1
ffn_moe_topk-10,kernel_moe_histogram,4.975200,11.605000,0.045400,256x6x1,64x1x1,6x196x1x1
ffn_moe_topk-10,kernel_moe_scan,0.345600,0.057400,0.056100,1x0x0,1x0x0,6x196x1x1
ffn_moe_topk-10,kernel_moe_fill,0.281200,0.055700,0.044800,128x32x1,64x1x1,6x196x1x1
ffn_moe_topk-10,kernel_moe_scatter,0.185800,0.046600,0.045600,256x6x1,64x1x1,6x196x1x1
ffn_moe_gate-10,kernel_moe_reorder_b,0.142000,0.060700,0.379200,512x3200x1,256x1x1,1408x6x196x1
ffn_moe_gate-10,kernel_gemm_moe_q4_0_f32_ns,0.191200,0.055800,8.549000,64x22x100,64x1x1,1408x6x196x1
ffn_moe_up-10,kernel_moe_reorder_b,0.179200,8.138900,0.388300,512x3200x1,256x1x1,1408x6x196x1
ffn_moe_up-10,kernel_gemm_moe_q4_0_f32_ns,0.121200,8.063500,8.535300,64x22x100,64x1x1,1408x6x196x1
ffn_moe_swiglu-10,kernel_swiglu,0.128600,16.290501,0.317600,602112x1x1,512x1x1,1408x6x196x1
ffn_moe_down-10,kernel_moe_reorder_b,0.128400,16.212099,0.320100,512x3200x1,256x1x1,2048x6x196x1
ffn_moe_down-10,kernel_gemm_moe_q4_0_f32_ns,0.141200,16.183300,8.479900,64x32x100,64x1x1,2048x6x196x1
ffn_moe_out-10,kernel_moe_combine_f32,0.164800,23.637300,0.205000,512x196x0,64x1x0,2048x196x1x1
ffn_gate-10,kernel_transpose_32_16,0.126400,22.076799,0.090300,512x50x0,1x16x0,2816x196x1x1
ffn_gate-10,kernel_gemm_noshuffle_q4_0_f32,0.127600,21.805000,0.971300,25x704x1,1x128x1,2816x196x1x1
ffn_up-10,kernel_transpose_32_16,0.212000,21.849300,0.082700,512x50x0,1x16x0,2816x196x1x1
ffn_up-10,kernel_gemm_noshuffle_q4_0_f32,0.170400,21.078501,0.970900,25x704x1,1x128x1,2816x196x1x1
ffn_swiglu-10,kernel_swiglu,0.422400,20.772699,0.123300,100352x1x1,512x1x1,2816x196x1x1
ffn_shexp-10,kernel_transpose_32_16,0.142000,19.883801,0.095300,704x50x0,1x16x0,2048x196x1x1
ffn_shexp-10,kernel_gemm_noshuffle_q4_0_f32,0.181200,19.473499,1.051300,25x512x1,1x128x1,2048x196x1x1
ffn_out-10,kernel_add,0.125800,19.910500,0.104300,12544x1x1,64x1x1,2048x196x1x1
l_out-10,kernel_add,0.233000,19.084000,0.106100,12544x1x1,64x1x1,2048x196x1x1
attn_norm-11,kernel_rms_norm_mul,0.145200,18.627800,0.102100,200704x1x1,1024x1x1,2048x196x1x1
q-11,kernel_transpose_32_16,0.132400,18.357700,0.076100,512x50x0,1x16x0,3072x196x1x1
q-11,kernel_gemm_noshuffle_q4_0_f32,0.112800,18.020300,1.039100,25x768x1,1x128x1,3072x196x1x1
q_pe-11,kernel_rope_norm_f32,0.112600,17.851900,0.075900,1024x196x1,64x1x1,64x16x196x1
Qcur-11,kernel_concat_f32,0.118400,17.492001,0.096600,1024x196x1,64x1x1,192x16x196x1
kv_cmpr_pe-11,kernel_transpose_32_16,0.102200,17.139601,0.088200,512x50x0,1x16x0,576x196x1x1
kv_cmpr_pe-11,kernel_gemm_noshuffle_q4_0_f32,0.117200,16.638000,0.469800,25x144x1,1x128x1,576x196x1x1
kv_cmpr-11,kernel_rms_norm_mul,0.115600,16.338900,0.071300,100352x1x1,512x1x1,512x196x1x1
kv-11,kernel_transpose_32_16,0.121600,15.935300,0.053300,128x50x0,1x16x0,4096x196x1x1
kv-11,kernel_gemm_noshuffle_q4_0_f32,0.156800,15.650500,0.371400,25x1024x1,1x128x1,4096x196x1x1
Vcur_cont-11,kernel_cpy_f32_f32,0.403000,15.482700,0.081200,1024x196x1,64x1x1,128x16x196x1
k_pe-11,kernel_rope_norm_f32,0.136800,15.136200,0.046500,64x196x1,64x1x1,64x1x196x1
node_698,kernel_repeat_f32,0.127200,14.882900,0.069600,1024x196x1,64x1x1,64x16x196x1
Kcur-11,kernel_concat_f32,0.116200,14.633900,0.100700,1024x196x1,64x1x1,192x16x196x1
cache_k_l11 (view),kernel_set_rows_f16_i64,0.214000,14.297600,0.088600,200704x1x1,1024x1x1,3072x4096x1x1
cache_v_l11 (view),kernel_set_rows_f16_i64,0.110200,13.744300,0.084600,200704x1x1,1024x1x1,2048x4096x1x1
node_710,flash_attn_blk_f16,0.128800,12.966600,0.092700,16x13x1,0x0x0,128x16x196x1
node_710,flash_attn_f32_f16,0.128200,12.526800,4.702300,208x16x0,16x1x0,128x16x196x1
node_712,kernel_transpose_32_16,0.112600,16.741800,0.078800,512x50x0,1x16x0,2048x196x1x1
node_712,kernel_gemm_noshuffle_q4_0_f32,0.115400,16.172800,0.778500,25x512x1,1x128x1,2048x196x1x1
ffn_inp-11,kernel_add,3.032200,12.865300,0.104700,12544x1x1,64x1x1,2048x196x1x1
ffn_norm-11,kernel_rms_norm_mul,2.784800,12.889500,0.101800,200704x1x1,1024x1x1,2048x196x1x1
ffn_moe_logits-11,kernel_mul_mm_f32_f32_l4_lm,2.500000,12.966100,0.510900,128x4x1,128x1x1,64x196x1x1
ffn_moe_probs-11,kernel_soft_max_4,2.179800,13.468100,0.048800,12544x1x1,64x1x1,64x196x1x1
ffn_moe_argsort-11,kernel_argsort_f32_i32,3.053600,12.402900,0.081500,64x196x1,64x1x1,64x196x1x1
ffn_moe_weights-11,kernel_get_rows_f32,2.655000,12.476000,0.053300,6x196x1,1x1x1,1x6x196x1
ffn_moe_topk-11,kernel_moe_histogram,2.985400,11.468300,0.045300,256x6x1,64x1x1,6x196x1x1
ffn_moe_topk-11,kernel_moe_scan,0.233400,0.051500,0.056500,1x0x0,1x0x0,6x196x1x1
ffn_moe_topk-11,kernel_moe_fill,0.130400,0.238700,0.047000,128x32x1,64x1x1,6x196x1x1
ffn_moe_topk-11,kernel_moe_scatter,0.171400,0.050100,0.045300,256x6x1,64x1x1,6x196x1x1
ffn_moe_gate-11,kernel_moe_reorder_b,0.157400,0.060100,0.387600,512x3200x1,256x1x1,1408x6x196x1
ffn_moe_gate-11,kernel_gemm_moe_q4_0_f32_ns,0.125000,0.046700,8.500200,64x22x100,64x1x1,1408x6x196x1
ffn_moe_up-11,kernel_moe_reorder_b,0.153400,7.332600,0.391900,512x3200x1,256x1x1,1408x6x196x1
ffn_moe_up-11,kernel_gemm_moe_q4_0_f32_ns,0.138200,7.376100,8.504100,64x22x100,64x1x1,1408x6x196x1
ffn_moe_swiglu-11,kernel_swiglu,0.175000,14.324300,0.316600,602112x1x1,512x1x1,1408x6x196x1
ffn_moe_down-11,kernel_moe_reorder_b,0.148600,14.168000,0.321200,512x3200x1,256x1x1,2048x6x196x1
ffn_moe_down-11,kernel_gemm_moe_q4_0_f32_ns,0.141600,14.080500,8.445400,64x32x100,64x1x1,2048x6x196x1
ffn_moe_out-11,kernel_moe_combine_f32,0.138200,21.279200,0.207400,512x196x0,64x1x0,2048x196x1x1
ffn_gate-11,kernel_transpose_32_16,0.134200,20.731701,0.092300,512x50x0,1x16x0,2816x196x1x1
ffn_gate-11,kernel_gemm_noshuffle_q4_0_f32,0.126400,20.432501,0.969000,25x704x1,1x128x1,2816x196x1x1
ffn_up-11,kernel_transpose_32_16,0.145400,19.888399,0.083000,512x50x0,1x16x0,2816x196x1x1
ffn_up-11,kernel_gemm_noshuffle_q4_0_f32,0.345000,19.320000,0.966500,25x704x1,1x128x1,2816x196x1x1
ffn_swiglu-11,kernel_swiglu,0.193400,19.183300,0.123700,100352x1x1,512x1x1,2816x196x1x1
ffn_shexp-11,kernel_transpose_32_16,0.144000,18.649401,0.095000,704x50x0,1x16x0,2048x196x1x1
ffn_shexp-11,kernel_gemm_noshuffle_q4_0_f32,0.149000,18.104799,1.049900,25x512x1,1x128x1,2048x196x1x1
ffn_out-11,kernel_add,0.148600,18.174101,0.105600,12544x1x1,64x1x1,2048x196x1x1
l_out-11,kernel_add,0.145200,17.781601,0.105600,12544x1x1,64x1x1,2048x196x1x1
attn_norm-12,kernel_rms_norm_mul,0.141800,17.292700,0.101500,200704x1x1,1024x1x1,2048x196x1x1
q-12,kernel_transpose_32_16,0.137400,16.891701,0.075900,512x50x0,1x16x0,3072x196x1x1
q-12,kernel_gemm_noshuffle_q4_0_f32,0.143400,16.471701,1.042400,25x768x1,1x128x1,3072x196x1x1
q_pe-12,kernel_rope_norm_f32,0.144600,16.238001,0.076400,1024x196x1,64x1x1,64x16x196x1
Qcur-12,kernel_concat_f32,0.148200,15.803200,0.097800,1024x196x1,64x1x1,192x16x196x1
kv_cmpr_pe-12,kernel_transpose_32_16,0.326000,14.530700,0.089800,512x50x0,1x16x0,576x196x1x1
kv_cmpr_pe-12,kernel_gemm_noshuffle_q4_0_f32,0.149000,13.959800,0.471600,25x144x1,1x128x1,576x196x1x1
kv_cmpr-12,kernel_rms_norm_mul,0.153800,13.763800,0.071200,100352x1x1,512x1x1,512x196x1x1
kv-12,kernel_transpose_32_16,0.118800,13.307600,0.053400,128x50x0,1x16x0,4096x196x1x1
kv-12,kernel_gemm_noshuffle_q4_0_f32,0.184000,12.765200,0.372800,25x1024x1,1x128x1,4096x196x1x1
Vcur_cont-12,kernel_cpy_f32_f32,0.135200,12.116700,0.081600,1024x196x1,64x1x1,128x16x196x1
k_pe-12,kernel_rope_norm_f32,0.150000,11.655900,0.046400,64x196x1,64x1x1,64x1x196x1
node_762,kernel_repeat_f32,0.238200,10.750800,0.069900,1024x196x1,64x1x1,64x16x196x1
Kcur-12,kernel_concat_f32,0.128800,10.499200,0.101600,1024x196x1,64x1x1,192x16x196x1
cache_k_l12 (view),kernel_set_rows_f16_i64,0.123400,10.326500,0.088500,200704x1x1,1024x1x1,3072x4096x1x1
cache_v_l12 (view),kernel_set_rows_f16_i64,0.114000,10.065400,0.084900,200704x1x1,1024x1x1,2048x4096x1x1
node_774,flash_attn_blk_f16,0.120000,9.495400,0.091900,16x13x1,0x0x0,128x16x196x1
node_774,flash_attn_f32_f16,0.109400,9.247700,4.663200,208x16x0,16x1x0,128x16x196x1
node_776,kernel_transpose_32_16,0.110600,13.634500,0.078300,512x50x0,1x16x0,2048x196x1x1
node_776,kernel_gemm_noshuffle_q4_0_f32,0.114000,13.339000,0.776800,25x512x1,1x128x1,2048x196x1x1
ffn_inp-12,kernel_add,0.096200,12.413500,0.105300,12544x1x1,64x1x1,2048x196x1x1
ffn_norm-12,kernel_rms_norm_mul,0.126200,12.099800,0.101800,200704x1x1,1024x1x1,2048x196x1x1
ffn_moe_logits-12,kernel_mul_mm_f32_f32_l4_lm,0.095800,11.471100,0.511800,128x4x1,128x1x1,64x196x1x1
ffn_moe_probs-12,kernel_soft_max_4,0.174800,11.409000,0.048300,12544x1x1,64x1x1,64x196x1x1
ffn_moe_argsort-12,kernel_argsort_f32_i32,0.091400,10.586300,0.080700,64x196x1,64x1x1,64x196x1x1
ffn_moe_weights-12,kernel_get_rows_f32,0.095800,10.341900,0.053700,6x196x1,1x1x1,1x6x196x1
ffn_moe_topk-12,kernel_moe_histogram,0.095400,9.324300,0.045200,256x6x1,64x1x1,6x196x1x1
ffn_moe_topk-12,kernel_moe_scan,0.150400,0.048200,0.056700,1x0x0,1x0x0,6x196x1x1
ffn_moe_topk-12,kernel_moe_fill,0.140000,0.044700,0.044700,128x32x1,64x1x1,6x196x1x1
ffn_moe_topk-12,kernel_moe_scatter,0.101200,0.044000,0.045400,256x6x1,64x1x1,6x196x1x1
ffn_moe_gate-12,kernel_moe_reorder_b,0.191000,0.052400,0.384200,512x3200x1,256x1x1,1408x6x196x1
ffn_moe_gate-12,kernel_gemm_moe_q4_0_f32_ns,0.232400,0.049600,8.470600,64x22x100,64x1x1,1408x6x196x1
ffn_moe_up-12,kernel_moe_reorder_b,0.137200,7.714700,0.388000,512x3200x1,256x1x1,1408x6x196x1
ffn_moe_up-12,kernel_gemm_moe_q4_0_f32_ns,0.112600,7.470100,8.465000,64x22x100,64x1x1,1408x6x196x1
ffn_moe_swiglu-12,kernel_swiglu,0.111800,15.004400,0.316200,602112x1x1,512x1x1,1408x6x196x1
ffn_moe_down-12,kernel_moe_reorder_b,0.110800,14.891200,0.317700,512x3200x1,256x1x1,2048x6x196x1
ffn_moe_down-12,kernel_gemm_moe_q4_0_f32_ns,0.110200,14.538400,8.461800,64x32x100,64x1x1,2048x6x196x1
ffn_moe_out-12,kernel_moe_combine_f32,0.088400,22.611601,0.204900,512x196x0,64x1x0,2048x196x1x1
ffn_gate-12,kernel_transpose_32_16,0.103200,22.558100,0.090300,512x50x0,1x16x0,2816x196x1x1
ffn_gate-12,kernel_gemm_noshuffle_q4_0_f32,0.111800,22.276699,0.971500,25x704x1,1x128x1,2816x196x1x1
ffn_up-12,kernel_transpose_32_16,0.167800,22.336399,0.082500,512x50x0,1x16x0,2816x196x1x1
ffn_up-12,kernel_gemm_noshuffle_q4_0_f32,0.143000,21.896500,0.971100,25x704x1,1x128x1,2816x196x1x1
ffn_swiglu-12,kernel_swiglu,0.124800,21.922001,0.124400,100352x1x1,512x1x1,2816x196x1x1
ffn_shexp-12,kernel_transpose_32_16,0.115400,21.753201,0.094600,704x50x0,1x16x0,2048x196x1x1
ffn_shexp-12,kernel_gemm_noshuffle_q4_0_f32,0.123800,21.589399,1.050200,25x512x1,1x128x1,2048x196x1x1
ffn_out-12,kernel_add,0.121600,22.289700,0.105300,12544x1x1,64x1x1,2048x196x1x1
l_out-12,kernel_add,0.127200,21.808201,0.105300,12544x1x1,64x1x1,2048x196x1x1
attn_norm-13,kernel_rms_norm_mul,0.216400,21.507799,0.101500,200704x1x1,1024x1x1,2048x196x1x1
q-13,kernel_transpose_32_16,0.112600,21.313400,0.075500,512x50x0,1x16x0,3072x196x1x1
q-13,kernel_gemm_noshuffle_q4_0_f32,0.193200,21.004999,1.044600,25x768x1,1x128x1,3072x196x1x1
q_pe-13,kernel_rope_norm_f32,0.121800,21.527300,0.076500,1024x196x1,64x1x1,64x16x196x1
Qcur-13,kernel_concat_f32,0.178600,21.006901,0.097000,1024x196x1,64x1x1,192x16x196x1
kv_cmpr_pe-13,kernel_transpose_32_16,0.181800,20.315001,0.089800,512x50x0,1x16x0,576x196x1x1
kv_cmpr_pe-13,kernel_gemm_noshuffle_q4_0_f32,0.142400,19.981400,0.469300,25x144x1,1x128x1,576x196x1x1
kv_cmpr-13,kernel_rms_norm_mul,0.137000,19.606400,0.071500,100352x1x1,512x1x1,512x196x1x1
kv-13,kernel_transpose_32_16,0.180200,18.960800,0.053000,128x50x0,1x16x0,4096x196x1x1
kv-13,kernel_gemm_noshuffle_q4_0_f32,0.147600,18.589399,0.370000,25x1024x1,1x128x1,4096x196x1x1
Vcur_cont-13,kernel_cpy_f32_f32,0.144400,18.199699,0.081300,1024x196x1,64x1x1,128x16x196x1
k_pe-13,kernel_rope_norm_f32,0.141800,17.869699,0.046200,64x196x1,64x1x1,64x1x196x1
node_826,kernel_repeat_f32,0.150400,17.435200,0.069900,1024x196x1,64x1x1,64x16x196x1
Kcur-13,kernel_concat_f32,0.145400,16.720100,0.099900,1024x196x1,64x1x1,192x16x196x1
cache_k_l13 (view),kernel_set_rows_f16_i64,0.305800,16.164600,0.089200,200704x1x1,1024x1x1,3072x4096x1x1
cache_v_l13 (view),kernel_set_rows_f16_i64,0.143200,15.658600,0.084500,200704x1x1,1024x1x1,2048x4096x1x1
node_838,flash_attn_blk_f16,0.144000,15.408600,0.092000,16x13x1,0x0x0,128x16x196x1
node_838,flash_attn_f32_f16,0.162000,14.394000,4.740800,208x16x0,16x1x0,128x16x196x1
node_840,kernel_transpose_32_16,0.135600,18.359200,0.078400,512x50x0,1x16x0,2048x196x1x1
node_840,kernel_gemm_noshuffle_q4_0_f32,0.152000,18.058399,0.780800,25x512x1,1x128x1,2048x196x1x1
ffn_inp-13,kernel_add,4.963400,13.074100,0.102200,12544x1x1,64x1x1,2048x196x1x1
ffn_norm-13,kernel_rms_norm_mul,4.447400,13.175200,0.102300,200704x1x1,1024x1x1,2048x196x1x1
ffn_moe_up-13,kernel_moe_reorder_b,0.163800,0.048600,0.399900,512x3200x1,256x1x1,1408x6x196x1
ffn_moe_up-13,kernel_gemm_moe_q4_0_f32_ns,0.110400,0.047500,8.478600,64x22x100,64x1x1,1408x6x196x1
ffn_moe_swiglu-13,kernel_swiglu,0.100400,7.911300,0.315300,602112x1x1,512x1x1,1408x6x196x1
ffn_up-13,kernel_transpose_32_16,0.189600,0.048300,0.106800,512x50x0,1x16x0,2816x196x1x1
ffn_up-13,kernel_gemm_noshuffle_q4_0_f32,0.105600,0.036900,0.970400,25x704x1,1x128x1,2816x196x1x1
ffn_swiglu-13,kernel_swiglu,0.103600,0.572400,0.125500,100352x1x1,512x1x1,2816x196x1x1
ffn_out-13,kernel_add,0.127800,0.110800,0.138800,12544x1x1,64x1x1,2048x196x1x1
l_out-13,kernel_add,0.105800,0.068400,0.107300,12544x1x1,64x1x1,2048x196x1x1
attn_norm-14,kernel_rms_norm_mul,0.130600,0.056900,0.102800,200704x1x1,1024x1x1,2048x196x1x1
q-14,kernel_transpose_32_16,0.098400,0.128100,0.079900,512x50x0,1x16x0,3072x196x1x1
q-14,kernel_gemm_noshuffle_q4_0_f32,0.121800,0.315400,1.043700,25x768x1,1x128x1,3072x196x1x1
q_pe-14,kernel_rope_norm_f32,0.146000,0.733700,0.076600,1024x196x1,64x1x1,64x16x196x1
Qcur-14,kernel_concat_f32,0.122400,0.054400,0.097700,1024x196x1,64x1x1,192x16x196x1
kv_cmpr_pe-14,kernel_transpose_32_16,0.175800,0.073600,0.088000,512x50x0,1x16x0,576x196x1x1
kv_cmpr_pe-14,kernel_gemm_noshuffle_q4_0_f32,0.103000,0.051800,0.468900,25x144x1,1x128x1,576x196x1x1
kv_cmpr-14,kernel_rms_norm_mul,0.116600,0.074200,0.071400,100352x1x1,512x1x1,512x196x1x1
kv-14,kernel_transpose_32_16,0.118600,0.164400,0.054200,128x50x0,1x16x0,4096x196x1x1
kv-14,kernel_gemm_noshuffle_q4_0_f32,0.253600,0.047000,0.370000,25x1024x1,1x128x1,4096x196x1x1
Vcur_cont-14,kernel_cpy_f32_f32,0.099400,0.135200,0.080100,1024x196x1,64x1x1,128x16x196x1
k_pe-14,kernel_rope_norm_f32,0.137000,0.057800,0.046700,64x196x1,64x1x1,64x1x196x1
node_890,kernel_repeat_f32,0.216200,0.069000,0.070600,1024x196x1,64x1x1,64x16x196x1
Kcur-14,kernel_concat_f32,0.120800,0.052600,0.101900,1024x196x1,64x1x1,192x16x196x1
cache_k_l14 (view),kernel_set_rows_f16_i64,0.113400,0.067700,0.089900,200704x1x1,1024x1x1,3072x4096x1x1
cache_v_l14 (view),kernel_set_rows_f16_i64,0.164000,0.044900,0.083900,200704x1x1,1024x1x1,2048x4096x1x1
node_902,flash_attn_blk_f16,0.132200,0.043200,0.093400,16x13x1,0x0x0,128x16x196x1
node_902,flash_attn_f32_f16,0.130800,0.040400,4.704300,208x16x0,16x1x0,128x16x196x1
node_904,kernel_transpose_32_16,0.116600,4.299100,0.078000,512x50x0,1x16x0,2048x196x1x1
node_904,kernel_gemm_noshuffle_q4_0_f32,0.242800,3.980200,0.777200,25x512x1,1x128x1,2048x196x1x1
ffn_inp-14,kernel_add,0.152400,4.086700,0.103400,12544x1x1,64x1x1,2048x196x1x1
ffn_norm-14,kernel_rms_norm_mul,0.155800,3.349800,0.102500,200704x1x1,1024x1x1,2048x196x1x1
ffn_moe_logits-14,kernel_mul_mm_f32_f32_l4_lm,0.148800,2.710400,0.510100,128x4x1,128x1x1,64x196x1x1
ffn_moe_probs-14,kernel_soft_max_4,0.146200,2.835300,0.048500,12544x1x1,64x1x1,64x196x1x1
ffn_moe_argsort-14,kernel_argsort_f32_i32,0.144000,2.317800,0.080400,64x196x1,64x1x1,64x196x1x1
ffn_moe_weights-14,kernel_get_rows_f32,0.136200,1.955300,0.053600,6x196x1,1x1x1,1x6x196x1
ffn_moe_out-14,kernel_moe_combine_f32,0.195400,0.049200,0.227900,512x196x0,64x1x0,2048x196x1x1
ffn_gate-14,kernel_transpose_32_16,0.129000,0.044800,0.089200,512x50x0,1x16x0,2816x196x1x1
ffn_gate-14,kernel_gemm_noshuffle_q4_0_f32,0.094000,0.122200,0.973500,25x704x1,1x128x1,2816x196x1x1
ffn_up-14,kernel_transpose_32_16,0.089000,0.506000,0.081100,512x50x0,1x16x0,2816x196x1x1
ffn_up-14,kernel_gemm_noshuffle_q4_0_f32,0.109800,0.192900,0.972500,25x704x1,1x128x1,2816x196x1x1
ffn_swiglu-14,kernel_swiglu,0.125600,0.040600,0.124400,100352x1x1,512x1x1,2816x196x1x1
ffn_shexp-14,kernel_transpose_32_16,0.073000,0.044200,0.094400,704x50x0,1x16x0,2048x196x1x1
ffn_shexp-14,kernel_gemm_noshuffle_q4_0_f32,0.168600,0.044000,1.050800,25x512x1,1x128x1,2048x196x1x1
ffn_out-14,kernel_add,0.084800,0.620900,0.104200,12544x1x1,64x1x1,2048x196x1x1
l_out-14,kernel_add,0.083400,0.427500,0.104800,12544x1x1,64x1x1,2048x196x1x1
attn_norm-15,kernel_rms_norm_mul,0.075000,0.353800,0.101800,200704x1x1,1024x1x1,2048x196x1x1
q-15,kernel_transpose_32_16,0.409800,0.039400,0.075600,512x50x0,1x16x0,3072x196x1x1
q-15,kernel_gemm_noshuffle_q4_0_f32,0.128600,0.041000,1.036000,25x768x1,1x128x1,3072x196x1x1
q_pe-15,kernel_rope_norm_f32,0.072800,0.808300,0.076800,1024x196x1,64x1x1,64x16x196x1
Qcur-15,kernel_concat_f32,0.088800,0.637300,0.096500,1024x196x1,64x1x1,192x16x196x1
kv_cmpr_pe-15,kernel_transpose_32_16,0.113800,0.040500,0.087500,512x50x0,1x16x0,576x196x1x1
kv_cmpr_pe-15,kernel_gemm_noshuffle_q4_0_f32,0.134000,0.042200,0.470100,25x144x1,1x128x1,576x196x1x1
kv_cmpr-15,kernel_rms_norm_mul,0.073600,0.332700,0.071400,100352x1x1,512x1x1,512x196x1x1
kv-15,kernel_transpose_32_16,0.075600,0.210300,0.053200,128x50x0,1x16x0,4096x196x1x1
kv-15,kernel_gemm_noshuffle_q4_0_f32,0.124600,0.049400,0.375900,25x1024x1,1x128x1,4096x196x1x1
Vcur_cont-15,kernel_cpy_f32_f32,0.071200,0.071600,0.081100,1024x196x1,64x1x1,128x16x196x1
k_pe-15,kernel_rope_norm_f32,0.101000,0.119300,0.048000,64x196x1,64x1x1,64x1x196x1
node_954,kernel_repeat_f32,0.143600,0.042100,0.069400,1024x196x1,64x1x1,64x16x196x1
Kcur-15,kernel_concat_f32,0.133800,0.041400,0.100200,1024x196x1,64x1x1,192x16x196x1
cache_k_l15 (view),kernel_set_rows_f16_i64,0.090000,0.100800,0.089500,200704x1x1,1024x1x1,3072x4096x1x1
cache_v_l15 (view),kernel_set_rows_f16_i64,0.058600,0.042000,0.085100,200704x1x1,1024x1x1,2048x4096x1x1
node_966,flash_attn_blk_f16,0.060200,0.095200,0.093000,16x13x1,0x0x0,128x16x196x1
node_966,flash_attn_f32_f16,0.141000,0.040700,4.676100,208x16x0,16x1x0,128x16x196x1
node_968,kernel_transpose_32_16,0.069000,4.396800,0.078900,512x50x0,1x16x0,2048x196x1x1
node_968,kernel_gemm_noshuffle_q4_0_f32,0.067000,4.303600,0.775500,25x512x1,1x128x1,2048x196x1x1
ffn_inp-15,kernel_add,0.052800,4.830400,0.103800,12544x1x1,64x1x1,2048x196x1x1
ffn_norm-15,kernel_rms_norm_mul,0.052400,4.796500,0.101700,200704x1x1,1024x1x1,2048x196x1x1
ffn_moe_logits-15,kernel_mul_mm_f32_f32_l4_lm,0.069800,4.745700,0.515100,128x4x1,128x1x1,64x196x1x1
ffn_moe_probs-15,kernel_soft_max_4,0.071600,5.054200,0.048000,12544x1x1,64x1x1,64x196x1x1
ffn_moe_argsort-15,kernel_argsort_f32_i32,0.067000,4.861800,0.080400,64x196x1,64x1x1,64x196x1x1
ffn_moe_weights-15,kernel_get_rows_f32,0.061400,4.521100,0.052900,6x196x1,1x1x1,1x6x196x1
ffn_moe_out-15,kernel_moe_combine_f32,0.059600,0.037600,0.210500,512x196x0,64x1x0,2048x196x1x1
ffn_gate-15,kernel_transpose_32_16,0.056800,0.036900,0.089800,512x50x0,1x16x0,2816x196x1x1
ffn_gate-15,kernel_gemm_noshuffle_q4_0_f32,0.068200,0.057300,0.971600,25x704x1,1x128x1,2816x196x1x1
ffn_up-15,kernel_transpose_32_16,0.067400,0.648900,0.081600,512x50x0,1x16x0,2816x196x1x1
ffn_up-15,kernel_gemm_noshuffle_q4_0_f32,0.063200,0.467500,0.968400,25x704x1,1x128x1,2816x196x1x1
ffn_swiglu-15,kernel_swiglu,0.081800,1.115600,0.126400,100352x1x1,512x1x1,2816x196x1x1
ffn_shexp-15,kernel_transpose_32_16,0.081000,0.845900,0.095500,704x50x0,1x16x0,2048x196x1x1
ffn_shexp-15,kernel_gemm_noshuffle_q4_0_f32,0.066200,0.694600,1.049000,25x512x1,1x128x1,2048x196x1x1
ffn_out-15,kernel_add,0.056000,1.393900,0.105300,12544x1x1,64x1x1,2048x196x1x1
l_out-15,kernel_add,0.141200,1.253200,0.105600,12544x1x1,64x1x1,2048x196x1x1
attn_norm-16,kernel_rms_norm_mul,0.052000,1.155700,0.101300,200704x1x1,1024x1x1,2048x196x1x1
q-16,kernel_transpose_32_16,0.077000,0.852300,0.076200,512x50x0,1x16x0,3072x196x1x1
q-16,kernel_gemm_noshuffle_q4_0_f32,0.072800,0.761700,1.071600,25x768x1,1x128x1,3072x196x1x1
q_pe-16,kernel_rope_norm_f32,0.067800,1.426900,0.075600,1024x196x1,64x1x1,64x16x196x1
Qcur-16,kernel_concat_f32,0.079800,1.270000,0.096800,1024x196x1,64x1x1,192x16x196x1
kv_cmpr_pe-16,kernel_transpose_32_16,0.086200,1.190700,0.088800,512x50x0,1x16x0,576x196x1x1
kv_cmpr_pe-16,kernel_gemm_noshuffle_q4_0_f32,0.066200,1.050600,0.469100,25x144x1,1x128x1,576x196x1x1
kv_cmpr-16,kernel_rms_norm_mul,0.062800,1.242500,0.071700,100352x1x1,512x1x1,512x196x1x1
kv-16,kernel_transpose_32_16,0.060800,0.987600,0.053300,128x50x0,1x16x0,4096x196x1x1
kv-16,kernel_gemm_noshuffle_q4_0_f32,0.070800,0.785000,0.366300,25x1024x1,1x128x1,4096x196x1x1
Vcur_cont-16,kernel_cpy_f32_f32,0.069200,0.966500,0.081100,1024x196x1,64x1x1,128x16x196x1
k_pe-16,kernel_rope_norm_f32,0.063600,0.867300,0.046800,64x196x1,64x1x1,64x1x196x1
node_1018,kernel_repeat_f32,0.066600,0.630500,0.069600,1024x196x1,64x1x1,64x16x196x1
Kcur-16,kernel_concat_f32,0.070800,0.542000,0.100700,1024x196x1,64x1x1,192x16x196x1
cache_k_l16 (view),kernel_set_rows_f16_i64,0.164400,0.191300,0.089000,200704x1x1,1024x1x1,3072x4096x1x1
cache_v_l16 (view),kernel_set_rows_f16_i64,0.160200,0.055600,0.085900,200704x1x1,1024x1x1,2048x4096x1x1
node_1030,flash_attn_blk_f16,0.115600,0.060200,0.093000,16x13x1,0x0x0,128x16x196x1
node_1030,flash_attn_f32_f16,0.124000,0.113400,4.666600,208x16x0,16x1x0,128x16x196x1
node_1032,kernel_transpose_32_16,0.103600,4.405800,0.078500,512x50x0,1x16x0,2048x196x1x1
node_1032,kernel_gemm_noshuffle_q4_0_f32,0.109200,4.248900,0.780900,25x512x1,1x128x1,2048x196x1x1
ffn_inp-16,kernel_add,0.106800,4.496300,0.104100,12544x1x1,64x1x1,2048x196x1x1
ffn_norm-16,kernel_rms_norm_mul,0.109200,4.196300,0.102300,200704x1x1,1024x1x1,2048x196x1x1
ffn_moe_logits-16,kernel_mul_mm_f32_f32_l4_lm,0.090600,4.083400,0.511500,128x4x1,128x1x1,64x196x1x1
ffn_moe_probs-16,kernel_soft_max_4,0.097000,4.348500,0.048700,12544x1x1,64x1x1,64x196x1x1
ffn_moe_argsort-16,kernel_argsort_f32_i32,0.107000,4.158900,0.080500,64x196x1,64x1x1,64x196x1x1
ffn_moe_weights-16,kernel_get_rows_f32,0.110800,3.906500,0.053300,6x196x1,1x1x1,1x6x196x1
ffn_moe_out-16,kernel_moe_combine_f32,0.128000,0.128400,0.217500,512x196x0,64x1x0,2048x196x1x1
ffn_gate-16,kernel_transpose_32_16,0.166400,0.058100,0.090800,512x50x0,1x16x0,2816x196x1x1
ffn_gate-16,kernel_gemm_noshuffle_q4_0_f32,0.109400,0.058500,0.971900,25x704x1,1x128x1,2816x196x1x1
ffn_up-16,kernel_transpose_32_16,0.111800,0.226000,0.081600,512x50x0,1x16x0,2816x196x1x1
ffn_up-16,kernel_gemm_noshuffle_q4_0_f32,0.129200,0.316900,0.967300,25x704x1,1x128x1,2816x196x1x1
ffn_swiglu-16,kernel_swiglu,0.099400,0.753000,0.123100,100352x1x1,512x1x1,2816x196x1x1
ffn_shexp-16,kernel_transpose_32_16,0.088400,0.370300,0.095300,704x50x0,1x16x0,2048x196x1x1
ffn_shexp-16,kernel_gemm_noshuffle_q4_0_f32,0.114800,0.310400,1.053700,25x512x1,1x128x1,2048x196x1x1
ffn_out-16,kernel_add,0.189200,0.570400,0.105000,12544x1x1,64x1x1,2048x196x1x1
l_out-16,kernel_add,0.124000,0.140500,0.105300,12544x1x1,64x1x1,2048x196x1x1
attn_norm-17,kernel_rms_norm_mul,0.096600,0.091400,0.103400,200704x1x1,1024x1x1,2048x196x1x1
q-17,kernel_transpose_32_16,0.086800,0.046600,0.076500,512x50x0,1x16x0,3072x196x1x1
q-17,kernel_gemm_noshuffle_q4_0_f32,0.881600,0.350700,1.039100,25x768x1,1x128x1,3072x196x1x1
q_pe-17,kernel_rope_norm_f32,0.099200,0.721400,0.076200,1024x196x1,64x1x1,64x16x196x1
Qcur-17,kernel_concat_f32,0.100400,0.418300,0.096800,1024x196x1,64x1x1,192x16x196x1
kv_cmpr_pe-17,kernel_transpose_32_16,0.089800,0.049200,0.087900,512x50x0,1x16x0,576x196x1x1
kv_cmpr_pe-17,kernel_gemm_noshuffle_q4_0_f32,0.164600,0.051100,0.469300,25x144x1,1x128x1,576x196x1x1
kv_cmpr-17,kernel_rms_norm_mul,0.155200,0.080500,0.071000,100352x1x1,512x1x1,512x196x1x1
kv-17,kernel_transpose_32_16,0.114200,0.046400,0.053100,128x50x0,1x16x0,4096x196x1x1
kv-17,kernel_gemm_noshuffle_q4_0_f32,0.122200,0.046800,0.377000,25x1024x1,1x128x1,4096x196x1x1
Vcur_cont-17,kernel_cpy_f32_f32,0.118800,0.083100,0.080800,1024x196x1,64x1x1,128x16x196x1
k_pe-17,kernel_rope_norm_f32,0.112800,0.049700,0.047000,64x196x1,64x1x1,64x1x196x1
node_1082,kernel_repeat_f32,0.127400,0.052200,0.069500,1024x196x1,64x1x1,64x16x196x1
Kcur-17,kernel_concat_f32,0.130800,0.049500,0.101200,1024x196x1,64x1x1,192x16x196x1
cache_k_l17 (view),kernel_set_rows_f16_i64,0.111400,0.117900,0.089900,200704x1x1,1024x1x1,3072x4096x1x1
cache_v_l17 (view),kernel_set_rows_f16_i64,0.110600,0.046100,0.084000,200704x1x1,1024x1x1,2048x4096x1x1
node_1094,flash_attn_blk_f16,0.123800,0.082500,0.092800,16x13x1,0x0x0,128x16x196x1
node_1094,flash_attn_f32_f16,0.135400,0.046000,4.723500,208x16x0,16x1x0,128x16x196x1
node_1096,kernel_transpose_32_16,0.147800,4.084400,0.078400,512x50x0,1x16x0,2048x196x1x1
node_1096,kernel_gemm_noshuffle_q4_0_f32,0.176600,3.721800,0.777900,25x512x1,1x128x1,2048x196x1x1
ffn_inp-17,kernel_add,0.140200,3.924800,0.104300,12544x1x1,64x1x1,2048x196x1x1
ffn_norm-17,kernel_rms_norm_mul,0.115000,3.675100,0.101600,200704x1x1,1024x1x1,2048x196x1x1
ffn_moe_logits-17,kernel_mul_mm_f32_f32_l4_lm,0.118000,3.256900,0.511700,128x4x1,128x1x1,64x196x1x1
ffn_moe_probs-17,kernel_soft_max_4,0.152000,2.480000,0.048600,12544x1x1,64x1x1,64x196x1x1
ffn_moe_argsort-17,kernel_argsort_f32_i32,0.160200,2.140000,0.080600,64x196x1,64x1x1,64x196x1x1
ffn_moe_weights-17,kernel_get_rows_f32,0.138000,1.417700,0.053400,6x196x1,1x1x1,1x6x196x1
ffn_moe_out-17,kernel_moe_combine_f32,0.189200,0.047600,0.246900,512x196x0,64x1x0,2048x196x1x1
ffn_gate-17,kernel_transpose_32_16,0.147200,0.059300,0.091500,512x50x0,1x16x0,2816x196x1x1
ffn_gate-17,kernel_gemm_noshuffle_q4_0_f32,0.183200,0.057300,0.971200,25x704x1,1x128x1,2816x196x1x1
ffn_up-17,kernel_transpose_32_16,0.183000,0.048600,0.082000,512x50x0,1x16x0,2816x196x1x1
ffn_up-17,kernel_gemm_noshuffle_q4_0_f32,0.157400,0.055300,0.972400,25x704x1,1x128x1,2816x196x1x1
ffn_swiglu-17,kernel_swiglu,0.270000,0.047900,0.124700,100352x1x1,512x1x1,2816x196x1x1
ffn_shexp-17,kernel_transpose_32_16,0.142200,0.049900,0.095900,704x50x0,1x16x0,2048x196x1x1
ffn_shexp-17,kernel_gemm_noshuffle_q4_0_f32,0.152600,0.049400,1.048400,25x512x1,1x128x1,2048x196x1x1
ffn_out-17,kernel_add,0.145200,0.256600,0.105400,12544x1x1,64x1x1,2048x196x1x1
l_out-17,kernel_add,0.189800,0.044600,0.106100,12544x1x1,64x1x1,2048x196x1x1
attn_norm-18,kernel_rms_norm_mul,0.145200,0.042100,0.102000,200704x1x1,1024x1x1,2048x196x1x1
q-18,kernel_transpose_32_16,0.174800,0.044600,0.076800,512x50x0,1x16x0,3072x196x1x1
q-18,kernel_gemm_noshuffle_q4_0_f32,0.136400,0.044200,1.041500,25x768x1,1x128x1,3072x196x1x1
q_pe-18,kernel_rope_norm_f32,0.123200,0.742500,0.076300,1024x196x1,64x1x1,64x16x196x1
Qcur-18,kernel_concat_f32,0.155200,0.450400,0.097700,1024x196x1,64x1x1,192x16x196x1
kv_cmpr_pe-18,kernel_transpose_32_16,0.125200,0.247900,0.087800,512x50x0,1x16x0,576x196x1x1
kv_cmpr_pe-18,kernel_gemm_noshuffle_q4_0_f32,0.275000,0.046300,0.470000,25x144x1,1x128x1,576x196x1x1
kv_cmpr-18,kernel_rms_norm_mul,0.120600,0.179000,0.071400,100352x1x1,512x1x1,512x196x1x1
kv-18,kernel_transpose_32_16,0.194200,0.046000,0.053500,128x50x0,1x16x0,4096x196x1x1
kv-18,kernel_gemm_noshuffle_q4_0_f32,0.331200,0.290700,0.370700,25x1024x1,1x128x1,4096x196x1x1
Vcur_cont-18,kernel_cpy_f32_f32,0.155600,0.116100,0.080500,1024x196x1,64x1x1,128x16x196x1
k_pe-18,kernel_rope_norm_f32,0.222600,0.050000,0.046900,64x196x1,64x1x1,64x1x196x1
node_1146,kernel_repeat_f32,0.210800,0.052400,0.069500,1024x196x1,64x1x1,64x16x196x1
Kcur-18,kernel_concat_f32,0.367600,0.290200,0.104900,1024x196x1,64x1x1,192x16x196x1
cache_k_l18 (view),kernel_set_rows_f16_i64,0.294800,0.052100,0.088700,200704x1x1,1024x1x1,3072x4096x1x1
cache_v_l18 (view),kernel_set_rows_f16_i64,0.142000,0.236700,0.088100,200704x1x1,1024x1x1,2048x4096x1x1
node_1158,flash_attn_blk_f16,0.274600,0.053400,0.092000,16x13x1,0x0x0,128x16x196x1
node_1158,flash_attn_f32_f16,0.154600,0.054100,4.713200,208x16x0,16x1x0,128x16x196x1
node_1160,kernel_transpose_32_16,0.117400,3.289000,0.079400,512x50x0,1x16x0,2048x196x1x1
node_1160,kernel_gemm_noshuffle_q4_0_f32,0.103200,2.830700,0.780600,25x512x1,1x128x1,2048x196x1x1
ffn_inp-18,kernel_add,0.123200,3.075200,0.104600,12544x1x1,64x1x1,2048x196x1x1
ffn_norm-18,kernel_rms_norm_mul,0.125200,2.369100,0.101400,200704x1x1,1024x1x1,2048x196x1x1
ffn_moe_logits-18,kernel_mul_mm_f32_f32_l4_lm,0.119400,2.066200,0.513600,128x4x1,128x1x1,64x196x1x1
ffn_moe_probs-18,kernel_soft_max_4,0.128200,1.653900,0.048600,12544x1x1,64x1x1,64x196x1x1
ffn_moe_argsort-18,kernel_argsort_f32_i32,0.110400,1.166300,0.080700,64x196x1,64x1x1,64x196x1x1
ffn_moe_weights-18,kernel_get_rows_f32,0.125600,0.811100,0.053200,6x196x1,1x1x1,1x6x196x1
ffn_moe_out-18,kernel_moe_combine_f32,0.067200,0.042400,0.234600,512x196x0,64x1x0,2048x196x1x1
ffn_gate-18,kernel_transpose_32_16,0.263000,0.043800,0.089700,512x50x0,1x16x0,2816x196x1x1
ffn_gate-18,kernel_gemm_noshuffle_q4_0_f32,0.077600,0.044500,0.970200,25x704x1,1x128x1,2816x196x1x1
ffn_up-18,kernel_transpose_32_16,0.058600,0.610200,0.081200,512x50x0,1x16x0,2816x196x1x1
ffn_up-18,kernel_gemm_noshuffle_q4_0_f32,0.081400,0.094800,0.968200,25x704x1,1x128x1,2816x196x1x1
ffn_swiglu-18,kernel_swiglu,0.086600,0.557000,0.124900,100352x1x1,512x1x1,2816x196x1x1
ffn_shexp-18,kernel_transpose_32_16,0.061600,0.048500,0.094600,704x50x0,1x16x0,2048x196x1x1
ffn_shexp-18,kernel_gemm_noshuffle_q4_0_f32,0.064400,0.043300,1.049000,25x512x1,1x128x1,2048x196x1x1
ffn_out-18,kernel_add,0.077600,0.394000,0.104600,12544x1x1,64x1x1,2048x196x1x1
l_out-18,kernel_add,0.064000,0.212500,0.105400,12544x1x1,64x1x1,2048x196x1x1
attn_norm-19,kernel_rms_norm_mul,0.070600,0.066500,0.101700,200704x1x1,1024x1x1,2048x196x1x1
q-19,kernel_transpose_32_16,0.077800,0.040600,0.075500,512x50x0,1x16x0,3072x196x1x1
q-19,kernel_gemm_noshuffle_q4_0_f32,0.063200,0.044800,1.035300,25x768x1,1x128x1,3072x196x1x1
q_pe-19,kernel_rope_norm_f32,0.059800,0.776000,0.076500,1024x196x1,64x1x1,64x16x196x1
Qcur-19,kernel_concat_f32,0.063200,0.663400,0.096400,1024x196x1,64x1x1,192x16x196x1
kv_cmpr_pe-19,kernel_transpose_32_16,0.057400,0.493600,0.086800,512x50x0,1x16x0,576x196x1x1
kv_cmpr_pe-19,kernel_gemm_noshuffle_q4_0_f32,0.059800,0.429000,0.467300,25x144x1,1x128x1,576x196x1x1
kv_cmpr-19,kernel_rms_norm_mul,0.090200,0.445000,0.071800,100352x1x1,512x1x1,512x196x1x1
kv-19,kernel_transpose_32_16,0.071000,0.323900,0.053300,128x50x0,1x16x0,4096x196x1x1
kv-19,kernel_gemm_noshuffle_q4_0_f32,0.073800,0.225700,0.374900,25x1024x1,1x128x1,4096x196x1x1
Vcur_cont-19,kernel_cpy_f32_f32,0.073200,0.202100,0.081300,1024x196x1,64x1x1,128x16x196x1
k_pe-19,kernel_rope_norm_f32,0.080000,0.040900,0.046700,64x196x1,64x1x1,64x1x196x1
node_1210,kernel_repeat_f32,0.079000,0.041500,0.070600,1024x196x1,64x1x1,64x16x196x1
Kcur-19,kernel_concat_f32,0.063800,0.041600,0.100700,1024x196x1,64x1x1,192x16x196x1
cache_k_l19 (view),kernel_set_rows_f16_i64,0.076000,0.044200,0.087900,200704x1x1,1024x1x1,3072x4096x1x1
cache_v_l19 (view),kernel_set_rows_f16_i64,0.070800,0.040500,0.086700,200704x1x1,1024x1x1,2048x4096x1x1
node_1222,flash_attn_blk_f16,0.067800,0.038900,0.092300,16x13x1,0x0x0,128x16x196x1
node_1222,flash_attn_f32_f16,0.083800,0.039000,4.744900,208x16x0,16x1x0,128x16x196x1
node_1224,kernel_transpose_32_16,0.077800,4.464800,0.079800,512x50x0,1x16x0,2048x196x1x1
node_1224,kernel_gemm_noshuffle_q4_0_f32,0.077400,4.344200,0.780600,25x512x1,1x128x1,2048x196x1x1
ffn_inp-19,kernel_add,0.083600,4.350600,0.104000,12544x1x1,64x1x1,2048x196x1x1
ffn_norm-19,kernel_rms_norm_mul,0.075000,4.215000,0.102500,200704x1x1,1024x1x1,2048x196x1x1
ffn_moe_logits-19,kernel_mul_mm_f32_f32_l4_lm,0.084400,3.951900,0.516300,128x4x1,128x1x1,64x196x1x1
ffn_moe_probs-19,kernel_soft_max_4,0.082600,4.170100,0.048100,12544x1x1,64x1x1,64x196x1x1
ffn_moe_argsort-19,kernel_argsort_f32_i32,0.073200,4.004900,0.080800,64x196x1,64x1x1,64x196x1x1
ffn_moe_weights-19,kernel_get_rows_f32,0.110400,3.793700,0.053200,6x196x1,1x1x1,1x6x196x1
ffn_moe_out-19,kernel_moe_combine_f32,0.064400,0.040600,0.226400,512x196x0,64x1x0,2048x196x1x1
ffn_gate-19,kernel_transpose_32_16,0.045200,0.176400,0.093300,512x50x0,1x16x0,2816x196x1x1
ffn_gate-19,kernel_gemm_noshuffle_q4_0_f32,0.047200,0.133800,0.972800,25x704x1,1x128x1,2816x196x1x1
ffn_up-19,kernel_transpose_32_16,0.044200,0.949500,0.081100,512x50x0,1x16x0,2816x196x1x1
ffn_up-19,kernel_gemm_noshuffle_q4_0_f32,0.085400,0.745000,0.971500,25x704x1,1x128x1,2816x196x1x1
ffn_swiglu-19,kernel_swiglu,0.066000,1.466400,0.125700,100352x1x1,512x1x1,2816x196x1x1
ffn_shexp-19,kernel_transpose_32_16,0.075400,1.302600,0.095500,704x50x0,1x16x0,2048x196x1x1
ffn_shexp-19,kernel_gemm_noshuffle_q4_0_f32,0.054400,1.095400,1.045200,25x512x1,1x128x1,2048x196x1x1
ffn_out-19,kernel_add,0.047600,1.936600,0.106000,12544x1x1,64x1x1,2048x196x1x1
l_out-19,kernel_add,0.039000,1.926700,0.106100,12544x1x1,64x1x1,2048x196x1x1
attn_norm-20,kernel_rms_norm_mul,0.037800,1.903600,0.103300,200704x1x1,1024x1x1,2048x196x1x1
q-20,kernel_transpose_32_16,0.036600,1.890800,0.078000,512x50x0,1x16x0,3072x196x1x1
q-20,kernel_gemm_noshuffle_q4_0_f32,0.037400,1.835100,1.039000,25x768x1,1x128x1,3072x196x1x1
q_pe-20,kernel_rope_norm_f32,0.040000,2.655900,0.076500,1024x196x1,64x1x1,64x16x196x1
Qcur-20,kernel_concat_f32,0.049600,2.631600,0.097400,1024x196x1,64x1x1,192x16x196x1
kv_cmpr_pe-20,kernel_transpose_32_16,0.034600,2.637500,0.090900,512x50x0,1x16x0,576x196x1x1
kv_cmpr_pe-20,kernel_gemm_noshuffle_q4_0_f32,0.038800,2.650300,0.466900,25x144x1,1x128x1,576x196x1x1
kv_cmpr-20,kernel_rms_norm_mul,0.040600,2.997500,0.071100,100352x1x1,512x1x1,512x196x1x1
kv-20,kernel_transpose_32_16,0.028600,2.985500,0.053100,128x50x0,1x16x0,4096x196x1x1
kv-20,kernel_gemm_noshuffle_q4_0_f32,0.052200,2.827200,0.373600,25x1024x1,1x128x1,4096x196x1x1
Vcur_cont-20,kernel_cpy_f32_f32,0.041000,3.063000,0.082200,1024x196x1,64x1x1,128x16x196x1
k_pe-20,kernel_rope_norm_f32,0.046800,2.999200,0.046300,64x196x1,64x1x1,64x1x196x1
node_1274,kernel_repeat_f32,0.062000,2.960200,0.069600,1024x196x1,64x1x1,64x16x196x1
Kcur-20,kernel_concat_f32,0.033000,2.959100,0.101600,1024x196x1,64x1x1,192x16x196x1
cache_k_l20 (view),kernel_set_rows_f16_i64,0.038400,3.006400,0.089300,200704x1x1,1024x1x1,3072x4096x1x1
cache_v_l20 (view),kernel_set_rows_f16_i64,0.028800,2.984300,0.086600,200704x1x1,1024x1x1,2048x4096x1x1
node_1286,flash_attn_blk_f16,0.039200,2.750600,0.091800,16x13x1,0x0x0,128x16x196x1
node_1286,flash_attn_f32_f16,0.043000,2.701700,4.713000,208x16x0,16x1x0,128x16x196x1
node_1288,kernel_transpose_32_16,0.033000,7.200900,0.078600,512x50x0,1x16x0,2048x196x1x1
node_1288,kernel_gemm_noshuffle_q4_0_f32,0.039200,7.178400,0.776300,25x512x1,1x128x1,2048x196x1x1
ffn_inp-20,kernel_add,0.037600,7.825600,0.105300,12544x1x1,64x1x1,2048x196x1x1
ffn_norm-20,kernel_rms_norm_mul,0.042600,7.845100,0.101400,200704x1x1,1024x1x1,2048x196x1x1
ffn_moe_logits-20,kernel_mul_mm_f32_f32_l4_lm,0.036400,7.870600,0.515400,128x4x1,128x1x1,64x196x1x1
ffn_moe_probs-20,kernel_soft_max_4,0.040200,8.312100,0.048400,12544x1x1,64x1x1,64x196x1x1
ffn_moe_argsort-20,kernel_argsort_f32_i32,0.037800,8.270300,0.080400,64x196x1,64x1x1,64x196x1x1
ffn_moe_weights-20,kernel_get_rows_f32,0.049600,8.191900,0.053000,6x196x1,1x1x1,1x6x196x1
ffn_moe_out-20,kernel_moe_combine_f32,0.048000,0.038000,0.225700,512x196x0,64x1x0,2048x196x1x1
ffn_gate-20,kernel_transpose_32_16,0.043600,0.038000,0.089800,512x50x0,1x16x0,2816x196x1x1
ffn_gate-20,kernel_gemm_noshuffle_q4_0_f32,0.039200,0.038100,0.971200,25x704x1,1x128x1,2816x196x1x1
ffn_up-20,kernel_transpose_32_16,0.034000,0.833000,0.082600,512x50x0,1x16x0,2816x196x1x1
ffn_up-20,kernel_gemm_noshuffle_q4_0_f32,0.037600,0.799100,0.972900,25x704x1,1x128x1,2816x196x1x1
ffn_swiglu-20,kernel_swiglu,0.037600,1.642000,0.124700,100352x1x1,512x1x1,2816x196x1x1
ffn_shexp-20,kernel_transpose_32_16,0.033800,1.638600,0.094800,704x50x0,1x16x0,2048x196x1x1
ffn_shexp-20,kernel_gemm_noshuffle_q4_0_f32,0.035600,1.645700,1.047000,25x512x1,1x128x1,2048x196x1x1
ffn_out-20,kernel_add,0.045400,2.353200,0.106600,12544x1x1,64x1x1,2048x196x1x1
l_out-20,kernel_add,0.048600,2.342400,0.105500,12544x1x1,64x1x1,2048x196x1x1
attn_norm-21,kernel_rms_norm_mul,0.037200,2.333800,0.102000,200704x1x1,1024x1x1,2048x196x1x1
q-21,kernel_transpose_32_16,0.033400,2.319900,0.076100,512x50x0,1x16x0,3072x196x1x1
q-21,kernel_gemm_noshuffle_q4_0_f32,0.037000,2.331500,1.042100,25x768x1,1x128x1,3072x196x1x1
q_pe-21,kernel_rope_norm_f32,0.041000,3.169800,0.075900,1024x196x1,64x1x1,64x16x196x1
Qcur-21,kernel_concat_f32,0.036800,3.097000,0.097100,1024x196x1,64x1x1,192x16x196x1
kv_cmpr_pe-21,kernel_transpose_32_16,0.045400,3.036300,0.088500,512x50x0,1x16x0,576x196x1x1
kv_cmpr_pe-21,kernel_gemm_noshuffle_q4_0_f32,0.038800,3.099800,0.467700,25x144x1,1x128x1,576x196x1x1
kv_cmpr-21,kernel_rms_norm_mul,0.034800,3.445900,0.071300,100352x1x1,512x1x1,512x196x1x1
kv-21,kernel_transpose_32_16,0.034400,3.369800,0.053400,128x50x0,1x16x0,4096x196x1x1
kv-21,kernel_gemm_noshuffle_q4_0_f32,0.036400,3.352100,0.365600,25x1024x1,1x128x1,4096x196x1x1
Vcur_cont-21,kernel_cpy_f32_f32,0.037400,3.634500,0.081400,1024x196x1,64x1x1,128x16x196x1
k_pe-21,kernel_rope_norm_f32,0.035000,3.623500,0.046500,64x196x1,64x1x1,64x1x196x1
node_1338,kernel_repeat_f32,0.037200,3.581200,0.069700,1024x196x1,64x1x1,64x16x196x1
Kcur-21,kernel_concat_f32,0.039200,3.566500,0.101500,1024x196x1,64x1x1,192x16x196x1
cache_k_l21 (view),kernel_set_rows_f16_i64,0.037600,3.557000,0.088700,200704x1x1,1024x1x1,3072x4096x1x1
cache_v_l21 (view),kernel_set_rows_f16_i64,0.035200,3.524200,0.085500,200704x1x1,1024x1x1,2048x4096x1x1
node_1350,flash_attn_blk_f16,0.041600,3.442900,0.092200,16x13x1,0x0x0,128x16x196x1
node_1350,flash_attn_f32_f16,0.054600,3.437500,4.757200,208x16x0,16x1x0,128x16x196x1
node_1352,kernel_transpose_32_16,0.037600,8.062200,0.078700,512x50x0,1x16x0,2048x196x1x1
node_1352,kernel_gemm_noshuffle_q4_0_f32,0.036000,8.096400,0.778300,25x512x1,1x128x1,2048x196x1x1
ffn_inp-21,kernel_add,0.035200,8.285200,0.104500,12544x1x1,64x1x1,2048x196x1x1
ffn_norm-21,kernel_rms_norm_mul,0.033000,8.229200,0.102200,200704x1x1,1024x1x1,2048x196x1x1
ffn_moe_logits-21,kernel_mul_mm_f32_f32_l4_lm,0.026800,8.276600,0.510500,128x4x1,128x1x1,64x196x1x1
ffn_moe_probs-21,kernel_soft_max_4,0.028400,8.734700,0.048500,12544x1x1,64x1x1,64x196x1x1
ffn_moe_argsort-21,kernel_argsort_f32_i32,0.026800,8.743800,0.080300,64x196x1,64x1x1,64x196x1x1
ffn_moe_weights-21,kernel_get_rows_f32,0.032000,8.752500,0.053100,6x196x1,1x1x1,1x6x196x1
ffn_moe_out-21,kernel_moe_combine_f32,0.078600,0.040000,0.218600,512x196x0,64x1x0,2048x196x1x1
ffn_gate-21,kernel_transpose_32_16,0.057600,0.040600,0.088900,512x50x0,1x16x0,2816x196x1x1
ffn_gate-21,kernel_gemm_noshuffle_q4_0_f32,0.075200,0.033500,0.971500,25x704x1,1x128x1,2816x196x1x1
ffn_up-21,kernel_transpose_32_16,0.062000,0.712500,0.081000,512x50x0,1x16x0,2816x196x1x1
ffn_up-21,kernel_gemm_noshuffle_q4_0_f32,0.084800,0.282800,0.970700,25x704x1,1x128x1,2816x196x1x1
ffn_swiglu-21,kernel_swiglu,0.071800,0.832800,0.124700,100352x1x1,512x1x1,2816x196x1x1
ffn_shexp-21,kernel_transpose_32_16,0.078000,0.527700,0.096300,704x50x0,1x16x0,2048x196x1x1
ffn_shexp-21,kernel_gemm_noshuffle_q4_0_f32,0.075600,0.390300,1.050100,25x512x1,1x128x1,2048x196x1x1
ffn_out-21,kernel_add,0.070200,1.192900,0.105300,12544x1x1,64x1x1,2048x196x1x1
l_out-21,kernel_add,0.069600,1.083700,0.104300,12544x1x1,64x1x1,2048x196x1x1
attn_norm-22,kernel_rms_norm_mul,0.077000,0.914400,0.102400,200704x1x1,1024x1x1,2048x196x1x1
q-22,kernel_transpose_32_16,0.050600,0.882600,0.075800,512x50x0,1x16x0,3072x196x1x1
q-22,kernel_gemm_noshuffle_q4_0_f32,0.067600,0.814200,1.038700,25x768x1,1x128x1,3072x196x1x1
q_pe-22,kernel_rope_norm_f32,0.070600,1.614500,0.075800,1024x196x1,64x1x1,64x16x196x1
Qcur-22,kernel_concat_f32,0.082800,1.343100,0.097000,1024x196x1,64x1x1,192x16x196x1
kv_cmpr_pe-22,kernel_transpose_32_16,0.084200,1.017100,0.087700,512x50x0,1x16x0,576x196x1x1
kv_cmpr_pe-22,kernel_gemm_noshuffle_q4_0_f32,0.067800,0.877300,0.468100,25x144x1,1x128x1,576x196x1x1
kv_cmpr-22,kernel_rms_norm_mul,0.068600,1.040700,0.071400,100352x1x1,512x1x1,512x196x1x1
kv-22,kernel_transpose_32_16,0.301400,0.583100,0.053500,128x50x0,1x16x0,4096x196x1x1
kv-22,kernel_gemm_noshuffle_q4_0_f32,0.070000,0.476100,0.366500,25x1024x1,1x128x1,4096x196x1x1
Vcur_cont-22,kernel_cpy_f32_f32,0.127400,0.149700,0.082300,1024x196x1,64x1x1,128x16x196x1
k_pe-22,kernel_rope_norm_f32,0.132800,0.262700,0.049600,64x196x1,64x1x1,64x1x196x1
node_1402,kernel_repeat_f32,0.214800,0.049300,0.069500,1024x196x1,64x1x1,64x16x196x1
Kcur-22,kernel_concat_f32,0.128000,0.235500,0.103500,1024x196x1,64x1x1,192x16x196x1
cache_k_l22 (view),kernel_set_rows_f16_i64,0.435800,0.239500,0.093200,200704x1x1,1024x1x1,3072x4096x1x1
cache_v_l22 (view),kernel_set_rows_f16_i64,0.143400,0.050400,0.083800,200704x1x1,1024x1x1,2048x4096x1x1
node_1414,flash_attn_blk_f16,0.165000,0.128100,0.093500,16x13x1,0x0x0,128x16x196x1
node_1414,flash_attn_f32_f16,0.249800,0.047400,4.696100,208x16x0,16x1x0,128x16x196x1
node_1416,kernel_transpose_32_16,0.139600,4.052600,0.079400,512x50x0,1x16x0,2048x196x1x1
node_1416,kernel_gemm_noshuffle_q4_0_f32,0.140800,3.823200,0.777500,25x512x1,1x128x1,2048x196x1x1
ffn_inp-22,kernel_add,0.137600,3.059400,0.103500,12544x1x1,64x1x1,2048x196x1x1
ffn_norm-22,kernel_rms_norm_mul,0.136600,1.888300,0.102100,200704x1x1,1024x1x1,2048x196x1x1
ffn_moe_logits-22,kernel_mul_mm_f32_f32_l4_lm,0.136400,1.604600,0.515000,128x4x1,128x1x1,64x196x1x1
ffn_moe_probs-22,kernel_soft_max_4,0.187400,1.711300,0.047800,12544x1x1,64x1x1,64x196x1x1
ffn_moe_argsort-22,kernel_argsort_f32_i32,0.173600,0.967800,0.080300,64x196x1,64x1x1,64x196x1x1
ffn_moe_weights-22,kernel_get_rows_f32,0.124200,0.363400,0.053800,6x196x1,1x1x1,1x6x196x1
ffn_moe_out-22,kernel_moe_combine_f32,0.159000,0.256000,0.234400,512x196x0,64x1x0,2048x196x1x1
ffn_gate-22,kernel_transpose_32_16,0.110600,0.043200,0.090300,512x50x0,1x16x0,2816x196x1x1
ffn_gate-22,kernel_gemm_noshuffle_q4_0_f32,0.101800,0.254400,0.973800,25x704x1,1x128x1,2816x196x1x1
ffn_up-22,kernel_transpose_32_16,0.087000,0.722600,0.082100,512x50x0,1x16x0,2816x196x1x1
ffn_up-22,kernel_gemm_noshuffle_q4_0_f32,0.118000,0.127100,0.972700,25x704x1,1x128x1,2816x196x1x1
ffn_swiglu-22,kernel_swiglu,0.157400,0.044200,0.124000,100352x1x1,512x1x1,2816x196x1x1
ffn_shexp-22,kernel_transpose_32_16,0.102800,0.046900,0.095900,704x50x0,1x16x0,2048x196x1x1
ffn_shexp-22,kernel_gemm_noshuffle_q4_0_f32,0.095800,0.051700,1.050900,25x512x1,1x128x1,2048x196x1x1
ffn_out-22,kernel_add,0.126400,0.043100,0.104900,12544x1x1,64x1x1,2048x196x1x1
l_out-22,kernel_add,0.118200,0.163600,0.105200,12544x1x1,64x1x1,2048x196x1x1
attn_norm-23,kernel_rms_norm_mul,0.105000,0.043200,0.101500,200704x1x1,1024x1x1,2048x196x1x1
q-23,kernel_transpose_32_16,0.108200,0.093100,0.077600,512x50x0,1x16x0,3072x196x1x1
q-23,kernel_gemm_noshuffle_q4_0_f32,0.163200,0.045000,1.037800,25x768x1,1x128x1,3072x196x1x1
q_pe-23,kernel_rope_norm_f32,0.090600,0.556300,0.075600,1024x196x1,64x1x1,64x16x196x1
Qcur-23,kernel_concat_f32,0.091200,0.406100,0.096600,1024x196x1,64x1x1,192x16x196x1
kv_cmpr_pe-23,kernel_transpose_32_16,0.074400,0.262600,0.087900,512x50x0,1x16x0,576x196x1x1
kv_cmpr_pe-23,kernel_gemm_noshuffle_q4_0_f32,0.146000,0.043500,0.471200,25x144x1,1x128x1,576x196x1x1
kv_cmpr-23,kernel_rms_norm_mul,0.080000,0.132100,0.073200,100352x1x1,512x1x1,512x196x1x1
kv-23,kernel_transpose_32_16,0.153800,0.042300,0.053100,128x50x0,1x16x0,4096x196x1x1
kv-23,kernel_gemm_noshuffle_q4_0_f32,0.137800,0.046600,0.371600,25x1024x1,1x128x1,4096x196x1x1
Vcur_cont-23,kernel_cpy_f32_f32,0.071200,0.232800,0.081200,1024x196x1,64x1x1,128x16x196x1
k_pe-23,kernel_rope_norm_f32,0.080000,0.097600,0.046600,64x196x1,64x1x1,64x1x196x1
node_1466,kernel_repeat_f32,0.090800,0.128400,0.070400,1024x196x1,64x1x1,64x16x196x1
Kcur-23,kernel_concat_f32,0.159200,0.044000,0.101700,1024x196x1,64x1x1,192x16x196x1
cache_k_l23 (view),kernel_set_rows_f16_i64,0.137600,0.043400,0.088600,200704x1x1,1024x1x1,3072x4096x1x1
cache_v_l23 (view),kernel_set_rows_f16_i64,0.094400,0.044600,0.084700,200704x1x1,1024x1x1,2048x4096x1x1
node_1478,flash_attn_blk_f16,0.086800,0.098500,0.094000,16x13x1,0x0x0,128x16x196x1
node_1478,flash_attn_f32_f16,0.101400,0.045500,4.690300,208x16x0,16x1x0,128x16x196x1
node_1480,kernel_transpose_32_16,0.075600,4.509200,0.078100,512x50x0,1x16x0,2048x196x1x1
node_1480,kernel_gemm_noshuffle_q4_0_f32,0.081600,4.382700,0.777900,25x512x1,1x128x1,2048x196x1x1
ffn_inp-23,kernel_add,0.087600,4.912900,0.104900,12544x1x1,64x1x1,2048x196x1x1
ffn_norm-23,kernel_rms_norm_mul,0.081200,4.808200,0.101800,200704x1x1,1024x1x1,2048x196x1x1
ffn_moe_logits-23,kernel_mul_mm_f32_f32_l4_lm,0.082200,4.629100,0.518700,128x4x1,128x1x1,64x196x1x1
ffn_moe_probs-23,kernel_soft_max_4,0.088400,4.901300,0.048800,12544x1x1,64x1x1,64x196x1x1
ffn_moe_argsort-23,kernel_argsort_f32_i32,0.080800,4.716800,0.080800,64x196x1,64x1x1,64x196x1x1
ffn_moe_weights-23,kernel_get_rows_f32,0.080800,4.498400,0.053600,6x196x1,1x1x1,1x6x196x1
ffn_moe_out-23,kernel_moe_combine_f32,0.054200,0.043000,0.217800,512x196x0,64x1x0,2048x196x1x1
ffn_gate-23,kernel_transpose_32_16,0.049000,0.039700,0.090000,512x50x0,1x16x0,2816x196x1x1
ffn_gate-23,kernel_gemm_noshuffle_q4_0_f32,0.068800,0.041800,0.971300,25x704x1,1x128x1,2816x196x1x1
ffn_up-23,kernel_transpose_32_16,0.082800,0.686500,0.080300,512x50x0,1x16x0,2816x196x1x1
ffn_up-23,kernel_gemm_noshuffle_q4_0_f32,0.053200,0.575600,0.970900,25x704x1,1x128x1,2816x196x1x1
ffn_swiglu-23,kernel_swiglu,0.060000,1.196400,0.123900,100352x1x1,512x1x1,2816x196x1x1
ffn_shexp-23,kernel_transpose_32_16,0.058600,0.470700,0.094600,704x50x0,1x16x0,2048x196x1x1
ffn_shexp-23,kernel_gemm_noshuffle_q4_0_f32,0.074000,0.351400,1.049900,25x512x1,1x128x1,2048x196x1x1
ffn_out-23,kernel_add,0.077000,0.780100,0.104200,12544x1x1,64x1x1,2048x196x1x1
l_out-23,kernel_add,0.078800,0.518400,0.105400,12544x1x1,64x1x1,2048x196x1x1
attn_norm-24,kernel_rms_norm_mul,0.145200,0.175900,0.101200,200704x1x1,1024x1x1,2048x196x1x1
q-24,kernel_transpose_32_16,0.071200,0.039400,0.076900,512x50x0,1x16x0,3072x196x1x1
q-24,kernel_gemm_noshuffle_q4_0_f32,0.132000,0.040400,1.042500,25x768x1,1x128x1,3072x196x1x1
q_pe-24,kernel_rope_norm_f32,0.064000,0.873600,0.075700,1024x196x1,64x1x1,64x16x196x1
Qcur-24,kernel_concat_f32,0.067600,0.779000,0.097200,1024x196x1,64x1x1,192x16x196x1
kv_cmpr_pe-24,kernel_transpose_32_16,0.070600,0.534700,0.087500,512x50x0,1x16x0,576x196x1x1
kv_cmpr_pe-24,kernel_gemm_noshuffle_q4_0_f32,0.072600,0.465200,0.468000,25x144x1,1x128x1,576x196x1x1
kv_cmpr-24,kernel_rms_norm_mul,0.062800,0.277000,0.071400,100352x1x1,512x1x1,512x196x1x1
kv-24,kernel_transpose_32_16,0.060000,0.170400,0.053200,128x50x0,1x16x0,4096x196x1x1
kv-24,kernel_gemm_noshuffle_q4_0_f32,0.141600,0.041600,0.366400,25x1024x1,1x128x1,4096x196x1x1
Vcur_cont-24,kernel_cpy_f32_f32,0.066400,0.036400,0.080700,1024x196x1,64x1x1,128x16x196x1
k_pe-24,kernel_rope_norm_f32,0.134800,0.039600,0.046500,64x196x1,64x1x1,64x1x196x1
node_1530,kernel_repeat_f32,0.081600,0.040300,0.069300,1024x196x1,64x1x1,64x16x196x1
Kcur-24,kernel_concat_f32,0.143800,0.041100,0.100300,1024x196x1,64x1x1,192x16x196x1
cache_k_l24 (view),kernel_set_rows_f16_i64,0.146400,0.048900,0.088300,200704x1x1,1024x1x1,3072x4096x1x1
cache_v_l24 (view),kernel_set_rows_f16_i64,0.173800,0.041700,0.086000,200704x1x1,1024x1x1,2048x4096x1x1
node_1542,flash_attn_blk_f16,0.119600,0.039600,0.091800,16x13x1,0x0x0,128x16x196x1
node_1542,flash_attn_f32_f16,0.111400,0.042700,4.719600,208x16x0,16x1x0,128x16x196x1
node_1544,kernel_transpose_32_16,0.074200,4.586600,0.078100,512x50x0,1x16x0,2048x196x1x1
node_1544,kernel_gemm_noshuffle_q4_0_f32,0.076400,4.515200,0.779500,25x512x1,1x128x1,2048x196x1x1
ffn_inp-24,kernel_add,0.108800,4.313900,0.104900,12544x1x1,64x1x1,2048x196x1x1
ffn_norm-24,kernel_rms_norm_mul,0.095200,3.938600,0.102700,200704x1x1,1024x1x1,2048x196x1x1
ffn_moe_logits-24,kernel_mul_mm_f32_f32_l4_lm,0.088600,3.756900,0.508100,128x4x1,128x1x1,64x196x1x1
ffn_moe_probs-24,kernel_soft_max_4,0.081600,3.943600,0.048000,12544x1x1,64x1x1,64x196x1x1
ffn_moe_argsort-24,kernel_argsort_f32_i32,0.071200,3.839800,0.080200,64x196x1,64x1x1,64x196x1x1
ffn_moe_weights-24,kernel_get_rows_f32,0.073800,3.602700,0.053700,6x196x1,1x1x1,1x6x196x1
ffn_moe_out-24,kernel_moe_combine_f32,0.049600,0.038600,0.229000,512x196x0,64x1x0,2048x196x1x1
ffn_gate-24,kernel_transpose_32_16,0.037000,0.040900,0.089700,512x50x0,1x16x0,2816x196x1x1
ffn_gate-24,kernel_gemm_noshuffle_q4_0_f32,0.062400,0.046300,0.966700,25x704x1,1x128x1,2816x196x1x1
ffn_up-24,kernel_transpose_32_16,0.043400,0.651800,0.081600,512x50x0,1x16x0,2816x196x1x1
ffn_up-24,kernel_gemm_noshuffle_q4_0_f32,0.047800,0.584800,0.971100,25x704x1,1x128x1,2816x196x1x1
ffn_swiglu-24,kernel_swiglu,0.048200,1.354500,0.125200,100352x1x1,512x1x1,2816x196x1x1
ffn_shexp-24,kernel_transpose_32_16,0.042800,1.227400,0.094700,704x50x0,1x16x0,2048x196x1x1
ffn_shexp-24,kernel_gemm_noshuffle_q4_0_f32,0.058200,0.962600,1.047000,25x512x1,1x128x1,2048x196x1x1
ffn_out-24,kernel_add,0.054600,1.612200,0.105500,12544x1x1,64x1x1,2048x196x1x1
l_out-24,kernel_add,0.050000,1.531600,0.104500,12544x1x1,64x1x1,2048x196x1x1
attn_norm-25,kernel_rms_norm_mul,0.052200,1.485400,0.102100,200704x1x1,1024x1x1,2048x196x1x1
q-25,kernel_transpose_32_16,0.034600,1.271700,0.076100,512x50x0,1x16x0,3072x196x1x1
q-25,kernel_gemm_noshuffle_q4_0_f32,0.045000,1.159400,1.037700,25x768x1,1x128x1,3072x196x1x1
q_pe-25,kernel_rope_norm_f32,0.066000,1.886300,0.075600,1024x196x1,64x1x1,64x16x196x1
Qcur-25,kernel_concat_f32,0.048600,1.813200,0.096400,1024x196x1,64x1x1,192x16x196x1
kv_cmpr_pe-25,kernel_transpose_32_16,0.090600,1.705700,0.088200,512x50x0,1x16x0,576x196x1x1
kv_cmpr_pe-25,kernel_gemm_noshuffle_q4_0_f32,0.050000,1.655600,0.466700,25x144x1,1x128x1,576x196x1x1
kv_cmpr-25,kernel_rms_norm_mul,0.070200,1.800300,0.071400,100352x1x1,512x1x1,512x196x1x1
kv-25,kernel_transpose_32_16,0.041200,1.733400,0.053100,128x50x0,1x16x0,4096x196x1x1
kv-25,kernel_gemm_noshuffle_q4_0_f32,0.045000,1.607900,0.367200,25x1024x1,1x128x1,4096x196x1x1
Vcur_cont-25,kernel_cpy_f32_f32,0.046600,1.658500,0.081700,1024x196x1,64x1x1,128x16x196x1
k_pe-25,kernel_rope_norm_f32,0.045000,1.592700,0.046900,64x196x1,64x1x1,64x1x196x1
node_1594,kernel_repeat_f32,0.051200,1.465800,0.069900,1024x196x1,64x1x1,64x16x196x1
Kcur-25,kernel_concat_f32,0.053400,1.350700,0.101800,1024x196x1,64x1x1,192x16x196x1
cache_k_l25 (view),kernel_set_rows_f16_i64,0.042800,1.247000,0.089100,200704x1x1,1024x1x1,3072x4096x1x1
cache_v_l25 (view),kernel_set_rows_f16_i64,0.042600,1.229600,0.085200,200704x1x1,1024x1x1,2048x4096x1x1
node_1606,flash_attn_blk_f16,0.049800,1.004000,0.091900,16x13x1,0x0x0,128x16x196x1
node_1606,flash_attn_f32_f16,0.049600,0.939400,4.708800,208x16x0,16x1x0,128x16x196x1
node_1608,kernel_transpose_32_16,0.047800,5.515400,0.078700,512x50x0,1x16x0,2048x196x1x1
node_1608,kernel_gemm_noshuffle_q4_0_f32,0.047400,5.493100,0.776500,25x512x1,1x128x1,2048x196x1x1
ffn_inp-25,kernel_add,0.063800,6.006600,0.103800,12544x1x1,64x1x1,2048x196x1x1
ffn_norm-25,kernel_rms_norm_mul,0.055000,5.894300,0.101700,200704x1x1,1024x1x1,2048x196x1x1
ffn_moe_logits-25,kernel_mul_mm_f32_f32_l4_lm,0.057600,5.837300,0.510800,128x4x1,128x1x1,64x196x1x1
ffn_moe_probs-25,kernel_soft_max_4,0.054800,6.245100,0.048400,12544x1x1,64x1x1,64x196x1x1
ffn_moe_argsort-25,kernel_argsort_f32_i32,0.057200,6.187200,0.080400,64x196x1,64x1x1,64x196x1x1
ffn_moe_weights-25,kernel_get_rows_f32,0.056000,6.125400,0.053600,6x196x1,1x1x1,1x6x196x1
ffn_moe_out-25,kernel_moe_combine_f32,0.121200,0.041300,0.211000,512x196x0,64x1x0,2048x196x1x1
ffn_gate-25,kernel_transpose_32_16,0.130200,0.041000,0.088700,512x50x0,1x16x0,2816x196x1x1
ffn_gate-25,kernel_gemm_noshuffle_q4_0_f32,0.219200,0.041000,0.969000,25x704x1,1x128x1,2816x196x1x1
ffn_up-25,kernel_transpose_32_16,0.070400,0.652800,0.081400,512x50x0,1x16x0,2816x196x1x1
ffn_up-25,kernel_gemm_noshuffle_q4_0_f32,0.080200,0.523300,0.971300,25x704x1,1x128x1,2816x196x1x1
ffn_swiglu-25,kernel_swiglu,0.082000,1.167800,0.124400,100352x1x1,512x1x1,2816x196x1x1
ffn_shexp-25,kernel_transpose_32_16,0.062000,0.922600,0.093800,704x50x0,1x16x0,2048x196x1x1
ffn_shexp-25,kernel_gemm_noshuffle_q4_0_f32,0.075400,0.239800,1.051700,25x512x1,1x128x1,2048x196x1x1
ffn_out-25,kernel_add,0.073600,0.869600,0.103100,12544x1x1,64x1x1,2048x196x1x1
l_out-25,kernel_add,0.077400,0.591900,0.102800,12544x1x1,64x1x1,2048x196x1x1
attn_norm-26,kernel_rms_norm_mul,0.078200,0.365600,0.101100,200704x1x1,1024x1x1,2048x196x1x1
q-26,kernel_transpose_32_16,0.069800,0.180700,0.078100,512x50x0,1x16x0,3072x196x1x1
q-26,kernel_gemm_noshuffle_q4_0_f32,0.074200,0.103800,1.037000,25x768x1,1x128x1,3072x196x1x1
q_pe-26,kernel_rope_norm_f32,0.072000,0.791400,0.075700,1024x196x1,64x1x1,64x16x196x1
Qcur-26,kernel_concat_f32,0.074800,0.657200,0.096200,1024x196x1,64x1x1,192x16x196x1
kv_cmpr_pe-26,kernel_transpose_32_16,0.068200,0.240200,0.086800,512x50x0,1x16x0,576x196x1x1
kv_cmpr_pe-26,kernel_gemm_noshuffle_q4_0_f32,0.083600,0.043700,0.470700,25x144x1,1x128x1,576x196x1x1
kv_cmpr-26,kernel_rms_norm_mul,0.091400,0.159600,0.071500,100352x1x1,512x1x1,512x196x1x1
kv-26,kernel_transpose_32_16,0.102200,0.055300,0.053200,128x50x0,1x16x0,4096x196x1x1
kv-26,kernel_gemm_noshuffle_q4_0_f32,0.149800,0.043500,0.366100,25x1024x1,1x128x1,4096x196x1x1
Vcur_cont-26,kernel_cpy_f32_f32,0.118200,0.051600,0.081100,1024x196x1,64x1x1,128x16x196x1
k_pe-26,kernel_rope_norm_f32,0.087400,0.042500,0.046700,64x196x1,64x1x1,64x1x196x1
node_1658,kernel_repeat_f32,0.070000,0.042100,0.069400,1024x196x1,64x1x1,64x16x196x1
Kcur-26,kernel_concat_f32,0.063600,0.136500,0.102800,1024x196x1,64x1x1,192x16x196x1
cache_k_l26 (view),kernel_set_rows_f16_i64,0.063000,0.040800,0.089100,200704x1x1,1024x1x1,3072x4096x1x1
cache_v_l26 (view),kernel_set_rows_f16_i64,0.084000,0.040900,0.085100,200704x1x1,1024x1x1,2048x4096x1x1
node_1670,flash_attn_blk_f16,0.120400,0.044900,0.092100,16x13x1,0x0x0,128x16x196x1
node_1670,flash_attn_f32_f16,0.140800,0.058800,4.738300,208x16x0,16x1x0,128x16x196x1
node_1672,kernel_transpose_32_16,0.056800,4.370400,0.078200,512x50x0,1x16x0,2048x196x1x1
node_1672,kernel_gemm_noshuffle_q4_0_f32,0.057800,4.250600,0.779100,25x512x1,1x128x1,2048x196x1x1
node_1673,kernel_get_rows_f32,0.055400,4.677400,0.046200,1024x1x1,1024x1x1,2048x1x1x1
node_1674,kernel_get_rows_f32,0.056600,4.563600,0.046400,1024x1x1,1024x1x1,2048x1x1x1
ffn_inp-26,kernel_add_row,0.075000,4.192700,0.044800,512x0x0,64x0x0,2048x1x1x1
ffn_norm-26,kernel_rms_norm_mul,0.060600,3.350300,0.047600,1024x1x1,1024x1x1,2048x1x1x1
ffn_moe_logits-26,kernel_mul_mat_f32_f32,0.056400,3.144100,0.053000,4096x1x1,64x1x1,64x1x1x1
ffn_moe_probs-26,kernel_soft_max_4,0.089000,0.238400,0.047000,64x1x1,64x1x1,64x1x1x1
ffn_moe_argsort-26,kernel_argsort_f32_i32,0.078000,0.040000,0.054400,64x1x1,64x1x1,64x1x1x1
ffn_moe_weights-26,kernel_get_rows_f32,0.047800,0.040300,0.044900,6x1x1,1x1x1,1x6x1x1
ffn_moe_out-26,kernel_moe_combine_f32,0.062400,0.041000,0.045600,512x1x0,64x1x0,2048x1x1x1
ffn_gate-26,kernel_gemv_noshuffle_q4_0_f32,0.063600,0.040500,0.100600,1408x4x1,64x4x1,2816x1x1x1
ffn_up-26,kernel_gemv_noshuffle_q4_0_f32,0.085000,0.078700,0.094800,1408x4x1,64x4x1,2816x1x1x1
ffn_swiglu-26,kernel_swiglu,0.065600,0.040100,0.045800,512x1x1,512x1x1,2816x1x1x1
ffn_shexp-26,kernel_gemv_noshuffle_q4_0_f32,0.066200,0.040500,0.098600,1024x4x1,64x4x1,2048x1x1x1
ffn_out-26,kernel_add_row,0.131600,0.054100,0.044500,512x0x0,64x0x0,2048x1x1x1
l_out-26,kernel_add_row,0.181000,0.041500,0.044100,512x0x0,64x0x0,2048x1x1x1
result_norm,kernel_rms_norm_mul,0.779600,0.324500,0.051000,1024x1x1,1024x1x1,2048x1x1x1
result_output,kernel_mul_mv_q6_K_f32_flat,0.155200,0.043400,4.469200,204800x2x1,64x2x1,102400x1x1x1
